use master;
drop database if exists [Example];


create database Example;
use Example;


DROP TABLE IF EXISTS [addresses];
/* SQLINES DEMO *** cs_client     = @@character_set_client */;
/* SQLINES DEMO *** er_set_client = utf8 */;
CREATE TABLE addresses (
  [address_id] int DEFAULT NULL,
  [street_address] varchar(255) DEFAULT NULL,
  [street_number] varchar(255) DEFAULT NULL,
  [street_name] varchar(255) DEFAULT NULL,
  [city] varchar(255) DEFAULT NULL,
  [province] varchar(255) DEFAULT NULL,
  [country] varchar(255) DEFAULT NULL,
  [postal_code] varchar(255) DEFAULT NULL,
  [latitude] varchar(255) DEFAULT NULL,
  [longitude] varchar(255) DEFAULT NULL
) ;





INSERT INTO addresses VALUES 
(1,'51 Dayton Center','5','Graedel','Dieppe','New Brunswick','Canada','E1A','46.0952765','-64.7486638'),
(2,'87 Talmadge Junction','9436','Katie','Bay Roberts','Newfoundland and Labrador','Canada','V3B','47.59989','-53.26478'),
(3,'1540 Spenser Alley','72825','Birchwood','Montréal','Québec','Canada','H5B','45.5080397','-73.564543'),
(4,'2 Atwood Place','1299','Granby','Montague','Prince Edward Island','Canada','C0A','46.1650664','-62.6480207'),
(5,'51 Crowley Crossing','2','Corben','Hope','British Columbia','Canada','V7R','49.38299','-121.44144'),
(6,'6 Mendota Center','3','Park Meadow','Oka','Québec','Canada','J0N','45.4651444','-74.0798679'),
(7,'834 3rd Road','6287','Farmco','Espanola','Ontario','Canada','P5E','46.2657181','-81.771057'),
(8,'45455 Summerview Pass','7','Laurel','Athabasca','Alberta','Canada','T9S','54.7214094','-113.2861822'),
(9,'36 Spaight Plaza','0760','spohn','Albanel','Québec','Canada','G8M','48.882433','-72.4404412'),
(10,'67391 Mayfield Drive','58829','Elgar','sussex','New Brunswick','Canada','E4E','45.7236192','-65.5108761'),
(11,'02154 Corben Pass','0245','Trailsway','Ottawa','Ontario','Canada','J8Y','45.4518103','-75.738755'),
(12,'95 Lien Avenue','04692','Carioca','Collingwood','Ontario','Canada','L9Y','44.5007687','-80.2169047'),
(13,'541 Forest Dale Junction','98','Roth','Martensville','saskatchewan','Canada','L3R','52.28339','-106.66792'),
(14,'32278 Stoughton Road','279','Ludington','Kirkland Lake','Ontario','Canada','P2N','48.1510123','-80.0330343'),
(15,'4 Dwight Crossing','587','Norway Maple','Bassano','Alberta','Canada','M5G','50.78342','-112.46854'),
(16,'7 Anthes Circle','1504','Bay','Kamsack','saskatchewan','Canada','R2J','51.56668','-101.90093'),
(17,'834 Bashford Point','922','Lake View','Nanton','Alberta','Canada','L5M','50.35008','-113.76866'),
(18,'2954 Moose Court','49831','Union','Hanover','Ontario','Canada','N4N','44.1498975','-81.0202533'),
(19,'59207 Daystar Center','63','Fisk','Gibsons','British Columbia','Canada','L6R','43.6813726','-79.7761974'),
(20,'06587 Banding Avenue','46','Johnson','sylvan Lake','Alberta','Canada','T4S','52.3076201','-114.0979947'),
(21,'77 Blaine Road','22402','American','Baie-Saint-Paul','Québec','Canada','G3Z','47.4376347','-70.5082419'),
(22,'1 Vahlen Parkway','149','Havey','sherwood Park','Alberta','Canada','T8A','53.5412083','-113.2957365'),
(23,'8 Kinsman Plaza','3','American Ash','Vulcan','Alberta','Canada','V6M','50.40008','-113.25189'),
(24,'446 Mockingbird Circle','374','7th','Vegreville','Alberta','Canada','T9C','53.495408','-112.0538628'),
(25,'574 Mendota Road','28388','Crescent Oaks','Melville','saskatchewan','Canada','s7W','50.91671','-102.80099'),
(26,'42481 Aberg Street','953','Weeping Birch','Cowansville','Québec','Canada','J2K','45.2114093','-72.7399622'),
(27,'49 Westport Point','05973','Bluejay','strathmore','Alberta','Canada','T1P','51.0376583','-113.3992725'),
(28,'7003 Larry Crossing','352','Hallows','Baie-Comeau','Québec','Canada','K1M','49.2211865','-68.1518275'),
(29,'78 Waxwing Place','9356','scott','Owen Sound','Ontario','Canada','N4K','44.57629','-80.9206653'),
(30,'452 South Circle','174','Fuller','Hanover','Ontario','Canada','N4N','44.1498975','-81.0202533'),
(31,'273 Judy Point','41','Hermina','sarnia','Ontario','Canada','N7V','42.9946912','-82.394'),
(32,'9 Sycamore Avenue','220','New Castle','Owen Sound','Ontario','Canada','N4K','44.57629','-80.9206653'),
(33,'5 Lakewood Gardens Pass','67','Buhler','sydney Mines','Nova Scotia','Canada','B1V','46.2475531','-60.2362743'),
(34,'70629 Calypso Way','2','Golf View','Metchosin','British Columbia','Canada','V9C','48.382005','-123.53785'),
(35,'9 Ryan Crossing','3697','Main','Coaldale','Alberta','Canada','T1M','49.7154966','-112.6338496'),
(36,'27 Fallview Point','856','Rockefeller','Vanderhoof','British Columbia','Canada','G9A','54.01657','-124.01982'),
(37,'54 Harbort Hill','6','Thierer','Maple Ridge','British Columbia','Canada','V2X','49.2227573','-122.6175451'),
(38,'5 Jenifer Pass','963','Texas','Hanna','Alberta','Canada','T6L','51.63343','-111.90181'),
(39,'91505 David Lane','011','Kingsford','Toronto','Ontario','Canada','M7A','43.6623015','-79.3894938'),
(40,'5 Kingsford Road','33','Kennedy','Ingersoll','Ontario','Canada','N5C','43.0370523','-80.8810794'),
(41,'669 Oxford Junction','164','sunnyside','Brampton','Ontario','Canada','L7A','43.691162','-79.8408787'),
(42,'08431 Golf View Circle','9193','Towne','saint-Bruno','Québec','Canada','J3V','45.5257774','-73.3436918'),
(43,'61504 Colorado Hill','1','Truax','Mascouche','Québec','Canada','J6W','45.7055658','-73.6072341'),
(44,'096 Bobwhite Pass','0581','Pleasure','Vegreville','Alberta','Canada','T9C','53.495408','-112.0538628'),
(45,'9484 Waubesa Plaza','96008','Bayside','Bassano','Alberta','Canada','M5G','50.78342','-112.46854'),
(46,'70654 Hanover Avenue','5678','Kings','Morris','Manitoba','Canada','H8P','49.35499','-97.36567'),
(47,'3502 New Castle Circle','2775','Old Shore','Midland','Ontario','Canada','L4R','44.7515479','-79.8779499'),
(48,'33 Northport Street','66','Clarendon','Crossfield','Alberta','Canada','B0N','51.43341','-114.03528'),
(49,'21 La Follette Trail','6','Fisk','Gibbons','Alberta','Canada','M1E','53.83345','-113.33531'),
(50,'1 Boyd Circle','55','Rockefeller','Bouctouche','Nouveau-Brunswick','Canada','E4S','46.4722761','-64.7242645'),
(51,'56829 Sutherland Court','0778','Harper','saint-Constant','Québec','Canada','J5A','45.3770527','-73.579509'),
(52,'75404 Paget Court','62','Carberry','Mont-Royal','Québec','Canada','H5B','45.5080397','-73.564543'),
(53,'4611 Ilene Street','4','Anthes','Fort Macleod','Alberta','Canada','V6S','49.71671','-113.41857'),
(54,'02217 Sugar Court','6698','Florence','Campbellton','New Brunswick','Canada','E3N','48.007399','-66.6722057'),
(55,'444 Lighthouse Bay Drive','454','Birchwood','Parry Sound','Ontario','Canada','P2A','45.3483509','-80.0175734'),
(56,'6977 Havey Point','07124','Oneill','Matagami','Québec','Canada','N2M','49.75018','-77.63277'),
(57,'1 La Follette Road','822','Randy','Bécancour','Québec','Canada','G9H','46.4005111','-72.2690204'),
(58,'7423 Springs Way','5126','Banding','Asbestos','Québec','Canada','J1T','45.7784442','-71.9229466'),
(59,'2 Eagan Street','83','Maryland','Kensington','Prince Edward Island','Canada','s7K','52.125546','-106.6611689'),
(60,'389 School Crossing','3715','sherman','Dollard-Des Ormeaux','Québec','Canada','H9P','45.470831','-73.7747742'),
(61,'2552 Hoepker Alley','0527','Bartillon','Mississauga','Ontario','Canada','L5W','43.6368159','-79.7119419'),
(62,'4448 Kim Plaza','79','Ruskin','Harbour Breton','Newfoundland and Labrador','Canada','M4N','47.48325','-55.79833'),
(63,'7022 Veith Drive','11','Muir','Lamont','Alberta','Canada','N2E','53.76686','-112.80195'),
(64,'2677 Vermont Road','77392','Merrick','Moncton','New Brunswick','Canada','E1C','46.1055153','-64.8115713'),
(65,'5 Hoard Alley','6481','Hallows','sarnia','Ontario','Canada','N7V','42.9946912','-82.394'),
(66,'39 Pierstorff Circle','838','Valley Edge','Inuvik','Northwest Territories','Canada','E8L','68.34986','-133.72181'),
(67,'854 Coolidge Park','56547','Brickson Park','saint-Ambroise','Québec','Canada','G7P','48.5556837','-71.3205493'),
(68,'785 Heath Drive','5','Texas','Atikokan','Ontario','Canada','K1Y','48.75667','-91.62409'),
(69,'4 Bonner Junction','8716','Fieldstone','Melita','Manitoba','Canada','M5L','49.26811','-100.99669'),
(70,'24 Luster Center','98329','Bellgrove','Montague','Prince Edward Island','Canada','C0A','46.1650664','-62.6480207'),
(71,'92432 Fair Oaks Way','76145','Kingsford','Rayside-Balfour','Ontario','Canada','G9T','46.60873','-81.20763'),
(72,'0728 Michigan Avenue','6','Ramsey','Bassano','Alberta','Canada','M5G','50.78342','-112.46854'),
(73,'00 Scott Center','8198','Dryden','Hudson','Québec','Canada','J0N','45.4585439','-74.1406654'),
(74,'2 Badeau Lane','81','sundown','saint-Joseph-de-Coleraine','Québec','Canada','N2E','45.96677','-71.36577'),
(75,'28 Buell Junction','01','springs','Nanton','Alberta','Canada','L5M','50.35008','-113.76866'),
(76,'508 Maple Place','2775','Golf Course','stratford','Ontario','Canada','C1B','46.215926','-63.0886099'),
(77,'212 Dixon Avenue','98566','Lindbergh','Alma','Québec','Canada','N6J','48.55009','-71.6491'),
(78,'583 Lighthouse Bay Street','288','Kropf','Pemberton','British Columbia','Canada','E1W','50.31641','-122.80273'),
(79,'3 Crownhardt Plaza','7','Express','Orangeville','Ontario','Canada','T1J','43.9168','-80.09967'),
(80,'36 Marcy Center','4','Holmberg','Banff','Alberta','Canada','T1L','51.1845319','-115.572212'),
(81,'173 Schlimgen Crossing','35182','Moose','stony Plain','Alberta','Canada','T7Z','53.5279314','-114.001928'),
(82,'933 Graceland Avenue','08','Magdeline','Parrsboro','Nova Scotia','Canada','L2A','45.40015','-64.33205'),
(83,'18 Vermont Crossing','72613','Anhalt','Bécancour','Québec','Canada','G9H','46.4005111','-72.2690204'),
(84,'088 Prairie Rose Trail','17808','Riverside','Roblin','Manitoba','Canada','R7N','51.22999','-101.3565'),
(85,'49504 Stang Plaza','778','Coleman','Catalina','Newfoundland and Labrador','Canada','B2V','48.51659','-53.08135'),
(86,'4209 Morning Way','94','Maryland','Montréal-Est','Québec','Canada','J4N','45.5417415','-73.471152'),
(87,'9 Lighthouse Bay Point','0','Corscot','Albanel','Québec','Canada','G8M','48.882433','-72.4404412'),
(88,'1 Randy Way','5981','Menomonie','Napierville','Québec','Canada','M2N','45.18648','-73.40468'),
(89,'677 Rigney Parkway','45651','Warbler','White City','saskatchewan','Canada','P0W','50.444953','-104.3624353'),
(90,'04 Warbler Alley','7','Monterey','Ajax','Ontario','Canada','L1Z','43.8732498','-79.002342'),
(91,'4 Sundown Alley','1580','superior','Marieville','Québec','Canada','J3M','45.4347317','-73.1728734'),
(92,'649 Pearson Point','2478','Karstens','Albanel','Québec','Canada','G8M','48.882433','-72.4404412'),
(93,'3 Bluejay Plaza','40','Debra','Viking','Alberta','Canada','E4G','53.10014','-111.76844'),
(94,'4 Clemons Pass','8952','Ridgeview','saint John','New Brunswick','Canada','E2L','45.271697','-66.0549467'),
(95,'2659 Sauthoff Hill','24524','Arkansas','Niverville','Manitoba','Canada','T5G','49.60559','-97.04234'),
(96,'77 Upham Hill','434','southridge','Laval','Québec','Canada','H7S','45.5734042','-73.7316825'),
(97,'33 Jenna Pass','825','Clarendon','Pincher Creek','Alberta','Canada','J0J','49.495739','-113.9428983'),
(98,'0648 Clove Hill','6875','steensland','Bridgewater','Nova Scotia','Canada','B4V','44.3710708','-64.5210039'),
(99,'8059 Center Road','2659','Hovde','Beausejour','Manitoba','Canada','M1C','50.0622','-96.51669'),
(100,'4363 Gateway Street','606','Westport','Longueuil','Québec','Canada','J4W','45.4693392','-73.4848038'),
(101,'96 Sundown Drive','905','Artisan','Trois-Rivières','Québec','Canada','L8J','46.34515','-72.5477'),
(102,'324 Hermina Drive','2','Evergreen','Vaughan','Ontario','Canada','M3N','43.7616313','-79.5209994')
,(103,'2739 Utah Center','7171','summit','Trail','British Columbia','Canada','V1R','49.0965676','-117.71173')
,(104,'91113 Logan Center','39442','Coolidge','Lorraine','Québec','Canada','J7B','45.6628665','-73.8134978')
,(105,'6215 Oakridge Parkway','2062','Claremont','Vegreville','Alberta','Canada','T9C','53.495408','-112.0538628')
,(106,'35853 Summer Ridge Center','1731','Gina','Magog','Québec','Canada','J1X','45.2879358','-72.1547927'),
(107,'1956 Forest Dale Road','2','Lien','summerland','British Columbia','Canada','H1V','49.59977','-119.66911'),
(108,'98 Goodland Circle','1483','Eastlawn','Innisfil','Ontario','Canada','L9S','44.3417656','-79.542666'),
(109,'67481 Elmside Point','142','Towne','Charlemagne','Québec','Canada','J6V','45.7249153','-73.4913241'),
(110,'76 Anzinger Street','4414','Chinook','Prince Rupert','British Columbia','Canada','V8J','54.311687','-130.3293111')
,(111,'76080 Logan Terrace','2312','Oriole','Digby','Nova Scotia','Canada','N3Y','44.61685','-65.76555'),
(112,'583 Rieder Point','4','Jenna','Gibsons','British Columbia','Canada','L6R','43.6813726','-79.7761974'),
(113,'7708 Calypso Parkway','99','Bellgrove','Owen Sound','Ontario','Canada','N4K','44.57629','-80.9206653'),
(114,'44 Sycamore Hill','7','Thompson','Niverville','Manitoba','Canada','T5G','49.60559','-97.04234'),
(115,'82 Hoard Center','25','4th','strathmore','Alberta','Canada','T1P','51.0376583','-113.3992725'),
(116,'0728 Bluestem Hill','50144','Valley Edge','Athabasca','Alberta','Canada','T9S','54.7214094','-113.2861822'),
(117,'2 Vernon Court','27037','Oak Valley','Lewisporte','Newfoundland and Labrador','Canada','M2K','49.24993','-55.04816'),
(118,'85 Ramsey Place','396','schiller','Clarence-Rockland','Ontario','Canada','K4K','45.5483729','-75.2916118'),
(119,'1 Union Lane','30','Harper','Richmond','Québec','Canada','V6Z','49.2725714','-123.1207968')
,(120,'2 Hanover Circle','4','Carioca','Toronto','Ontario','Canada','M7A','43.6623015','-79.3894938'),
(121,'90 Village Green Pass','16908','Dahle','Winnipeg','Manitoba','Canada','R3L','49.8634627','-97.1373403'),
(122,'2291 Anniversary Alley','1','Fairfield','Oka','Québec','Canada','J0N','45.4651444','-74.0798679'),
(123,'2413 Bluejay Junction','1','Fordem','Taber','Alberta','Canada','T1G','49.7859606','-112.1496533'),
(124,'671 Wayridge Circle','6','Onsgard','Deep River','Ontario','Canada','M4J','46.0972432','-77.494026'),
(125,'2898 Miller Circle','28526','Dawn','saint-Joseph-de-Coleraine','Québec','Canada','N2E','45.96677','-71.36577')
,(126,'7945 Sugar Trail','155','Delladonna','Mercier','Québec','Canada','J6R','45.3204459','-73.7525458'),
(127,'0 Canary Center','6812','Jackson','Lac La Biche','Alberta','Canada','E1W','54.7669','-111.96861'),
(128,'17589 Evergreen Road','589','Melody','Grande Prairie','Alberta','Canada','R3J','55.16667','-118.80271'),
(129,'3433 Kim Pass','980','Eliot','Lac du Bonnet','Manitoba','Canada','H4S','50.2536','-96.06116'),
(130,'8057 Lawn Plaza','89','Texas','strathmore','Alberta','Canada','T1P','51.0376583','-113.3992725'),
(131,'8781 Hoepker Lane','392','Fremont','Notre-Dame-des-Prairies','Québec','Canada','K6V','46.05007','-73.43245'),
(132,'04 Maryland Park','50844','Alpine','sicamous','British Columbia','Canada','G2L','50.83312','-118.98565'),
(133,'68 Mayer Street','8','Kennedy','Two Hills','Alberta','Canada','J9H','53.7131425','-111.743338'),
(134,'0 Kim Junction','442','Buena Vista','stony Plain','Alberta','Canada','T7Z','53.5279314','-114.001928'),
(135,'4 Hovde Crossing','9','Nelson','Merritt','British Columbia','Canada','V1K','50.1113079','-120.7862222'),
(136,'758 Namekagon Place','23','Kedzie','Carleton-sur-Mer','Québec','Canada','P0T','48.0999989','-66.0999999'),
(137,'916 Upham Court','262','Mosinee','stettler','Alberta','Canada','G8J','52.31683','-112.71861'),
(138,'1629 Carpenter Court','90362','Michigan','sherbrooke','Québec','Canada','J1K','45.3859182','-71.936914'),
(139,'655 Mallory Terrace','796','Esch','Cowansville','Québec','Canada','J2K','45.2114093','-72.7399622')
,(140,'93519 Summer Ridge Parkway','2','Rowland','Lac-Brome','Québec','Canada','L9G','45.21678','-72.51581'),
(141,'82371 Cottonwood Center','47398','Menomonie','sussex','New Brunswick','Canada','E4E','45.7236192','-65.5108761')
,(142,'7532 Anniversary Pass','222','Havey','Lillooet','British Columbia','Canada','H9G','50.6856','-121.942'),
(143,'1 Vidon Avenue','2','Corscot','Nackawic','New Brunswick','Canada','E6G','45.9891389','-67.2412221'),
(144,'8 Express Parkway','3151','Packers','Petrolia','Ontario','Canada','N0N','42.8818379','-82.1444338'),
(145,'430 Fairfield Junction','24','Forest Run','Innisfil','Ontario','Canada','L9S','44.3417656','-79.542666'),
(146,'2 Stang Place','2690','Thackeray','Burns Lake','British Columbia','Canada','M4H','54.2331','-125.7533'),
(147,'08 Center Road','5','Village','Bassano','Alberta','Canada','M5G','50.78342','-112.46854'),
(148,'7 Magdeline Center','5','Union','Miramichi','New Brunswick','Canada','L7G','47.02895','-65.50186'),
(149,'4 Center Lane','9','schlimgen','Lac-Brome','Québec','Canada','L9G','45.21678','-72.51581'),
(150,'046 Dwight Lane','4','Buell','Miramichi','New Brunswick','Canada','L7G','47.02895','-65.50186'),
(151,'72433 Hovde Court','456','Miller','Malartic','Québec','Canada','X0G','48.13348','-78.13283'),
(152,'808 Maple Court','0739','Elmside','Meadow Lake','saskatchewan','Canada','s9X','54.1212091','-108.4295552')
,(153,'8445 La Follette Circle','048','sage','Parry Sound','Ontario','Canada','P2A','45.3483509','-80.0175734'),
(154,'95 Northridge Drive','552','Forest Dale','Bells Corners','Ontario','Canada','K2R','45.310056','-75.8292031')
,(155,'9791 Vahlen Parkway','09619','Fieldstone','Bells Corners','Ontario','Canada','K2R','45.310056','-75.8292031')
,(156,'4 Hovde Drive','737','Eliot','Thetford-Mines','Québec','Canada','G6G','46.1098585','-71.2983257'),
(157,'7 Sycamore Junction','98887','Ohio','Two Hills','Alberta','Canada','J9H','53.7131425','-111.743338'),
(158,'24535 Colorado Point','198','Kings','West End','British Columbia','Canada','V7Y','49.2867869','-123.130627')
,(159,'310 Scofield Trail','30','Eagle Crest','North Saanich','British Columbia','Canada','K6A','48.6197483','-123.4169098'),
(160,'13448 Beilfuss Lane','4','south','Olds','Alberta','Canada','T4H','51.7920135','-114.105279'),
(161,'3 Tennyson Way','0454','Westridge','Wingham','Ontario','Canada','T5K','43.88793','-81.31145'),
(162,'62950 Moose Drive','0997','Commercial','Harbour Breton','Newfoundland and Labrador','Canada','M4N','47.48325','-55.79833'),
(163,'652 Vahlen Terrace','712','sachtjen','Asbestos','Québec','Canada','J1T','45.7784442','-71.9229466'),
(164,'2818 Stephen Crossing','80492','Arizona','La Tuque','Québec','Canada','G9X','47.4175416','-72.7840882'),
(165,'8512 Ridge Oak Road','5','Charing Cross','Beauharnois','Québec','Canada','J6N','45.3044566','-73.8746233'),
(166,'56696 Forest Parkway','416','Gina','Kingston','Ontario','Canada','E5S','45.4136084','-66.0783767'),
(167,'437 Toban Lane','7','Dottie','Gibbons','Alberta','Canada','M1E','53.83345','-113.33531'),
(168,'01 Messerschmidt Court','1','Warrior','Fort Erie','Ontario','Canada','L2A','42.9038743','-78.9344814'),
(169,'866 School Trail','7840','Crescent Oaks','Coquitlam','British Columbia','Canada','V3B','49.2815819','-122.7535881'),
(170,'04791 Linden Junction','412','Lawn','Nelson','British Columbia','Canada','V1L','49.4928119','-117.2948343')
,(171,'3716 Stoughton Point','710','Continental','Magog','Québec','Canada','J1X','45.2879358','-72.1547927'),
(172,'09331 Troy Plaza','868','sunbrook','Powassan','Ontario','Canada','E3G','46.0334','-79.34961'),
(173,'3960 Vernon Court','90657','Nobel','sainte-Marthe-sur-le-Lac','Québec','Canada','H9K','45.4574274','-73.9157063'),
(174,'5534 Jenifer Center','75','Fair Oaks','Chambly','Québec','Canada','J3L','45.4399116','-73.2875277')
,(175,'18 Prairie Rose Hill','05902','Buena Vista','New Glasgow','Nova Scotia','Canada','B2H','45.5913301','-62.6451102'),
(176,'001 Oak Valley Place','37','Fremont','Canmore','Alberta','Canada','T1W','51.0935791','-115.3508611'),
(177,'136 Roth Hill','23700','summer Ridge','swan Hills','Alberta','Canada','L2T','54.71681','-115.40226'),
(178,'746 Russell Avenue','8','Anniversary','Agassiz','British Columbia','Canada','B2E','49.2389409','-121.7658827'),
(179,'057 Crownhardt Drive','00','Thierer','Les Coteaux','Québec','Canada','J7X','45.2645197','-74.2176156'),(180,'4 Debra Point','220','Doe Crossing','Lumby','British Columbia','Canada','P7L','50.24979','-118.96904'),(181,'98 Sunnyside Parkway','5685','Morning','Innisfil','Ontario','Canada','L9S','44.3417656','-79.542666'),(182,'6686 Almo Trail','055','Pine View','Angus','Ontario','Canada','J8Y','44.31681','-79.88295'),(183,'7 Anhalt Point','20851','Cardinal','Alma','Québec','Canada','N6J','48.55009','-71.6491'),(184,'624 Trailsway Avenue','9923','Bunting','Lanigan','saskatchewan','Canada','J7A','51.85006','-105.03443'),(185,'331 Toban Crossing','93','Manufacturers','summerside','Prince Edward Island','Canada','C1N','46.4027492','-63.7716391'),(186,'17388 Hermina Center','2','Cascade','Olds','Alberta','Canada','T4H','51.7920135','-114.105279'),(187,'1503 Melrose Place','728','Bluestem','Hearst','Ontario','Canada','s4A','49.68351','-83.66654'),(188,'6 Merchant Place','77813','Utah','Bromont','Québec','Canada','J2L','45.3151096','-72.661835'),(189,'854 Amoth Junction','4436','Eastlawn','Rayside-Balfour','Ontario','Canada','G9T','46.60873','-81.20763'),(190,'96683 Bartelt Court','863','Fairview','Chilliwack','British Columbia','Canada','N5L','49.16638','-121.95257'),(191,'2883 Fallview Park','9394','shelley','Nelson','British Columbia','Canada','V1L','49.4928119','-117.2948343'),(192,'28 Main Way','7491','Mesta','High Prairie','Alberta','Canada','L8N','55.4334','-116.4858'),(193,'280 Namekagon Place','5','Dapin','Lunenburg','Nova Scotia','Canada','M9L','44.38345','-64.31545'),(194,'792 Mandrake Point','931','Maple Wood','Altona','Manitoba','Canada','K1W','49.10469','-97.55961'),(195,'60753 Sherman Crossing','83','Bultman','Moncton','New Brunswick','Canada','E1C','46.1055153','-64.8115713'),(196,'25 Muir Point','32','Crest Line','Richmond','Québec','Canada','V6Z','49.2725714','-123.1207968'),(197,'753 Bobwhite Center','44437','Merchant','sarnia','Ontario','Canada','N7V','42.9946912','-82.394'),(198,'32696 Lyons Avenue','23826','Burrows','Edson','Alberta','Canada','T7E','53.5855087','-116.4428615'),(199,'6503 Glendale Avenue','9','Debs','Chambly','Québec','Canada','J3L','45.4399116','-73.2875277'),(200,'76 Roth Street','5','Michigan','Weyburn','saskatchewan','Canada','s4H','49.6666528','-103.8451959'),(201,'15778 Northport Avenue','0747','Elka','Whistler','British Columbia','Canada','N0K','50.1164','-122.96946'),(202,'745 Pankratz Place','187','Moulton','Kamsack','saskatchewan','Canada','R2J','51.56668','-101.90093'),(203,'2441 Sunfield Alley','6','Knutson','Mirabel','Québec','Canada','J5K','45.7340335','-74.1402449'),(204,'329 Bellgrove Pass','94','New Castle','st. Catharines','Ontario','Canada','L2P','43.1508732','-79.2056361'),(205,'0625 Norway Maple Parkway','93474','Delladonna','Manning','Alberta','Canada','V3A','56.91683','-117.61945'),(206,'69 Autumn Leaf Park','4168','Lakewood','sydney Mines','Nova Scotia','Canada','B1V','46.2475531','-60.2362743'),(207,'0609 Golf Drive','05697','Eagle Crest','Papineauville','Québec','Canada','G5N','45.6168','-75.01599'),(208,'859 Dottie Avenue','94','Dottie','Pont-Rouge','Québec','Canada','G3H','46.7498338','-71.693538'),(209,'187 Derek Junction','9110','sherman','Lumsden','saskatchewan','Canada','L7E','50.65009','-104.86783'),(210,'31 Lyons Alley','4175','Carberry','Warwick','Québec','Canada','G6R','46.0382659','-72.0118164'),(211,'5 Melby Trail','83','Mallory','Hanna','Alberta','Canada','T6L','51.63343','-111.90181'),(212,'971 Rowland Parkway','386','Golf Course','Trois-Rivières','Québec','Canada','L8J','46.34515','-72.5477'),(213,'329 Delladonna Place','88','Westport','Jasper Park Lodge','Alberta','Canada','H3R','52.8861365','-118.0572366'),(214,'66 Elka Avenue','76','Melrose','Fort McMurray','Alberta','Canada','T9J','56.6441805','-111.4052626'),(215,'158 Magdeline Crossing','91424','Veith','Barrie','Ontario','Canada','L9J','44.3244029','-79.7007211'),(216,'5 Erie Terrace','78556','Chinook','Rimouski','Québec','Canada','G5N','48.4353479','-68.5537635'),(217,'86414 Eagan Alley','926','Grasskamp','Lavaltrie','Québec','Canada','J5T','45.8836384','-73.2813569'),(218,'2299 Old Gate Circle','02430','spaight','Magrath','Alberta','Canada','J7G','49.41668','-112.86856'),(219,'28627 Corben Hill','498','sundown','Nakusp','British Columbia','Canada','H9A','50.24987','-117.80226'),(220,'58 Green Terrace','41','Knutson','Timmins','Ontario','Canada','P4P','48.4980698','-81.3463468'),(221,'1121 Larry Street','688','Hanover','Metchosin','British Columbia','Canada','V9C','48.382005','-123.53785'),(222,'69 Golf View Street','22','Carberry','Bonavista','Newfoundland and Labrador','Canada','E8M','48.64989','-53.11474'),(223,'73 Luster Center','0','Derek','Carman','Manitoba','Canada','A8A','49.4992','-98.00156'),(224,'18212 Little Fleur Place','9','Almo','Magrath','Alberta','Canada','J7G','49.41668','-112.86856'),(225,'2374 David Court','818','Kipling','Collingwood','Ontario','Canada','L9Y','44.5007687','-80.2169047'),(226,'6525 Cardinal Alley','330','Gerald','Coaticook','Québec','Canada','J1A','45.1306898','-71.8121012'),(227,'6258 Northport Crossing','16845','Dawn','Aldergrove','British Columbia','Canada','V4W','49.0580516','-122.4706669'),(228,'6 Weeping Birch Drive','663','Bowman','Penticton','British Columbia','Canada','V2A','49.4991381','-119.5937077'),(229,'0 Shasta Park','16','Delaware','Parry Sound','Ontario','Canada','P2A','45.3483509','-80.0175734'),(230,'28 Warner Plaza','25033','Talmadge','New-Richmond','Québec','Canada','J7R','48.16059','-65.85823'),(231,'3 Loftsgordon Park','259','Bunker Hill','Rivière-du-Loup','Québec','Canada','G5R','47.8191364','-69.5611735'),(232,'31342 Rigney Center','2153','Corscot','Leduc','Alberta','Canada','T9E','53.2580126','-113.5502218'),(233,'12616 Stephen Crossing','65041','Continental','Little Current','Ontario','Canada','J6A','45.97927','-81.9248'),(234,'9 Pennsylvania Terrace','3','Prairie Rose','Kitimat','British Columbia','Canada','V8C','54.0632737','-128.6369607'),(235,'867 Longview Trail','576','Washington','Gananoque','Ontario','Canada','K7G','44.3287491','-76.1635651'),
(236,'66832 Oak Valley Hill','1','Dennis','Lle-Perrot','Québec','Canada','H9X','45.4235609','-73.9319061'),
(237,'0272 Tennyson Circle','7','Center','Calgary','Alberta','Canada','T3S','50.9359639','-113.8998131'),
(238,'69643 Victoria Court','4','Waxwing','Vaughan','Ontario','Canada','M3N','43.7616313','-79.5209994'),(239,'35 Columbus Terrace','7160','Warrior','Viking','Alberta','Canada','E4G','53.10014','-111.76844'),(240,'242 Portage Park','7102','Monterey','Acton Vale','Québec','Canada','G0E','45.65007','-72.56582'),(241,'83 Village Terrace','84155','Memorial','Newmarket','Ontario','Canada','L9N','44.1087666','-79.4985091'),(242,'8050 Ridgeview Point','03571','Dahle','Langenburg','saskatchewan','Canada','V7P','50.84999','-101.71763'),(243,'52 Laurel Alley','3560','Acker','Bromont','Québec','Canada','J2L','45.3151096','-72.661835'),(244,'284 Paget Center','94776','straubel','Two Hills','Alberta','Canada','J9H','53.7131425','-111.743338'),(245,'3998 Cherokee Plaza','63342','Hoffman','North Perth','Ontario','Canada','E6J','43.7251','-80.96723'),(246,'2162 Ronald Regan Trail','815','Gale','Athabasca','Alberta','Canada','T9S','54.7214094','-113.2861822'),(247,'3 Susan Parkway','17342','Ronald Regan','Roblin','Manitoba','Canada','R7N','51.22999','-101.3565'),(248,'1677 Di Loreto Point','21827','Mcguire','saint-Bruno-de-Montarville','Québec','Canada','J3V','45.5257774','-73.3436918'),(249,'949 Farwell Court','650','Chinook','Woodstock','Ontario','Canada','E7M','46.150266','-67.6033952'),(250,'69832 Packers Street','3','stoughton','Lebel-sur-Quévillon','Québec','Canada','N2A','49.05018','-76.98273'),(251,'034 Michigan Street','269','stang','Amherstburg','Ontario','Canada','N9V','42.103278','-83.1059154'),(252,'0 Kinsman Way','83','Melody','summerland','British Columbia','Canada','H1V','49.59977','-119.66911'),(253,'7178 Loomis Point','683','Mariners Cove','Metchosin','British Columbia','Canada','V9C','48.382005','-123.53785'),(254,'59 Troy Plaza','2','Dixon','Lac La Biche','Alberta','Canada','E1W','54.7669','-111.96861'),(255,'92 Grim Avenue','67','Brown','Mont-Tremblant','Québec','Canada','J8E','46.1223915','-74.5838514'),(256,'41 Toban Park','741','Maple Wood','Amherst','Nova Scotia','Canada','B4H','45.8299686','-64.2092372'),(257,'31 Moland Avenue','51821','Comanche','Norfolk County','Ontario','Canada','T0C','42.8334','-80.38297'),(258,'13079 Mallory Point','38103','Autumn Leaf','Fort Smith','Northwest Territories','Canada','L4S','60.00029','-111.88543'),
(259,'291 Eggendart Parkway','3933','David','Lavaltrie','Québec','Canada','J5T','45.8836384','-73.2813569'),(260,'4 Caliangt Trail','759','Corscot','Ingersoll','Ontario','Canada','N5C','43.0370523','-80.8810794'),(261,'21745 Katie Street','0127','Kingsford','smithers','British Columbia','Canada','P3N','54.78036','-127.17428'),(262,'50058 Basil Alley','09','Farmco','Keswick','Ontario','Canada','L4P','44.2298189','-79.4619506'),(263,'78670 Emmet Crossing','6930','Fairview','Beauceville','Québec','Canada','G5X','46.2051265','-70.7720325'),(264,'6 Petterle Court','0392','Lake View','Oliver','British Columbia','Canada','E5L','49.18306','-119.5524'),(265,'2 Kings Circle','38710','Warner','Waterloo','Ontario','Canada','N2L','43.4714875','-80.5494007'),(266,'9439 Barnett Lane','51','Mallory','Pilot Butte','saskatchewan','Canada','N8M','50.46678','-104.41778'),(267,'240 Loomis Park','1','Dexter','Rocky Mountain House','Alberta','Canada','T4T','52.3793432','-114.9182883'),(268,'51528 Bartelt Place','94','Arkansas','Oromocto','New Brunswick','Canada','E2V','45.8486646','-66.4812859'),(269,'5836 Messerschmidt Crossing','2700','Ramsey','Amqui','Québec','Canada','G5J','48.465994','-67.4324153'),(270,'8 Fallview Drive','342','Nevada','Belleville','Ontario','Canada','K8P','44.165829','-77.3956004'),(271,'86 Del Mar Terrace','2','Packers','Ladner','British Columbia','Canada','V7A','49.08938','-123.08241'),(272,'947 Fisk Court','2935','Burrows','saint-Lambert-de-Lauzon','Québec','Canada','V6L','46.58624','-71.20892'),(273,'33203 Summer Ridge Road','70966','Glendale','Revelstoke','British Columbia','Canada','H9K','50.98317','-118.2023'),(274,'57479 Sauthoff Terrace','78287','Butternut','Moose Jaw','saskatchewan','Canada','s6J','50.4163784','-105.5361463'),(275,'5 Mitchell Road','45','Main','Renfrew','Ontario','Canada','K7V','45.4718665','-76.6841393'),(276,'0 Merchant Court','43','Amoth','Cache Creek','British Columbia','Canada','N1G','50.81011','-121.3246'),(277,'67535 Park Meadow Way','38','Hanover','Middleton','Nova Scotia','Canada','K9V','44.95015','-65.0655'),(278,'236 Burrows Point','17','Ridgeway','Neepawa','Manitoba','Canada','H3Z','50.22892','-99.46642'),(279,'060 Ohio Trail','63487','Dovetail','Windsor','Québec','Canada','J1S','45.5787215','-72.001055'),(280,'690 Loeprich Court','23737','Golf Course','Altona','Manitoba','Canada','K1W','49.10469','-97.55961'),
(281,'567 Algoma Avenue','7079','Acker','saint-Augustin','Québec','Canada','G5J','48.4590993','-67.4401254'),(282,'3311 Muir Hill','8844','Del Mar','Beaverlodge','Alberta','Canada','G8A','55.21664','-119.43605'),(283,'260 Westridge Court','55','Mifflin','Fairview','Alberta','Canada','L1M','56.06675','-118.38606'),(284,'1 Saint Paul Way','792','Morning','st. Catharines','Ontario','Canada','L2P','43.1508732','-79.2056361'),(285,'6408 Welch Court','9023','Londonderry','Houston','British Columbia','Canada','T9G','54.39976','-126.67008'),(286,'71 Division Circle','1','Knutson','Calgary','Alberta','Canada','T3S','50.9359639','-113.8998131'),(287,'30874 Erie Pass','9681','superior','Harbour Breton','Newfoundland and Labrador','Canada','M4N','47.48325','-55.79833'),(288,'717 Hoard Pass','93522','springs','Clarence-Rockland','Ontario','Canada','K4K','45.5483729','-75.2916118'),(289,'36 Del Mar Street','04683','Hanover','st. Catharines','Ontario','Canada','L2P','43.1508732','-79.2056361'),(290,'20753 Arizona Plaza','11','Holmberg','Lumsden','saskatchewan','Canada','L7E','50.65009','-104.86783'),(291,'9 Green Alley','9905','Pennsylvania','Lamont','Alberta','Canada','N2E','53.76686','-112.80195'),(292,'887 Boyd Crossing','29','Valley Edge','Oxford','Nova Scotia','Canada','K7A','45.73345','-63.86542'),(293,'861 Quincy Alley','3782','Fisk','Burgeo','Newfoundland and Labrador','Canada','N9A','47.61668','-57.61516'),(294,'1 Harbort Alley','8','Mendota','Bonavista','Newfoundland and Labrador','Canada','E8M','48.64989','-53.11474'),(295,'29 Iowa Terrace','278','Columbus','Princeton','British Columbia','Canada','V6V','49.45802','-120.51076'),(296,'8055 Namekagon Alley','808','Basil','Picton','Ontario','Canada','s0H','44.00012','-77.13275'),(297,'5787 Weeping Birch Pass','4','Ilene','Jonquière','Québec','Canada','G7Y','48.3705292','-71.2653479'),(298,'7 Ilene Center','469','Pond','Chester','Nova Scotia','Canada','N9A','44.55015','-64.24874'),(299,'24740 Holy Cross Terrace','36','spaight','Port Hawkesbury','Nova Scotia','Canada','B9A','45.6152297','-61.3552089'),(300,'73074 Helena Junction','6','Old Shore','Orangeville','Ontario','Canada','T1J','43.9168','-80.09967'),(301,'81 Messerschmidt Avenue','9','Coleman','Claresholm','Alberta','Canada','V2T','50.03332','-113.58524'),
(302,'6 Redwing Trail','17059','Grim','Petrolia','Ontario','Canada','N0N','42.8818379','-82.1444338'),(303,'9677 Johnson Street','9250','sachs','Okotoks','Alberta','Canada','T1S','50.7254936','-113.9749472'),(304,'92240 Vidon Drive','86942','Burrows','sarnia','Ontario','Canada','N7V','42.9946912','-82.394'),(305,'3645 Maple Terrace','93','scoville','Beaverlodge','Alberta','Canada','G8A','55.21664','-119.43605'),(306,'20945 Northport Court','10945','Hanover','saint John','New Brunswick','Canada','E2L','45.271697','-66.0549467'),(307,'0 Ryan Street','484','Morrow','Matagami','Québec','Canada','N2M','49.75018','-77.63277'),(308,'373 Briar Crest Court','564','Pennsylvania','Alma','Québec','Canada','N6J','48.55009','-71.6491'),(309,'08228 Stang Pass','73','Laurel','Princeville','Nova Scotia','Canada','G6G','46.152911','-71.885445'),(310,'4 Crescent Oaks Way','33682','Prairie Rose','Peace River','Alberta','Canada','T8S','56.2341823','-117.2893839'),(311,'1 Thierer Center','766','Mayer','Okotoks','Alberta','Canada','T1S','50.7254936','-113.9749472'),(312,'3919 Brentwood Circle','97','Ridgeway','Mirabel','Québec','Canada','J5K','45.7340335','-74.1402449'),(313,'3471 Ronald Regan Crossing','590','Evergreen','Lamont','Alberta','Canada','N2E','53.76686','-112.80195'),(314,'2628 Shasta Circle','35204','Forster','Parry Sound','Ontario','Canada','P2A','45.3483509','-80.0175734'),(315,'710 Onsgard Hill','2','Arkansas','Unity','saskatchewan','Canada','J8R','45.4139794','-75.7103682'),(316,'340 Waxwing Place','53298','Menomonie','Berthierville','Québec','Canada','s3N','46.08336','-73.18245'),(317,'75879 Ohio Alley','08476','Jenifer','Penhold','Alberta','Canada','L2E','52.13342','-113.8687'),(318,'0 Rowland Street','4','Arizona','Malartic','Québec','Canada','X0G','48.13348','-78.13283'),(319,'35 Roxbury Pass','81','Continental','Fredericton','New Brunswick','Canada','E3G','46.0765073','-66.7299108'),(320,'0 Sutherland Street','6957','Rigney','Kitchener','Ontario','Canada','N2R','43.3851754','-80.4882672'),(321,'3 Hansons Street','11','Melvin','saint-Bruno','Québec','Canada','J3V','45.5257774','-73.3436918'),(322,'686 Golf Parkway','45988','Doe Crossing','Miramichi','New Brunswick','Canada','L7G','47.02895','-65.50186'),(323,'2 Hollow Ridge Way','99','Thompson','stonewall','Manitoba','Canada','H9J','50.13441','-97.32676'),(324,'2 Lindbergh Road','788','Becker','Duncan','British Columbia','Canada','V9L','48.7786908','-123.7079417'),(325,'1897 Maryland Avenue','97','Golf View','Mont-Royal','Québec','Canada','H5B','45.5080397','-73.564543'),
(326,'72 School Court','773','Union','Walnut Grove','British Columbia','Canada','V2X','49.2165148','-122.6562872'),(327,'58 Summer Ridge Terrace','31118','Hanover','Les Cèdres','Québec','Canada','J6S','45.3095043','-74.0590779'),(328,'0559 Susan Drive','9','Maple Wood','Penticton','British Columbia','Canada','V2A','49.4991381','-119.5937077'),(329,'6540 Lakewood Gardens Parkway','73','Morningstar','Gibsons','British Columbia','Canada','L6R','43.6813726','-79.7761974'),(330,'76179 Tony Circle','77','Dapin','Amherstburg','Ontario','Canada','N9V','42.103278','-83.1059154'),(331,'725 Parkside Trail','677','Debs','Hanover','Ontario','Canada','N4N','44.1498975','-81.0202533'),(332,'10707 Burning Wood Junction','668','Bluejay','Carleton-sur-Mer','Québec','Canada','P0T','48.0999989','-66.0999999'),(333,'670 Corscot Court','79','David','sainte-Agathe-des-Monts','Québec','Canada','J8C','46.0474907','-74.2739552'),(334,'19958 Hooker Center','72612','Thierer','Port Colborne','Ontario','Canada','L3K','42.896821','-79.2620294'),(335,'2 Northridge Pass','3822','Talisman','Espanola','Ontario','Canada','P5E','46.2657181','-81.771057'),(336,'5776 Killdeer Junction','694','Longview','sainte-Anne-des-Plaines','Québec','Canada','J4X','45.76468','-73.81156'),(337,'521 Schiller Junction','93828','Canary','sundre','Alberta','Canada','L9H','51.8001','-114.63532'),(338,'8541 Aberg Circle','876','spenser','Assiniboia','saskatchewan','Canada','H3C','49.63336','-105.98446'),(339,'80 Annamark Trail','60','3rd','Martensville','saskatchewan','Canada','L3R','52.28339','-106.66792'),(340,'689 Lien Point','6','La Follette','Niverville','Manitoba','Canada','T5G','49.60559','-97.04234'),(341,'65 Pearson Lane','41','Kropf','Neebing','Ontario','Canada','P7L','48.1735351','-89.4810715'),(342,'6734 Sommers Road','7767','Dwight','sherwood Park','Alberta','Canada','T8A','53.5412083','-113.2957365'),(343,'5 Darwin Crossing','760','Weeping Birch','Kamloops','British Columbia','Canada','H9P','50.66648','-120.3192'),(344,'88 Farmco Junction','64','Boyd','Medicine Hat','Alberta','Canada','T1C','50.0625015','-110.6821866'),(345,'09742 Sommers Terrace','970','Heffernan','LPerrot','Québec','Canada','H9X','45.4235609','-73.9319061'),(346,'30 Southridge Circle','157','Bellgrove','spirit River','Alberta','Canada','V2G','55.78327','-118.83607'),(347,'447 Straubel Junction','0931','Ridgeway','Bonnyville','Alberta','Canada','T9N','54.2681766','-110.7200371'),(348,'27054 Sherman Crossing','6215','Meadow Vale','Virden','Manitoba','Canada','J5V','49.8508','-100.93262'),(349,'025 Tennessee Park','715','Michigan','Beauceville','Québec','Canada','G5X','46.2051265','-70.7720325'),
(350,'7141 Chinook Place','08842','Village','Oromocto','New Brunswick','Canada','E2V','45.8486646','-66.4812859'),(351,'454 Cordelia Circle','00','Beilfuss','sicamous','British Columbia','Canada','G2L','50.83312','-118.98565'),(352,'90 Esker Trail','245','Pepper Wood','Toronto','Ontario','Canada','M7A','43.6623015','-79.3894938'),(353,'3 Armistice Circle','9','Logan','Canmore','Alberta','Canada','T1W','51.0935791','-115.3508611'),(354,'6 Jenifer Place','6791','Hanover','Watrous','saskatchewan','Canada','L9T','51.66677','-105.46788'),(355,'22 Merry Circle','75086','Crest Line','smithers','British Columbia','Canada','P3N','54.78036','-127.17428'),(356,'854 Pearson Center','5','Meadow Valley','Moosomin','saskatchewan','Canada','H4J','50.13332','-101.66766'),(357,'5736 Namekagon Circle','0454','Rockefeller','saint-Augustin-de-Desmaures','Québec','Canada','G3A','46.747041','-71.459344'),(358,'329 Springs Point','7098','Westridge','Aylmer','Ontario','Canada','N5H','42.7729381','-80.9828842'),(359,'42361 Boyd Terrace','2983','Talisman','Carbonear','Newfoundland and Labrador','Canada','A1Y','47.731518','-53.2341123'),(360,'61009 Blue Bill Park Road','689','Anderson','Chase','British Columbia','Canada','H4R','50.8137495','-119.6934422'),(361,'9 Merchant Trail','438','American','Lac-Mégantic','Québec','Canada','G6B','45.588882','-70.903207'),(362,'49619 Northport Plaza','35138','Hudson','Kerrobert','saskatchewan','Canada','T1P','51.91682','-109.13479'),(363,'22 Burning Wood Alley','920','shasta','Bridgewater','Nova Scotia','Canada','B4V','44.3710708','-64.5210039'),(364,'13 Bartillon Parkway','60846','Bowman','Bridgewater','Nova Scotia','Canada','B4V','44.3710708','-64.5210039'),(365,'818 Rieder Way','37643','Briar Crest','Charlemagne','Québec','Canada','J6V','45.7249153','-73.4913241'),(366,'9 Heffernan Drive','92080','Warbler','Catalina','Newfoundland and Labrador','Canada','B2V','48.51659','-53.08135'),(367,'635 Continental Pass','8','Alpine','saint-Augustin-de-Desmaures','Québec','Canada','G3A','46.747041','-71.459344'),(368,'4704 Spaight Park','11','Golf','Chase','British Columbia','Canada','H4R','50.8137495','-119.6934422'),(369,'3 Delaware Junction','8','Gerald','saint-André-Avellin','Québec','Canada','T5Y','45.7168','-75.06599'),(370,'8 Troy Center','174','south','sainte-Thérèse','Québec','Canada','J7G','45.6181396','-73.8394482'),(371,'85650 Gulseth Circle','35535','Arkansas','saint-Joseph-de-Coleraine','Québec','Canada','N2E','45.96677','-71.36577'),(372,'37362 Riverside Road','63027','Bowman','Richmond','British Columbia','Canada','V6Y','49.1571976','-123.1152602'),(373,'5 Brown Hill','170','Grim','Woodstock','Ontario','Canada','E7M','46.150266','-67.6033952')
,(374,'00418 Huxley Terrace','344','Marcy','Unity','saskatchewan','Canada','J8R','45.4139794','-75.7103682'),(375,'630 Pearson Junction','1','Twin Pines','saint-Augustin','Québec','Canada','G5J','48.4590993','-67.4401254'),(376,'43859 Spaight Plaza','16','Morningstar','Logan Lake','British Columbia','Canada','T3S','50.49976','-120.80253'),(377,'160 Merchant Junction','9092','Transport','Pangnirtung','Nunavut','Canada','M5T','66.14511','-65.71252'),(378,'2585 Hoepker Place','09','sage','Chase','British Columbia','Canada','H4R','50.8137495','-119.6934422'),(379,'56 Ronald Regan Drive','43453','Mifflin','Port Hawkesbury','Nova Scotia','Canada','B9A','45.6152297','-61.3552089'),(380,'4 Starling Junction','0013','Loomis','summerside','Prince Edward Island','Canada','C1N','46.4027492','-63.7716391'),(381,'2 Melvin Place','4125','Calypso','sherwood Park','Alberta','Canada','T8A','53.5412083','-113.2957365'),(382,'4143 Grayhawk Crossing','68598','Corry','Petrolia','Ontario','Canada','N0N','42.8818379','-82.1444338'),(383,'36 Arapahoe Parkway','09','Mcbride','Fox Creek','Alberta','Canada','E4B','54.40007','-116.80238'),(384,'8 Fremont Alley','50386','Westport','Petawawa','Ontario','Canada','K8H','45.8903748','-77.2672051'),(385,'7003 Northwestern Avenue','2','Waxwing','Trois-Rivières','Québec','Canada','L8J','46.34515','-72.5477'),(386,'9 Algoma Road','69486','sunfield','Trois-Rivières','Québec','Canada','L8J','46.34515','-72.5477'),(387,'62 Dayton Terrace','7551','Arkansas','North Bay','Ontario','Canada','P1A','46.272758','-79.4298653'),(388,'2389 Eagle Crest Parkway','84765','school','Collingwood','Ontario','Canada','L9Y','44.5007687','-80.2169047'),(389,'41297 Butternut Crossing','69444','High Crossing','st. Thomas','Ontario','Canada','N5R','42.7665598','-81.1747498'),(390,'75 Ilene Drive','9511','Holmberg','Niagara Falls','Ontario','Canada','L2J','43.1315785','-79.1040432'),(391,'824 Express Plaza','6168','Gerald','Napanee Downtown','Ontario','Canada','M5E','43.6505222','-79.3990401'),(392,'0 Ryan Trail','969','Messerschmidt','Bridgewater','Nova Scotia','Canada','B4V','44.3710708','-64.5210039'),(393,'33699 Ruskin Court','1135','Hagan','stratford','Ontario','Canada','C1B','46.215926','-63.0886099'),(394,'17 Lyons Point','8','Union','Peace River','Alberta','Canada','T8S','56.2341823','-117.2893839'),(395,'7 Prairie Rose Park','924','Toban','Antigonish','Nova Scotia','Canada','B2G','45.6243985','-62.002631'),(396,'4 Schurz Center','4132','stuart','stratford','Ontario','Canada','C1B','46.215926','-63.0886099'),(397,'18103 Shopko Point','18890','Mitchell','Lebel-sur-Quévillon','Québec','Canada','N2A','49.05018','-76.98273'),(398,'4131 Iowa Terrace','990','Pankratz','Mont-Tremblant','Québec','Canada','J8E','46.1223915','-74.5838514'),
(399,'93 Scott Plaza','3573','Alpine','Beaumont','Alberta','Canada','T4X','53.3524256','-113.4153735'),(400,'07430 Surrey Pass','5395','1st','Maniwaki','Québec','Canada','J9E','46.3799618','-75.9685597'),(401,'0 Truax Pass','7','Moland','Torbay','Newfoundland and Labrador','Canada','A1K','47.6593594','-52.7383086'),(402,'25 Farragut Pass','6','shelley','Drummondville','Québec','Canada','J2E','45.9067495','-72.5406445'),(403,'9185 Anzinger Avenue','195','Haas','LPerrot','Québec','Canada','H9X','45.4235609','-73.9319061'),(404,'68 Moose Drive','12374','Vahlen','sainte-Anne-de-Bellevue','Québec','Canada','H9X','45.4032761','-73.9503607'),(405,'5567 Pierstorff Road','405','Dennis','Ucluelet','British Columbia','Canada','G6E','48.94153','-125.54635'),(406,'760 Esker Place','410','Almo','Calmar','Alberta','Canada','s0G','53.26683','-113.81874'),(407,'57466 Southridge Place','26117','Vidon','Wingham','Ontario','Canada','T5K','43.88793','-81.31145'),(408,'1942 Milwaukee Alley','442','Valley Edge','Plessisville','Québec','Canada','G6L','46.2194458','-71.7713791'),(409,'3 Dexter Plaza','42694','Fairview','Burgeo','Newfoundland and Labrador','Canada','N9A','47.61668','-57.61516'),(410,'29 Green Ridge Court','9','sunnyside','Pictou','Nova Scotia','Canada','M1M','45.67875','-62.70936'),(411,'33245 Arizona Circle','80554','Hanson','Les Cèdres','Québec','Canada','J6S','45.3095043','-74.0590779'),(412,'540 Thierer Place','547','Elmside','Moosomin','saskatchewan','Canada','H4J','50.13332','-101.66766'),(413,'543 Fallview Point','985','Donald','Montréal-Ouest','Québec','Canada','H5B','45.5080397','-73.564543'),(414,'870 Walton Parkway','6450','sutteridge','sundre','Alberta','Canada','L9H','51.8001','-114.63532'),(415,'54 Marquette Parkway','51608','Pepper Wood','LPerrot','Québec','Canada','H9X','45.4235609','-73.9319061'),(416,'616 Quincy Drive','9','Graceland','Kelowna','British Columbia','Canada','V1Y','49.8856767','-119.4783845'),(417,'494 Mariners Cove Drive','6','Packers','salaberry-de-Valleyfield','Québec','Canada','J3Y','45.5159664','-73.4049684'),(418,'3546 Hudson Park','4','Kim','Kerrobert','saskatchewan','Canada','T1P','51.91682','-109.13479'),(419,'73 Emmet Parkway','72951','Michigan','stony Plain','Alberta','Canada','T7Z','53.5279314','-114.001928'),(420,'82 4th Way','3364','Blackbird','Mirabel','Québec','Canada','J5K','45.7340335','-74.1402449'),(421,'4848 Arkansas Plaza','52','Transport','Drummondville','Québec','Canada','J2E','45.9067495','-72.5406445'),(422,'725 Vera Plaza','12303','Everett','Pierreville','Québec','Canada','K2C','46.07034','-72.81125'),(423,'01 Karstens Place','1','Ludington','stony Plain','Alberta','Canada','T7Z','53.5279314','-114.001928'),(424,'86839 Kings Parkway','36685','Meadow Ridge','Bassano','Alberta','Canada','M5G','50.78342','-112.46854'),
(425,'0 Glacier Hill Crossing','94804','schurz','Bedford','Québec','Canada','J6W','45.11678','-72.98244'),(426,'8 Prairie Rose Street','2','Ryan','Gananoque','Ontario','Canada','K7G','44.3287491','-76.1635651'),(427,'4624 Canary Avenue','378','Burning Wood','Port Colborne','Ontario','Canada','L3K','42.896821','-79.2620294'),(428,'63733 Buell Avenue','876','Morningstar','sherwood Park','Alberta','Canada','T8A','53.5412083','-113.2957365'),(429,'99 Michigan Drive','2032','schlimgen','Marathon','Ontario','Canada','P6A','46.4969139','-84.3457671'),(430,'46816 Monterey Crossing','84773','Holy Cross','Pangnirtung','Nunavut','Canada','M5T','66.14511','-65.71252'),(431,'42 Farwell Parkway','295','Beilfuss','Melfort','saskatchewan','Canada','B3H','52.86673','-104.61768'),(432,'331 Oxford Place','5654','Moose','Millet','Alberta','Canada','T8C','53.09697','-113.4729375'),(433,'34400 Tennessee Junction','54100','Comanche','Lunenburg','Nova Scotia','Canada','M9L','44.38345','-64.31545'),(434,'3234 8th Point','0689','Ronald Regan','Berthierville','Québec','Canada','s3N','46.08336','-73.18245'),(435,'2 Derek Way','27871','Muir','Meadow Lake','saskatchewan','Canada','s9X','54.1212091','-108.4295552'),(436,'03920 Carey Road','72181','International','saint Andrews','New Brunswick','Canada','E5B','45.0738432','-67.0530897'),(437,'69539 Village Lane','56','Memorial','Digby','Nova Scotia','Canada','N3Y','44.61685','-65.76555'),(438,'03 Birchwood Court','4008','Red Cloud','Prince Edward','Ontario','Canada','E9H','46.6202927','-64.386599'),(439,'0448 American Court','42080','Ohio','Airdrie','Alberta','Canada','T4B','51.2828145','-114.0371938'),(440,'78 Sutherland Lane','8','Anzinger','Napanee Downtown','Ontario','Canada','M5E','43.6505222','-79.3990401'),(441,'46145 Redwing Road','2811','Annamark','Beaverlodge','Alberta','Canada','G8A','55.21664','-119.43605'),(442,'12982 4th Parkway','35053','Fulton','Whitehorse','Yukon Territory','Canada','Y1A','60.7610412','-135.1742264'),(443,'3951 Grover Road','05','shasta','Golden','British Columbia','Canada','J9Z','51.29995','-116.9689'),(444,'0686 Morrow Point','33142','Nevada','Willowdale','Ontario','Canada','M3H','43.7543283','-79.4422593'),(445,'2 Esch Circle','02','Alpine','Cabano','Québec','Canada','T9H','47.68065','-68.8781'),(446,'740 Sunnyside Trail','0687','Judy','Montréal-Est','Québec','Canada','J4N','45.5417415','-73.471152'),(447,'62 Union Court','9','Farmco','Melfort','saskatchewan','Canada','B3H','52.86673','-104.61768'),(448,'3492 High Crossing Circle','27','Gerald','Armstrong','British Columbia','Canada','M9R','50.44979','-119.20235'),(449,'49551 Randy Court','9','Dottie','Airdrie','Alberta','Canada','T4B','51.2828145','-114.0371938'),(450,'35438 Calypso Road','16','Knutson','Drummondville','Québec','Canada','J2E','45.9067495','-72.5406445')
,(451,'6 Logan Junction','03019','Delladonna','Laval','Québec','Canada','H7S','45.5734042','-73.7316825'),(452,'142 Ridge Oak Pass','172','Corscot','Hudson Bay','saskatchewan','Canada','K2J','45.346466','-75.807881'),(453,'66356 Bartelt Circle','1','Kennedy','Parksville','British Columbia','Canada','V9P','49.3193375','-124.3136411'),(454,'317 Stang Terrace','8881','surrey','Hope','British Columbia','Canada','V7R','49.38299','-121.44144'),(455,'3802 Express Park','65495','Manitowish','Angus','Ontario','Canada','J8Y','44.31681','-79.88295'),(456,'8 Elmside Terrace','51','spaight','Lebel-sur-Quévillon','Québec','Canada','N2A','49.05018','-76.98273'),(457,'333 High Crossing Avenue','09','Rowland','Lebel-sur-Quévillon','Québec','Canada','N2A','49.05018','-76.98273'),(458,'684 Stuart Alley','17','New Castle','Greenwood','Nova Scotia','Canada','E6J','44.98345','-64.89879'),(459,'89000 Barby Hill','277','Chinook','Wingham','Ontario','Canada','T5K','43.88793','-81.31145'),(460,'372 Fallview Parkway','466','Rigney','Richmond','Québec','Canada','V6Z','49.2725714','-123.1207968'),(461,'3 Mccormick Street','63','Lyons','Maple Ridge','British Columbia','Canada','V2X','49.2227573','-122.6175451'),(462,'228 Saint Paul Avenue','575','Arapahoe','Gibsons','British Columbia','Canada','L6R','43.6813726','-79.7761974'),(463,'47189 Transport Court','836','sheridan','Whistler','British Columbia','Canada','N0K','50.1164','-122.96946'),(464,'752 Briar Crest Trail','49','Holmberg','Morden','Manitoba','Canada','R6M','49.1980747','-98.102542'),(465,'52233 Oneill Court','5683','Vernon','Barraute','Québec','Canada','P0M','48.43349','-77.63279'),(466,'5 Basil Point','9289','Northfield','Beaverlodge','Alberta','Canada','G8A','55.21664','-119.43605'),(467,'8698 Jay Drive','69','Heffernan','Lethbridge','Alberta','Canada','T1K','49.6619465','-112.8149467'),(468,'6 Forest Run Terrace','95','Northport','Baie-DUrfé','Québec','Canada','H9X','45.416456','-73.9160797'),(469,'0 Troy Parkway','6244','Ilene','sparwood','British Columbia','Canada','M2J','43.805479','-79.3817651'),(470,'7 Clemons Center','96','Crescent Oaks','Golden','British Columbia','Canada','J9Z','51.29995','-116.9689'),(471,'674 Gulseth Junction','728','Orin','Mississauga','Ontario','Canada','L5W','43.6368159','-79.7119419'),(472,'7 Moose Terrace','7681','Montana','saint-Raymond','Québec','Canada','G3L','46.8922184','-71.8291245'),(473,'156 Beilfuss Center','5984','Kingsford','Baie-DUrfé','Québec','Canada','H9X','45.416456','-73.9160797'),(474,'4 1st Hill','18894','Jana','Longueuil','Québec','Canada','J4W','45.4693392','-73.4848038'),(475,'36958 Florence Place','1','Roxbury','saint-Ambroise','Québec','Canada','G7P','48.5556837','-71.3205493'),(476,'0 Schurz Crossing','7','Hauk','Magog','Québec','Canada','J1X','45.2879358','-72.1547927'),
(477,'3 1st Court','4944','Farragut','Daveluyville','Québec','Canada','R3P','46.20006','-72.13239'),(478,'05915 Ridgeview Drive','9819','stuart','Moose Jaw','saskatchewan','Canada','s6J','50.4163784','-105.5361463'),(479,'6291 Boyd Court','28','Mandrake','Jasper Park Lodge','Alberta','Canada','H3R','52.8861365','-118.0572366'),(480,'810 Carpenter Way','67036','Columbus','Ajax','Ontario','Canada','L1Z','43.8732498','-79.002342'),(481,'550 Pond Road','27','Helena','Beauceville','Québec','Canada','G5X','46.2051265','-70.7720325'),(482,'96 Caliangt Place','44','Florence','Montréal','Québec','Canada','H5B','45.5080397','-73.564543'),(483,'2692 Bultman Avenue','10','Londonderry','Watrous','saskatchewan','Canada','L9T','51.66677','-105.46788'),(484,'50 Hanson Point','7851','Lerdahl','Port Hawkesbury','Nova Scotia','Canada','B9A','45.6152297','-61.3552089'),(485,'0 Warrior Court','083','Monterey','Prévost','Québec','Canada','T7Z','45.86678','-74.08251'),(486,'6 Utah Hill','708','Bashford','Crossfield','Alberta','Canada','B0N','51.43341','-114.03528'),(487,'66 Logan Drive','37','Mockingbird','Beauceville','Québec','Canada','G5X','46.2051265','-70.7720325'),(488,'254 Stephen Place','84105','Village Green','Taber','Alberta','Canada','T1G','49.7859606','-112.1496533'),(489,'8 Charing Cross Parkway','42','Columbus','Dorval','Québec','Canada','H9S','45.44588','-73.7693013'),(490,'3196 Sage Center','34','Laurel','Burgeo','Newfoundland and Labrador','Canada','N9A','47.61668','-57.61516'),(491,'2 Muir Street','08','Dwight','sechelt','British Columbia','Canada','K1B','49.47512','-123.75903'),(492,'05012 Clyde Gallagher Way','4212','sundown','Petawawa','Ontario','Canada','K8H','45.8903748','-77.2672051'),(493,'6552 Morningstar Plaza','3','Crowley','sicamous','British Columbia','Canada','G2L','50.83312','-118.98565'),(494,'5 Tony Parkway','43355','Golf','Papineauville','Québec','Canada','G5N','45.6168','-75.01599'),(495,'99048 Mendota Road','5618','Buell','Charlottetown','Prince Edward Island','Canada','C1B','46.2279096','-63.1016755'),(496,'5570 Stoughton Hill','3404','Cottonwood','summerside','Prince Edward Island','Canada','C1N','46.4027492','-63.7716391'),(497,'6 Raven Parkway','24','Thompson','Anmore','British Columbia','Canada','V5A','49.2686175','-122.9364381'),(498,'5 Ilene Alley','6135','Raven','Manning','Alberta','Canada','V3A','56.91683','-117.61945'),(499,'45 Westport Pass','104','Jay','Lac-Brome','Québec','Canada','L9G','45.21678','-72.51581'),(500,'54 Swallow Road','34611','sunnyside','Nackawic','New Brunswick','Canada','E6G','45.9891389','-67.2412221'),(501,'07193 Florence Court','49','springs','Kindersley','saskatchewan','Canada','C1C','51.46681','-109.16818'),(502,'27 Ilene Drive','28','Hudson','Château-Richer','Québec','Canada','B3H','46.96031','-71.03219'),
(503,'85688 Jana Way','0517','scott','Taber','Alberta','Canada','T1G','49.7859606','-112.1496533'),(504,'9790 Messerschmidt Trail','19','Garrison','Barrhead','Alberta','Canada','T7N','54.1187723','-114.3954066'),(505,'046 Delladonna Plaza','4','Havey','Flin Flon','Manitoba','Canada','R8A','54.7769326','-101.8448368'),(506,'21 Rusk Junction','81322','Elka','Fort Erie','Ontario','Canada','L2A','42.9038743','-78.9344814'),(507,'85024 Petterle Circle','759','sunnyside','Notre-Dame-de-lPerrot','Québec','Canada','H9X','45.4235609','-73.9319061'),(508,'8 Vidon Junction','0886','3rd','Lévis','Québec','Canada','G6W','46.7530428','-71.2196569'),(509,'45 Grayhawk Road','164','Elgar','Camlachie','Ontario','Canada','G5Z','43.03596','-82.1616'),(510,'0 Mockingbird Center','06','Daystar','Whistler','British Columbia','Canada','N0K','50.1164','-122.96946'),(511,'85 Calypso Drive','7027','schmedeman','Anmore','British Columbia','Canada','V5A','49.2686175','-122.9364381'),(512,'8 Emmet Way','62417','Donald','Waterloo','Québec','Canada','V9J','45.35008','-72.51582'),(513,'61575 Meadow Ridge Pass','450','sauthoff','Albanel','Québec','Canada','G8M','48.882433','-72.4404412'),(514,'0670 North Pass','537','Nobel','Concord','Ontario','Canada','L4K','43.798329','-79.5079073'),(515,'887 Crowley Road','55255','Paget','selkirk','Manitoba','Canada','R1A','50.1369112','-96.8791564'),(516,'5 Monument Road','88','Atwood','Cabano','Québec','Canada','T9H','47.68065','-68.8781'),(517,'58 Loftsgordon Junction','8697','Mariners Cove','Kerrobert','saskatchewan','Canada','T1P','51.91682','-109.13479'),(518,'2 Scott Drive','2959','Gerald','Aylmer','Ontario','Canada','N5H','42.7729381','-80.9828842'),(519,'1825 Darwin Park','944','Pleasure','Rosthern','saskatchewan','Canada','B0L','52.66679','-106.33446'),(520,'9 Lakeland Avenue','8','Manitowish','Thetford-Mines','Québec','Canada','G6G','46.1098585','-71.2983257'),(521,'977 Merrick Lane','35','Marcy','Norfolk County','Ontario','Canada','T0C','42.8334','-80.38297'),(522,'704 Thompson Avenue','64957','Judy','Catalina','Newfoundland and Labrador','Canada','B2V','48.51659','-53.08135'),(523,'2 Thompson Point','0','Jenifer','strathmore','Alberta','Canada','T1P','51.0376583','-113.3992725'),(524,'6112 Maple Plaza','132','sundown','Anmore','British Columbia','Canada','V5A','49.2686175','-122.9364381'),(525,'1620 Bartelt Alley','04','International','Marystown','Newfoundland and Labrador','Canada','L2N','47.16663','-55.14829'),(526,'38 Ohio Plaza','2','Welch','Beaverlodge','Alberta','Canada','G8A','55.21664','-119.43605'),(527,'40 Acker Street','94','Magdeline','Outlook','saskatchewan','Canada','N3S','51.50008','-107.05128'),(528,'20 Miller Plaza','2','Waxwing','Brampton','Ontario','Canada','L7A','43.691162','-79.8408787'),
(529,'3561 Eliot Parkway','063','Village','Ucluelet','British Columbia','Canada','G6E','48.94153','-125.54635'),(530,'2104 American Ash Alley','52','Bashford','Penticton','British Columbia','Canada','V2A','49.4991381','-119.5937077'),(531,'8901 Surrey Street','76','Melrose','Orangeville','Ontario','Canada','T1J','43.9168','-80.09967'),(532,'52 Northwestern Point','5','Parkside','stratford','Ontario','Canada','C1B','46.215926','-63.0886099'),(533,'538 Hanson Point','6036','Kropf','Richmond','Québec','Canada','V6Z','49.2725714','-123.1207968'),(534,'0725 Wayridge Center','37730','Aberg','Middleton','Nova Scotia','Canada','K9V','44.95015','-65.0655'),(535,'80030 Esker Drive','9118','Arizona','Oxbow','saskatchewan','Canada','T9M','49.23335','-102.1676'),(536,'597 East Crossing','54053','Melrose','Walnut Grove','British Columbia','Canada','V2X','49.2165148','-122.6562872'),(537,'95 Forest Avenue','623','Mendota','Marieville','Québec','Canada','J3M','45.4347317','-73.1728734'),(538,'0 Hoepker Junction','54244','Heffernan','sainte-Thérèse','Québec','Canada','J7G','45.6181396','-73.8394482'),(539,'32 Birchwood Place','3989','Eagan','Baie-Comeau','Québec','Canada','K1M','49.2211865','-68.1518275'),(540,'7079 Hermina Pass','4111','Evergreen','sainte-Martine','Québec','Canada','A1C','47.5688259','-52.7079539'),(541,'395 Mcbride Way','543','Lotheville','Beaumont','Alberta','Canada','T4X','53.3524256','-113.4153735'),(542,'39 Bashford Circle','4867','sycamore','Camlachie','Ontario','Canada','G5Z','43.03596','-82.1616'),(543,'57 Debra Court','0','Hayes','Jonquière','Québec','Canada','G7Y','48.3705292','-71.2653479'),(544,'8 Dayton Avenue','3689','Eggendart','Vaughan','Ontario','Canada','M3N','43.7616313','-79.5209994'),(545,'2 Mosinee Lane','918','Jackson','Meadow Lake','saskatchewan','Canada','s9X','54.1212091','-108.4295552'),(546,'48 Texas Crossing','981','Mallory','Maple Ridge','British Columbia','Canada','V2X','49.2227573','-122.6175451'),(547,'262 Nancy Parkway','95','Hagan','Princeton','British Columbia','Canada','V6V','49.45802','-120.51076'),(548,'3 Duke Crossing','68723','Ilene','spirit River','Alberta','Canada','V2G','55.78327','-118.83607'),(549,'28701 Buhler Circle','81','Doe Crossing','Norfolk County','Ontario','Canada','T0C','42.8334','-80.38297'),(550,'07012 Golf View Crossing','5119','Bayside','Chase','British Columbia','Canada','H4R','50.8137495','-119.6934422'),(551,'80221 Fair Oaks Court','84','Norway Maple','Devon','Alberta','Canada','T9G','53.3547991','-113.7233907'),(552,'57541 Warrior Parkway','4','Farragut','Killarney','Manitoba','Canada','V9B','49.18332','-99.66364'),(553,'7316 New Castle Terrace','38','Independence','North Battleford','saskatchewan','Canada','s9A','52.7785658','-108.2930839'),
(554,'999 Onsgard Street','50135','Twin Pines','strathmore','Alberta','Canada','T1P','51.0376583','-113.3992725'),(555,'3 Kedzie Circle','56917','Norway Maple','Côte-Saint-Luc','Québec','Canada','H7V','45.46536','-73.66585'),(556,'1 Rigney Way','908','Rowland','Montréal-Ouest','Québec','Canada','H5B','45.5080397','-73.564543'),(557,'2707 Bobwhite Terrace','52617','Dahle','Lamont','Alberta','Canada','N2E','53.76686','-112.80195'),(558,'7588 Chinook Way','0','Linden','Otterburn Park','Québec','Canada','L6G','45.53338','-73.21585'),(559,'283 Thackeray Junction','051','Merchant','Nakusp','British Columbia','Canada','H9A','50.24987','-117.80226'),(560,'0803 Stephen Parkway','517','Cardinal','Amos','Québec','Canada','J9T','48.5701842','-78.1143214'),(561,'4 Bellgrove Junction','79','Jackson','Waterloo','Québec','Canada','V9J','45.35008','-72.51582'),(562,'73656 Merchant Avenue','9047','Troy','La Tuque','Québec','Canada','G9X','47.4175416','-72.7840882'),(563,'0 Daystar Parkway','97624','Bonner','Timmins','Ontario','Canada','P4P','48.4980698','-81.3463468'),(564,'80347 Northfield Parkway','36','Valley Edge','Acton Vale','Québec','Canada','G0E','45.65007','-72.56582'),(565,'176 Algoma Road','9','Eagle Crest','Kirkland Lake','Ontario','Canada','P2N','48.1510123','-80.0330343'),(566,'85392 Forest Dale Terrace','3837','Old Gate','Fairview','Alberta','Canada','L1M','56.06675','-118.38606'),(567,'312 Oak Trail','7','Kingsford','Little Getdate()','Ontario','Canada','J6A','45.97927','-81.9248'),(568,'8 Oak Valley Crossing','0594','Clemons','Beloeil','Québec','Canada','J3H','45.551643','-73.1932647'),(569,'012 Del Sol Terrace','36','Cherokee','sechelt','British Columbia','Canada','K1B','49.47512','-123.75903'),(570,'582 Carey Center','3263','Gateway','Casselman','Ontario','Canada','G8A','45.3168','-75.0826'),(571,'829 Westridge Hill','79638','Main','Carleton Place','Ontario','Canada','K7C','45.129308','-76.1423766'),(572,'87294 Logan Street','82540','Elgar','Keswick','Ontario','Canada','L4P','44.2298189','-79.4619506'),(573,'94 Pond Trail','8','susan','Carleton Place','Ontario','Canada','K7C','45.129308','-76.1423766'),(574,'68527 Derek Lane','655','scott','saint-Ambroise','Québec','Canada','G7P','48.5556837','-71.3205493'),(575,'11186 Delladonna Park','08','Bobwhite','Port-Cartier','Québec','Canada','G5B','50.0234664','-66.8869412'),(576,'49079 Cottonwood Point','2','Everett','Oakville','Ontario','Canada','L6J','43.4794825','-79.6558242'),(577,'84045 Cordelia Lane','4820','Anniversary','Ladner','British Columbia','Canada','V7A','49.08938','-123.08241'),(578,'03871 Sunnyside Parkway','3','Blaine','saint-Rémi','Québec','Canada','K1G','45.26678','-73.61588'),
(579,'0 Aberg Pass','6823','Bay','Montague','Prince Edward Island','Canada','C0A','46.1650664','-62.6480207'),(580,'96 Weeping Birch Way','66090','Ilene','Merritt','British Columbia','Canada','V1K','50.1113079','-120.7862222'),(581,'0361 Truax Terrace','4610','sycamore','Delson','Québec','Canada','J5B','45.3689432','-73.5408926'),(582,'65154 Barby Point','7','Cordelia','Fort Erie','Ontario','Canada','L2A','42.9038743','-78.9344814'),(583,'55799 Summer Ridge Plaza','1','Arkansas','st. Catharines','Ontario','Canada','L2P','43.1508732','-79.2056361'),(584,'4 Dexter Park','002','Truax','Pont-Rouge','Québec','Canada','G3H','46.7498338','-71.693538'),(585,'459 Mosinee Street','997','Crest Line','Cabano','Québec','Canada','T9H','47.68065','-68.8781'),(586,'0 Mccormick Parkway','1414','Cordelia','Wolfville','Nova Scotia','Canada','B4P','45.089753','-64.3623382'),(587,'7 Porter Court','6','Ohio','Acton Vale','Québec','Canada','G0E','45.65007','-72.56582'),(588,'2 Menomonie Hill','98','scott','Windsor','Ontario','Canada','J1S','45.5787215','-72.001055'),(589,'35 Brown Crossing','3131','Colorado','Macklin','saskatchewan','Canada','B0K','52.33344','-109.93484'),(590,'6738 Nova Road','094','Roth','Thetford-Mines','Québec','Canada','G6G','46.1098585','-71.2983257'),(591,'20 Larry Place','783','Washington','Lewisporte','Newfoundland and Labrador','Canada','M2K','49.24993','-55.04816'),(592,'872 Oak Junction','9','Corben','Berthierville','Québec','Canada','s3N','46.08336','-73.18245'),(593,'2 Bellgrove Road','706','Bay','Princeville','Québec','Canada','J1J','46.171607','-71.875654'),(594,'477 Magdeline Crossing','42538','Eliot','shediac','New Brunswick','Canada','E4P','46.2201972','-64.5346866'),(595,'632 Orin Road','28044','Eagan','Neepawa','Manitoba','Canada','H3Z','50.22892','-99.46642'),(596,'80 Bayside Avenue','5','Westerfield','Mattawa','Ontario','Canada','V5M','46.31681','-78.69957'),(597,'88 Debs Alley','59','Calypso','Banff','Alberta','Canada','T1L','51.1845319','-115.572212'),(598,'3412 Texas Avenue','95','Graedel','saint-Augustin','Québec','Canada','G5J','48.4590993','-67.4401254'),(599,'5 Mayer Center','9','Independence','saint-Eustache','Québec','Canada','J7R','45.559393','-73.907613'),(600,'3226 Mayer Plaza','914','Village','Deep River','Ontario','Canada','M4J','46.0972432','-77.494026'),(601,'21686 Village Green Pass','54','Ludington','Lorraine','Québec','Canada','J7B','45.6628665','-73.8134978'),(602,'4 Stang Drive','0','sunbrook','swan Hills','Alberta','Canada','L2T','54.71681','-115.40226'),(603,'7954 Florence Drive','460','Columbus','Vanderhoof','British Columbia','Canada','G9A','54.01657','-124.01982'),
(604,'2455 Grim Circle','54','Ryan','st. Catharines','Ontario','Canada','L2P','43.1508732','-79.2056361'),(605,'23067 Golf Place','40','Ronald Regan','Biggar','saskatchewan','Canada','N1S','52.0668','-108.00135'),(606,'79 Reinke Parkway','725','Talmadge','sicamous','British Columbia','Canada','G2L','50.83312','-118.98565'),(607,'2 Hayes Lane','9','Hayes','Kirkland','Québec','Canada','H9J','45.448409','-73.858939'),(608,'891 Pennsylvania Road','64','Claremont','Maniwaki','Québec','Canada','J9E','46.3799618','-75.9685597'),(609,'2534 Barnett Junction','739','Laurel','Kirkland','Québec','Canada','H9J','45.448409','-73.858939'),(610,'0 Moland Hill','53','Riverside','Deep River','Ontario','Canada','M4J','46.0972432','-77.494026'),(611,'0 Texas Circle','2517','Monterey','Maniwaki','Québec','Canada','J9E','46.3799618','-75.9685597'),(612,'95180 Park Meadow Terrace','716','Goodland','Acton Vale','Québec','Canada','G0E','45.65007','-72.56582'),(613,'19 Columbus Parkway','7','Everett','White Rock','British Columbia','Canada','V4B','49.0253085','-122.802962'),(614,'94 Forster Circle','0747','Northland','Owen Sound','Ontario','Canada','N4K','44.57629','-80.9206653'),(615,'7 Mifflin Road','8254','Gateway','sarnia','Ontario','Canada','N7V','42.9946912','-82.394'),(616,'629 Sullivan Hill','908','Artisan','Fredericton','New Brunswick','Canada','E3G','46.0765073','-66.7299108'),(617,'3753 Messerschmidt Avenue','50','Vahlen','sparwood','British Columbia','Canada','M2J','43.805479','-79.3817651'),(618,'9572 Westend Crossing','0','Granby','Lamont','Alberta','Canada','N2E','53.76686','-112.80195'),(619,'6 Monica Junction','79','Raven','Lac du Bonnet','Manitoba','Canada','H4S','50.2536','-96.06116'),(620,'890 Golf View Court','12602','sachtjen','swift Getdate()','saskatchewan','Canada','s9H','50.2927014','-107.8016967'),(621,'631 Schlimgen Center','51458','schiller','Lewisporte','Newfoundland and Labrador','Canada','M2K','49.24993','-55.04816'),(622,'1 Loftsgordon Parkway','752','Burning Wood','Lanigan','saskatchewan','Canada','J7A','51.85006','-105.03443'),(623,'5301 Onsgard Street','62','Kingsford','Wingham','Ontario','Canada','T5K','43.88793','-81.31145'),(624,'49150 Westridge Trail','26','superior','Marathon','Ontario','Canada','P6A','46.4969139','-84.3457671'),(625,'4188 Cascade Junction','460','Buell','Fermont','Québec','Canada','J1E','52.78345','-67.08204'),(626,'00991 Evergreen Point','5','Buhler','Anmore','British Columbia','Canada','V5A','49.2686175','-122.9364381'),(627,'0618 Kenwood Point','75488','Merchant','Lambton Shores','Ontario','Canada','J5T','43.16678','-81.93309')
,(628,'7 Wayridge Street','310','Hooker','Port Colborne','Ontario','Canada','L3K','42.896821','-79.2620294'),(629,'155 Graceland Park','7','Montana','Boissevain','Manitoba','Canada','G7S','49.23062','-100.05586'),(630,'13183 Transport Parkway','6622','Pennsylvania','Grand Bank','Newfoundland and Labrador','Canada','E8K','47.09995','-55.76504'),(631,'2 Gina Pass','592','Veith','Marystown','Newfoundland and Labrador','Canada','L2N','47.16663','-55.14829'),(632,'05133 Carberry Parkway','6','Northview','Harrison Brook','New Brunswick','Canada','E7E','47.216667','-67.916667'),(633,'66919 Bartelt Park','69460','Thierer','Minnedosa','Manitoba','Canada','N3E','50.2477455','-99.8375158'),(634,'55 Havey Alley','23','Welch','Peterborough','Ontario','Canada','K9H','44.330811','-78.3216329'),(635,'11 Stang Drive','5644','scoville','selkirk','Manitoba','Canada','R1A','50.1369112','-96.8791564'),(636,'574 Anniversary Pass','25','Kedzie','Armstrong','British Columbia','Canada','M9R','50.44979','-119.20235'),(637,'169 Independence Way','048','Helena','Beauceville','Québec','Canada','G5X','46.2051265','-70.7720325'),(638,'6719 Pierstorff Terrace','6298','Hoard','Killam','Alberta','Canada','A0A','47.5860611','-52.6912126'),(639,'098 Boyd Trail','574','Algoma','Boissevain','Manitoba','Canada','G7S','49.23062','-100.05586'),(640,'2 Monica Hill','2654','Commercial','south River','Ontario','Canada','P3Y','45.8334','-79.38293'),(641,'0 Shopko Street','1','Hoffman','Chambly','Québec','Canada','J3L','45.4399116','-73.2875277'),(642,'088 Loeprich Court','59','Hanover','Pilot Butte','saskatchewan','Canada','N8M','50.46678','-104.41778'),(643,'9 Sommers Terrace','0949','shasta','Amqui','Québec','Canada','G5J','48.465994','-67.4324153'),(644,'2 Helena Street','26998','Mendota','Logan Lake','British Columbia','Canada','T3S','50.49976','-120.80253'),(645,'53 Farragut Court','37420','Northwestern','Oak Bay','British Columbia','Canada','V8S','48.42647','-123.3227421'),(646,'9 Starling Avenue','42261','Waywood','saskatoon','saskatchewan','Canada','s7W','52.1527462','-106.5473023'),(647,'8358 Hintze Road','19675','Prairie Rose','Newmarket','Ontario','Canada','L9N','44.1087666','-79.4985091'),(648,'439 Meadow Valley Court','56','Weeping Birch','Bassano','Alberta','Canada','M5G','50.78342','-112.46854'),(649,'7 Hintze Point','4','Jackson','Killarney','Manitoba','Canada','V9B','49.18332','-99.66364'),(650,'455 Eagle Crest Place','155','Melby','Aldergrove','British Columbia','Canada','V4W','49.0580516','-122.4706669'),
(651,'7746 Kropf Terrace','07','Clemons','stettler','Alberta','Canada','G8J','52.31683','-112.71861'),(652,'40 Duke Junction','7','Morningstar','North Perth','Ontario','Canada','E6J','43.7251','-80.96723'),(653,'6 Mifflin Place','10','Waubesa','sylvan Lake','Alberta','Canada','T4S','52.3076201','-114.0979947'),(654,'5991 Barnett Street','83','Thompson','saint-Ambroise','Québec','Canada','G7P','48.5556837','-71.3205493'),(655,'1 Thierer Center','7588','Fallview','Kitimat','British Columbia','Canada','V8C','54.0632737','-128.6369607'),(656,'97 Ohio Center','5','Hudson','Blainville','Québec','Canada','J7J','45.7013243','-73.9284855'),(657,'626 Straubel Point','61559','Mccormick','Outlook','saskatchewan','Canada','N3S','51.50008','-107.05128'),(658,'17064 Banding Alley','16506','sauthoff','Amherstburg','Ontario','Canada','N9V','42.103278','-83.1059154'),(659,'9920 Westport Trail','5276','Orin','Iqaluit','Nunavut','Canada','K6K','63.75059','-68.51449'),(660,'70481 Warrior Trail','502','sachtjen','Harrison Brook','New Brunswick','Canada','E7E','47.216667','-67.916667'),(661,'0 Schlimgen Point','70132','service','Peace River','Alberta','Canada','T8S','56.2341823','-117.2893839'),(662,'38406 American Court','661','Warbler','Kensington','Prince Edward Island','Canada','s7K','52.125546','-106.6611689'),(663,'28792 Ludington Plaza','2122','Boyd','Fort Macleod','Alberta','Canada','V6S','49.71671','-113.41857'),(664,'810 Kensington Alley','80627','Coleman','Baie-Comeau','Québec','Canada','K1M','49.2211865','-68.1518275'),(665,'9723 Buell Pass','0181','Dwight','East Angus','Québec','Canada','N2B','45.48338','-71.66577'),(666,'33184 Old Gate Parkway','74','Evergreen','Gibbons','Alberta','Canada','M1E','53.83345','-113.33531'),(667,'16888 Ridgeway Trail','36411','Farwell','Mississauga','Ontario','Canada','L5W','43.6368159','-79.7119419'),(668,'18311 Beilfuss Drive','649','Norway Maple','Richmond','Québec','Canada','V6Z','49.2725714','-123.1207968'),(669,'5 Farragut Avenue','238','Beilfuss','Beausejour','Manitoba','Canada','M1C','50.0622','-96.51669'),(670,'6 Vernon Center','15197','Anzinger','Olds','Alberta','Canada','T4H','51.7920135','-114.105279'),(671,'8903 Londonderry Hill','60875','spenser','Ingersoll','Ontario','Canada','N5C','43.0370523','-80.8810794'),(672,'25110 Bartelt Trail','24047','Buena Vista','Boucherville','Québec','Canada','J4B','45.5833482','-73.4372336'),(673,'289 Aberg Center','2013','stephen','Logan Lake','British Columbia','Canada','T3S','50.49976','-120.80253'),
(674,'6966 Derek Avenue','82098','Valley Edge','Moncton','New Brunswick','Canada','E1C','46.1055153','-64.8115713'),(675,'269 Graedel Alley','0','Pankratz','Gjoa Haven','Nunavut','Canada','J7R','68.62602','-95.87836'),(676,'8534 Meadow Valley Center','52813','Dunning','sundre','Alberta','Canada','L9H','51.8001','-114.63532'),(677,'44 Granby Parkway','96','Chive','Mont-Royal','Québec','Canada','H5B','45.5080397','-73.564543'),(678,'64 Gina Junction','36123','Bowman','Nelson','British Columbia','Canada','V1L','49.4928119','-117.2948343'),(679,'3 Barby Point','06741','Browning','Kitchener','Ontario','Canada','N2R','43.3851754','-80.4882672'),(680,'5730 Valley Edge Hill','835','Oneill','Joliette','Québec','Canada','J6E','46.0285851','-73.4499872'),(681,'00296 Iowa Way','54800','Ridge Oak','Beloeil','Québec','Canada','J3H','45.551643','-73.1932647'),(682,'9 Sage Crossing','3997','Pierstorff','Arnprior','Ontario','Canada','K7S','45.4331407','-76.3609305'),(683,'05 Messerschmidt Park','11544','Del Mar','Osoyoos','British Columbia','Canada','N9V','49.03306','-119.45237'),(684,'240 Debs Pass','768','Meadow Valley','Amqui','Québec','Canada','G5J','48.465994','-67.4324153'),(685,'6119 Everett Plaza','92','Mesta','Crossfield','Alberta','Canada','B0N','51.43341','-114.03528'),(686,'6 Sunbrook Park','56816','Coleman','Mont-Laurier','Québec','Canada','J9L','46.5485854','-75.5194643'),(687,'35327 Ridgeway Pass','90','Prairie Rose','Omemee','Ontario','Canada','V1E','44.29897','-78.55989'),(688,'8049 Golf Avenue','15','Anzinger','sechelt','British Columbia','Canada','K1B','49.47512','-123.75903'),(689,'2 Vidon Alley','8469','Portage','Golden','British Columbia','Canada','J9Z','51.29995','-116.9689'),(690,'01 Warbler Pass','6','Independence','Victoria','British Columbia','Canada','V9A','48.4373686','-123.4112839'),(691,'56 New Castle Crossing','99984','David','saint-Ambroise','Québec','Canada','G7P','48.5556837','-71.3205493'),(692,'2437 Barby Court','9707','Division','Lacolle','Québec','Canada','E5A','45.08338','-73.36585'),(693,'239 Pierstorff Terrace','6','Beilfuss','Pont-Rouge','Québec','Canada','G3H','46.7498338','-71.693538'),(694,'17 Algoma Hill','1605','Meadow Valley','Whitehorse','Yukon Territory','Canada','Y1A','60.7610412','-135.1742264'),(695,'23170 Northwestern Drive','98','Buena Vista','saint John','New Brunswick','Canada','E2L','45.271697','-66.0549467'),(696,'11150 Golden Leaf Circle','71','Ryan','saint-Jérôme','Québec','Canada','J7Z','45.7738831','-73.9771044'),
(697,'8 Ohio Way','82533','Oneill','Waterloo','Ontario','Canada','N2L','43.4714875','-80.5494007'),(698,'0336 Macpherson Point','3897','Westridge','Melita','Manitoba','Canada','M5L','49.26811','-100.99669'),(699,'575 8th Crossing','2','Buena Vista','Lachute','Québec','Canada','J8H','45.6542789','-74.3481941'),(700,'8390 Butterfield Crossing','269','Kennedy','Thompson','Manitoba','Canada','R8N','55.7454343','-97.8681552'),(701,'9476 Dunning Alley','90437','Chive','Kelowna','British Columbia','Canada','V1Y','49.8856767','-119.4783845'),(702,'01407 Steensland Road','341','Veith','stettler','Alberta','Canada','G8J','52.31683','-112.71861'),(703,'657 Twin Pines Court','78593','Northwestern','Revelstoke','British Columbia','Canada','H9K','50.98317','-118.2023'),(704,'248 Delaware Avenue','53','superior','Amos','Québec','Canada','J9T','48.5701842','-78.1143214'),(705,'40 Sutteridge Junction','57731','Muir','Fairview','Alberta','Canada','L1M','56.06675','-118.38606'),(706,'35605 Blaine Road','185','scoville','Rosthern','saskatchewan','Canada','B0L','52.66679','-106.33446'),(707,'71 Armistice Plaza','5','Grasskamp','Leduc','Alberta','Canada','T9E','53.2580126','-113.5502218'),(708,'93680 Old Shore Parkway','089','Fallview','Windsor','Ontario','Canada','J1S','45.5787215','-72.001055'),(709,'1 Maple Wood Alley','88','Roxbury','stony Plain','Alberta','Canada','T7Z','53.5279314','-114.001928'),(710,'553 Atwood Road','539','Hanson','saint-Tite','Québec','Canada','G8B','46.73336','-72.56581'),(711,'6 Browning Trail','3','Mallard','Grimshaw','Alberta','Canada','N4W','45.0417524','-73.9260044'),(712,'33394 Transport Parkway','49693','Boyd','Oshawa','Ontario','Canada','L1K','43.9332185','-78.8439268'),(713,'197 Sundown Terrace','9','Bluejay','Nipawin','saskatchewan','Canada','V9B','53.36678','-104.00092'),(714,'3936 Comanche Center','509','Mendota','Barraute','Québec','Canada','P0M','48.43349','-77.63279'),(715,'52452 Warrior Lane','0','Huxley','Espanola','Ontario','Canada','P5E','46.2657181','-81.771057'),(716,'04 Manitowish Hill','8','Twin Pines','Brant','Ontario','Canada','N3T','43.1564817','-80.1651854'),(717,'537 Memorial Street','2064','Lyons','sainte-Thérèse','Québec','Canada','J7G','45.6181396','-73.8394482'),(718,'49228 Cherokee Parkway','546','Donald','Boissevain','Manitoba','Canada','G7S','49.23062','-100.05586'),(719,'8365 Algoma Trail','2064','Old Gate','Lévis','Québec','Canada','G6W','46.7530428','-71.2196569'),
(720,'0510 Gina Alley','15','Fuller','sainte-Anne-des-Plaines','Québec','Canada','J4X','45.76468','-73.81156'),(721,'62 Eastlawn Drive','52901','Hoepker','Burgeo','Newfoundland and Labrador','Canada','N9A','47.61668','-57.61516'),(722,'4704 Mayfield Alley','2','Judy','Oxbow','saskatchewan','Canada','T9M','49.23335','-102.1676'),(723,'6 Carpenter Center','6','Donald','salaberry-de-Valleyfield','Québec','Canada','J3Y','45.5159664','-73.4049684'),(724,'9455 Bobwhite Street','45763','Commercial','Lloydminster','saskatchewan','Canada','s9V','53.2771781','-109.9850454'),(725,'993 Towne Center','7','Reindahl','Bouctouche','Nouveau-Brunswick','Canada','E4S','46.4722761','-64.7242645'),(726,'1203 Birchwood Road','2','Buell','Grande Cache','Alberta','Canada','N2Z','53.88335','-119.13585'),(727,'43994 Carioca Street','741','Cordelia','Trois-Rivières','Québec','Canada','L8J','46.34515','-72.5477'),(728,'000 Autumn Leaf Center','323','Center','senneterre','Québec','Canada','L0P','48.39302','-77.23951'),(729,'715 Corscot Junction','4','Bellgrove','Ormstown','Québec','Canada','J0S','45.0934491','-73.9764283'),(730,'8 Bunker Hill Street','09','Banding','Kentville','Nova Scotia','Canada','B4N','45.0769115','-64.4944735'),(731,'0103 Oak Valley Circle','993','Hauk','Belleville','Ontario','Canada','K8P','44.165829','-77.3956004'),(732,'780 Heffernan Park','9','Meadow Ridge','Assiniboia','saskatchewan','Canada','H3C','49.63336','-105.98446'),(733,'7917 Monument Court','848','Transport','Middleton','Nova Scotia','Canada','K9V','44.95015','-65.0655'),(734,'0 Dottie Crossing','17','Declaration','Grimshaw','Alberta','Canada','N4W','45.0417524','-73.9260044'),(735,'75 Doe Crossing Alley','8216','Caliangt','Ingersoll','Ontario','Canada','N5C','43.0370523','-80.8810794'),(736,'494 Oneill Way','640','Canary','Atikokan','Ontario','Canada','K1Y','48.75667','-91.62409'),(737,'203 Village Point','26127','Delaware','saint-Félicien','Québec','Canada','G8K','48.6513092','-72.4519727'),(738,'70596 Waywood Court','24686','steensland','Atikokan','Ontario','Canada','K1Y','48.75667','-91.62409'),(739,'540 Union Circle','0','Forest Dale','saint-Raymond','Québec','Canada','G3L','46.8922184','-71.8291245'),(740,'1 Merrick Drive','1','summerview','Unity','saskatchewan','Canada','J8R','45.4139794','-75.7103682'),(741,'61618 Almo Place','9','sloan','Lanigan','saskatchewan','Canada','J7A','51.85006','-105.03443'),
(742,'76 Mcguire Street','7663','Crest Line','Harbour Breton','Newfoundland and Labrador','Canada','M4N','47.48325','-55.79833'),(743,'10396 Talisman Road','347','Prairie Rose','Timmins','Ontario','Canada','P4P','48.4980698','-81.3463468'),(744,'79375 Bultman Parkway','96504','schiller','Weyburn','saskatchewan','Canada','s4H','49.6666528','-103.8451959'),(745,'4 Miller Circle','3822','Artisan','Osoyoos','British Columbia','Canada','N9V','49.03306','-119.45237'),(746,'4 Mcbride Crossing','671','Golf','Kirkland','Québec','Canada','H9J','45.448409','-73.858939'),(747,'32633 Vernon Park','3220','Mandrake','Ashcroft','British Columbia','Canada','L0R','50.72372','-121.28207'),(748,'3223 Ramsey Hill','66','New Castle','Lewisporte','Newfoundland and Labrador','Canada','M2K','49.24993','-55.04816'),(749,'19426 Center Parkway','72','Roxbury','Estevan','saskatchewan','Canada','s4A','49.1472664','-102.9866567'),(750,'80691 Express Trail','4','Algoma','Fruitvale','British Columbia','Canada','K2H','49.11654','-117.55222'),(751,'47 Veith Plaza','05','Donald','Coaticook','Québec','Canada','J1A','45.1306898','-71.8121012'),(752,'6564 Monument Road','6650','Homewood','Rocky Mountain House','Alberta','Canada','T4T','52.3793432','-114.9182883'),(753,'813 Doe Crossing Lane','634','Grim','Campbellton','New Brunswick','Canada','E3N','48.007399','-66.6722057'),(754,'48352 Lindbergh Avenue','4','surrey','Pictou','Nova Scotia','Canada','M1M','45.67875','-62.70936'),(755,'97 Sachtjen Road','48681','Warrior','Renfrew','Ontario','Canada','K7V','45.4718665','-76.6841393'),(756,'7337 Mesta Drive','073','Onsgard','Niverville','Manitoba','Canada','T5G','49.60559','-97.04234'),(757,'47622 Bartelt Crossing','64195','Linden','summerland','British Columbia','Canada','H1V','49.59977','-119.66911'),(758,'59925 Onsgard Trail','814','Jenna','Penhold','Alberta','Canada','L2E','52.13342','-113.8687'),(759,'96 Di Loreto Terrace','239','sommers','Hudson Bay','saskatchewan','Canada','K2J','45.346466','-75.807881'),(760,'7 Fulton Pass','6','Del Mar','Port Colborne','Ontario','Canada','L3K','42.896821','-79.2620294'),(761,'034 Roth Pass','98','3rd','Crossfield','Alberta','Canada','B0N','51.43341','-114.03528'),(762,'18535 Fulton Place','3','Troy','Lethbridge','Alberta','Canada','T1K','49.6619465','-112.8149467'),
(763,'33 Maryland Way','5407','Badeau','st. Catharines','Ontario','Canada','L2P','43.1508732','-79.2056361'),(764,'43525 Prentice Parkway','57','Rockefeller','strathmore','Alberta','Canada','T1P','51.0376583','-113.3992725'),(765,'45 Comanche Trail','5','Kings','Peace River','Alberta','Canada','T8S','56.2341823','-117.2893839'),(766,'4 Mallory Street','22','Clemons','skatepark','Ontario','Canada','K7R','44.1875931','-77.3882908'),(767,'78 Blue Bill Park Court','8408','Melvin','sherbrooke','Québec','Canada','J1K','45.3859182','-71.936914'),(768,'6418 Bobwhite Hill','52243','Londonderry','sainte-Martine','Québec','Canada','A1C','47.5688259','-52.7079539'),(769,'8 Linden Drive','86','Fordem','Pilot Butte','saskatchewan','Canada','N8M','50.46678','-104.41778'),(770,'131 Sullivan Park','894','Algoma','Vanderhoof','British Columbia','Canada','G9A','54.01657','-124.01982'),(771,'1308 Hoffman Park','53','Welch','Okanagan','British Columbia','Canada','T0P','49.8531509','-119.611543'),(772,'5335 John Wall Plaza','0463','Rutledge','smiths Falls','Ontario','Canada','K7A','44.891731','-76.0289414'),(773,'09 Huxley Road','453','Coleman','Gananoque','Ontario','Canada','K7G','44.3287491','-76.1635651'),(774,'9081 Welch Hill','27','Autumn Leaf','Innisfil','Ontario','Canada','L9S','44.3417656','-79.542666'),(775,'4 Anzinger Place','19','scott','Kelowna','British Columbia','Canada','V1Y','49.8856767','-119.4783845'),(776,'57 Larry Park','4393','Moland','North Battleford','saskatchewan','Canada','s9A','52.7785658','-108.2930839'),(777,'97438 Alpine Circle','0912','straubel','Mont-Tremblant','Québec','Canada','J8E','46.1223915','-74.5838514'),(778,'9 Morning Hill','8','Porter','Antigonish','Nova Scotia','Canada','B2G','45.6243985','-62.002631'),(779,'739 Kings Drive','0669','International','Lorraine','Québec','Canada','J7B','45.6628665','-73.8134978'),(780,'7 Golf Point','4','Fuller','Edson','Alberta','Canada','T7E','53.5855087','-116.4428615'),(781,'90685 Warner Center','37','Warrior','Moosomin','saskatchewan','Canada','H4J','50.13332','-101.66766'),(782,'9106 Evergreen Avenue','0','Warbler','swift Getdate()','saskatchewan','Canada','s9H','50.2927014','-107.8016967'),(783,'92 Dakota Parkway','5','sunnyside','Orangeville','Ontario','Canada','T1J','43.9168','-80.09967'),(784,'956 Tennessee Center','31134','Arkansas','Plessisville','Québec','Canada','G6L','46.2194458','-71.7713791'),(785,'1 Mallory Parkway','438','Cordelia','Moose Jaw','saskatchewan','Canada','s6J','50.4163784','-105.5361463'),(786,'59 Buena Vista Crossing','94','Beilfuss','Chase','British Columbia','Canada','H4R','50.8137495','-119.6934422'),(787,'6 Springs Drive','24094','Brentwood','Moosomin','saskatchewan','Canada','H4J','50.13332','-101.66766'),(788,'19 Nobel Hill','658','Erie','sainte-Martine','Québec','Canada','A1C','47.5688259','-52.7079539'),(789,'09 North Junction','43','Express','sicamous','British Columbia','Canada','G2L','50.83312','-118.98565'),(790,'0 Ryan Avenue','904','Continental','Brampton','Ontario','Canada','L7A','43.691162','-79.8408787'),(791,'50472 Ryan Court','72504','Fairview','Montague','Prince Edward Island','Canada','C0A','46.1650664','-62.6480207'),(792,'79 Golf Course Crossing','84','Redwing','Ashcroft','British Columbia','Canada','L0R','50.72372','-121.28207'),(793,'491 Claremont Junction','3088','Pawling','Wingham','Ontario','Canada','T5K','43.88793','-81.31145'),(794,'91 Kings Crossing','45','sunnyside','Fermont','Québec','Canada','J1E','52.78345','-67.08204'),(795,'3110 Fulton Alley','5447','Maywood','Macklin','saskatchewan','Canada','B0K','52.33344','-109.93484'),(796,'676 Redwing Parkway','95','Judy','Port Hawkesbury','Nova Scotia','Canada','B9A','45.6152297','-61.3552089'),(797,'57 Aberg Terrace','79','Bluestem','Lillooet','British Columbia','Canada','H9G','50.6856','-121.942'),(798,'6 Heffernan Center','361','Wayridge','Mont-Tremblant','Québec','Canada','J8E','46.1223915','-74.5838514'),(799,'34 Helena Circle','992','Hagan','Vanderhoof','British Columbia','Canada','G9A','54.01657','-124.01982'),(800,'94986 Mccormick Lane','167','Mendota','Digby','Nova Scotia','Canada','N3Y','44.61685','-65.76555'),(801,'9 Eastlawn Place','063','Colorado','Prince Albert','saskatchewan','Canada','s6W','53.1762084','-105.7514651'),(802,'924 Autumn Leaf Trail','87563','summerview','Kensington','Prince Edward Island','Canada','s7K','52.125546','-106.6611689'),(803,'29399 High Crossing Avenue','125','Hermina','Oxbow','saskatchewan','Canada','T9M','49.23335','-102.1676'),(804,'2989 Kenwood Alley','255','Nancy','Kentville','Nova Scotia','Canada','B4N','45.0769115','-64.4944735'),(805,'18432 Bayside Drive','3281','Norway Maple','Petawawa','Ontario','Canada','K8H','45.8903748','-77.2672051'),(806,'67554 Kim Park','46240','Hermina','Rosthern','saskatchewan','Canada','B0L','52.66679','-106.33446'),(807,'3 Havey Plaza','0','spohn','Bowen Island','British Columbia','Canada','V7W','49.3637828','-123.2679395'),(808,'0 Jana Parkway','9832','Nova','saint-Augustin-de-Desmaures','Québec','Canada','G3A','46.747041','-71.459344'),(809,'316 Rowland Pass','579','stephen','Hanna','Alberta','Canada','T6L','51.63343','-111.90181'),(810,'14118 6th Place','18','Larry','Owen Sound','Ontario','Canada','N4K','44.57629','-80.9206653'),(811,'19253 Dahle Avenue','7078','Bay','Edson','Alberta','Canada','T7E','53.5855087','-116.4428615'),(812,'12 Sundown Park','80157','Hansons','High River','Alberta','Canada','T1V','50.5801021','-113.8707312'),(813,'20 Talmadge Parkway','6823','Clarendon','Oakville','Ontario','Canada','L6J','43.4794825','-79.6558242'),(814,'9785 Independence Terrace','12','Declaration','Kitimat','British Columbia','Canada','V8C','54.0632737','-128.6369607'),(815,'06 Orin Parkway','0556','Ohio','sydney Mines','Nova Scotia','Canada','B1V','46.2475531','-60.2362743'),(816,'34373 Annamark Trail','88006','Acker','Brampton','Ontario','Canada','L7A','43.691162','-79.8408787'),(817,'362 Muir Street','96217','New Castle','Bonavista','Newfoundland and Labrador','Canada','E8M','48.64989','-53.11474'),(818,'8315 Westerfield Avenue','9','David','Trois-Rivières','Québec','Canada','L8J','46.34515','-72.5477'),(819,'18236 Norway Maple Way','66422','Utah','Trail','British Columbia','Canada','V1R','49.0965676','-117.71173'),(820,'460 Declaration Alley','0263','Hollow Ridge','Lacombe','Alberta','Canada','T4L','52.4630512','-113.7286241'),(821,'9 Brentwood Trail','5458','American Ash','Charlottetown','Prince Edward Island','Canada','C1B','46.2279096','-63.1016755'),(822,'914 Hoepker Trail','418','Blaine','Walnut Grove','British Columbia','Canada','V2X','49.2165148','-122.6562872'),(823,'43 Fremont Parkway','3728','Continental','Burns Lake','British Columbia','Canada','M4H','54.2331','-125.7533'),(824,'55907 Jana Plaza','537','Graceland','saint-Lin-Laurentides','Québec','Canada','J5M','45.8524432','-73.7572393'),(825,'901 Browning Terrace','4053','Evergreen','Fruitvale','British Columbia','Canada','K2H','49.11654','-117.55222'),(826,'3044 Beilfuss Street','0','Blue Bill Park','saint-Joseph-de-Coleraine','Québec','Canada','N2E','45.96677','-71.36577'),(827,'733 Summerview Way','7560','Forster','Conception Bay South','Newfoundland and Labrador','Canada','A1X','47.5083178','-52.9940605'),(828,'47 Schiller Trail','52','Thierer','Cabano','Québec','Canada','T9H','47.68065','-68.8781'),(829,'33659 Buhler Place','5169','Westerfield','Owen Sound','Ontario','Canada','N4K','44.57629','-80.9206653'),(830,'98202 Forest Dale Circle','1196','Del Sol','Montréal-Ouest','Québec','Canada','H5B','45.5080397','-73.564543'),(831,'75815 Kensington Road','419','Eagan','Kamloops','British Columbia','Canada','H9P','50.66648','-120.3192'),(832,'4369 Bellgrove Trail','4','Hermina','White City','saskatchewan','Canada','P0W','50.444953','-104.3624353'),(833,'304 1st Alley','8882','Florence','Collingwood','Ontario','Canada','L9Y','44.5007687','-80.2169047'),(834,'70 Corscot Crossing','15','Kingsford','Camlachie','Ontario','Canada','G5Z','43.03596','-82.1616'),(835,'1 Old Gate Center','01','Melby','Martensville','saskatchewan','Canada','L3R','52.28339','-106.66792'),(836,'22 Michigan Junction','2','sugar','saint-Eustache','Québec','Canada','J7R','45.559393','-73.907613'),(837,'79125 Fieldstone Parkway','584','Hansons','Espanola','Ontario','Canada','P5E','46.2657181','-81.771057'),(838,'5862 Bluejay Court','4858','Moulton','Vanderhoof','British Columbia','Canada','G9A','54.01657','-124.01982'),(839,'0 Clarendon Terrace','6','sachs','Côte-Saint-Luc','Québec','Canada','H7V','45.46536','-73.66585'),(840,'3989 3rd Way','296','Manufacturers','saint John','New Brunswick','Canada','E2L','45.271697','-66.0549467'),(841,'9813 Cottonwood Alley','89251','Lotheville','Petawawa','Ontario','Canada','K8H','45.8903748','-77.2672051'),(842,'11 Texas Crossing','040','Farwell','Ucluelet','British Columbia','Canada','G6E','48.94153','-125.54635'),(843,'55305 Maple Hill','633','Elka','Lacolle','Québec','Canada','E5A','45.08338','-73.36585'),(844,'921 Arizona Place','154','Monument','Kamloops','British Columbia','Canada','H9P','50.66648','-120.3192'),(845,'5 Fieldstone Crossing','22082','Pankratz','Delson','Québec','Canada','J5B','45.3689432','-73.5408926'),(846,'59460 Corry Park','880','Haas','Newmarket','Ontario','Canada','L9N','44.1087666','-79.4985091'),(847,'458 Linden Pass','9907','Di Loreto','L Assomption','Québec','Canada','J5W','45.8377021','-73.4310787'),(848,'5 Lerdahl Junction','98588','Independence','Port-Cartier','Québec','Canada','G5B','50.0234664','-66.8869412'),(849,'742 Thackeray Pass','7455','Emmet','Cap-Santé','Québec','Canada','N0H','46.67159','-71.78812'),(850,'3 Briar Crest Drive','17009','Little Fleur','Bridgewater','Nova Scotia','Canada','B4V','44.3710708','-64.5210039'),(851,'184 Union Way','72','Elka','saint-Eustache','Québec','Canada','J7R','45.559393','-73.907613'),(852,'1103 Pennsylvania Road','92217','Toban','Waterloo','Québec','Canada','V9J','45.35008','-72.51582'),(853,'00 Anniversary Street','3','Pleasure','Banff','Alberta','Canada','T1L','51.1845319','-115.572212'),(854,'9 Merry Pass','8532','Washington','Pangnirtung','Nunavut','Canada','M5T','66.14511','-65.71252'),(855,'0 Anthes Way','2803','Barnett','saint-Joseph-de-Coleraine','Québec','Canada','N2E','45.96677','-71.36577'),(856,'97 Maryland Way','992','Arkansas','Manning','Alberta','Canada','V3A','56.91683','-117.61945'),(857,'30321 Ridgeway Junction','4','Nelson','Hope','British Columbia','Canada','V7R','49.38299','-121.44144'),(858,'3511 Arkansas Alley','05360','Bonner','Bells Corners','Ontario','Canada','K2R','45.310056','-75.8292031'),(859,'96 Riverside Plaza','38','Dixon','saint Andrews','New Brunswick','Canada','E5B','45.0738432','-67.0530897'),(860,'0 Veith Circle','11','Tomscot','Angus','Ontario','Canada','J8Y','44.31681','-79.88295'),(861,'34343 Warbler Court','7','sheridan','Windsor','Ontario','Canada','J1S','45.5787215','-72.001055'),(862,'6518 Dapin Hill','06','Hazelcrest','Fort Macleod','Alberta','Canada','V6S','49.71671','-113.41857'),(863,'3 Scoville Court','60783','Russell','Ferme-Neuve','Québec','Canada','V5Y','46.70011','-75.44929'),(864,'0982 Wayridge Circle','15','Ilene','L Épiphanie','Québec','Canada','J5X','45.846967','-73.4924769'),(865,'88 Onsgard Court','54','Transport','saskatoon','saskatchewan','Canada','s7W','52.1527462','-106.5473023'),(866,'00188 Holmberg Pass','36690','Dixon','Thetford-Mines','Québec','Canada','G6G','46.1098585','-71.2983257'),(867,'2428 Shasta Trail','1','Oneill','saint-Joseph-de-Coleraine','Québec','Canada','N2E','45.96677','-71.36577'),(868,'246 La Follette Alley','555','Mifflin','Thompson','Manitoba','Canada','R8N','55.7454343','-97.8681552'),(869,'1798 Blue Bill Park Center','48','Jay','Norfolk County','Ontario','Canada','T0C','42.8334','-80.38297'),(870,'1 Everett Point','682','Fulton','Montréal-Est','Québec','Canada','J4N','45.5417415','-73.471152'),(871,'34845 Fieldstone Way','8','Rockefeller','Asbestos','Québec','Canada','J1T','45.7784442','-71.9229466'),(872,'1514 Drewry Hill','87','Briar Crest','Belfast','Prince Edward Island','Canada','L6S','46.08341','-62.88197'),(873,'92776 North Road','3','Anthes','Côte-Saint-Luc','Québec','Canada','H7V','45.46536','-73.66585'),(874,'5456 Lakeland Plaza','6525','schiller','Mercier','Québec','Canada','J6R','45.3204459','-73.7525458'),(875,'332 Washington Trail','2','Basil','Aylmer','Ontario','Canada','N5H','42.7729381','-80.9828842'),(876,'3 Warrior Street','1940','Coolidge','Neebing','Ontario','Canada','P7L','48.1735351','-89.4810715'),(877,'4916 Ryan Drive','1','Marquette','Owen Sound','Ontario','Canada','N4K','44.57629','-80.9206653'),(878,'48027 Fulton Lane','36225','Tony','Ladysmith','British Columbia','Canada','V9G','48.99534','-123.8161'),(879,'7 Fuller Road','05875','Moland','Matagami','Québec','Canada','N2M','49.75018','-77.63277'),(880,'44 Heffernan Place','61604','Caliangt','Catalina','Newfoundland and Labrador','Canada','B2V','48.51659','-53.08135'),(881,'71124 Mallory Circle','8294','Columbus','sylvan Lake','Alberta','Canada','T4S','52.3076201','-114.0979947'),(882,'7 Vermont Point','462','Talmadge','Anmore','British Columbia','Canada','V5A','49.2686175','-122.9364381'),(883,'833 Doe Crossing Alley','1214','New Castle','Killam','Alberta','Canada','A0A','47.5860611','-52.6912126'),(884,'123 Sullivan Pass','0','Forest','L Épiphanie','Québec','Canada','J5X','45.846967','-73.4924769'),(885,'17256 Granby Parkway','0','Mcbride','Mississauga','Ontario','Canada','L5W','43.6368159','-79.7119419'),(886,'98 Becker Lane','80','Prentice','Mirabel','Québec','Canada','J5K','45.7340335','-74.1402449'),(887,'73159 Meadow Vale Way','0910','Lunder','New-Richmond','Québec','Canada','J7R','48.16059','-65.85823'),(888,'310 Pleasure Trail','4958','Kingsford','Magog','Québec','Canada','J1X','45.2879358','-72.1547927'),(889,'171 Merchant Crossing','874','Fieldstone','Carbonear','Newfoundland and Labrador','Canada','A1Y','47.731518','-53.2341123'),(890,'11 Sutherland Crossing','43','Dexter','Melfort','saskatchewan','Canada','B3H','52.86673','-104.61768'),(891,'90 Westend Crossing','25976','Glendale','Richibucto','New Brunswick','Canada','E4W','46.6817873','-64.8659804'),(892,'7923 Brentwood Court','91','Lawn','Charlemagne','Québec','Canada','J6V','45.7249153','-73.4913241'),(893,'30 Drewry Drive','7394','Monument','Kamsack','saskatchewan','Canada','R2J','51.56668','-101.90093'),(894,'7 Kim Circle','51','Macpherson','Magrath','Alberta','Canada','J7G','49.41668','-112.86856'),(895,'229 Sachtjen Park','654','Del Sol','Peterborough','Ontario','Canada','K9H','44.330811','-78.3216329'),(896,'2 Bluestem Point','80','Charing Cross','Bécancour','Québec','Canada','G9H','46.4005111','-72.2690204'),(897,'40348 Jenifer Hill','7','Clove','sussex','New Brunswick','Canada','E4E','45.7236192','-65.5108761'),(898,'9 Monica Plaza','41944','Dahle','Lacolle','Québec','Canada','E5A','45.08338','-73.36585'),(899,'72 Drewry Trail','40','Dovetail','Lacolle','Québec','Canada','E5A','45.08338','-73.36585'),(900,'1977 Clemons Place','0','Portage','Airdrie','Alberta','Canada','T4B','51.2828145','-114.0371938'),(901,'5775 Golf Point','560','Dakota','Thessalon','Ontario','Canada','P0T','46.25006','-83.5666'),(902,'9 Claremont Street','819','Barby','Weyburn','saskatchewan','Canada','s4H','49.6666528','-103.8451959'),(903,'9 Springview Terrace','14','Bluestem','Marathon','Ontario','Canada','P6A','46.4969139','-84.3457671'),(904,'32 Anzinger Circle','77671','Miller','Pierreville','Québec','Canada','K2C','46.07034','-72.81125'),(905,'914 7th Point','1','straubel','Taber','Alberta','Canada','T1G','49.7859606','-112.1496533'),(906,'9341 Spenser Center','43','Banding','Houston','British Columbia','Canada','T9G','54.39976','-126.67008'),(907,'695 Thackeray Plaza','1','Onsgard','White City','saskatchewan','Canada','P0W','50.444953','-104.3624353'),(908,'21 8th Junction','9','Parkside','sainte-Marthe-sur-le-Lac','Québec','Canada','H9K','45.4574274','-73.9157063'),(909,'1 Swallow Avenue','1','New Castle','Gibbons','Alberta','Canada','M1E','53.83345','-113.33531'),(910,'1 Fordem Way','25','Glendale','Taber','Alberta','Canada','T1G','49.7859606','-112.1496533'),(911,'2843 Rockefeller Avenue','861','Thierer','Mont-Saint-Hilaire','Québec','Canada','J3H','45.5599168','-73.2004857'),(912,'7061 Stang Pass','85847','Lotheville','White Rock','British Columbia','Canada','V4B','49.0253085','-122.802962'),(913,'475 Elmside Point','13','Huxley','Renfrew','Ontario','Canada','K7V','45.4718665','-76.6841393'),(914,'23451 Cherokee Alley','131','Oriole','Midland','Ontario','Canada','L4R','44.7515479','-79.8779499'),(915,'81 Sugar Junction','69','Becker','Pemberton','British Columbia','Canada','E1W','50.31641','-122.80273'),(916,'89 Waubesa Terrace','53','Glendale','Hantsport','Nova Scotia','Canada','N5A','45.06685','-64.16544'),(917,'4 Lillian Drive','4361','Norway Maple','Revelstoke','British Columbia','Canada','H9K','50.98317','-118.2023'),(918,'7537 Dixon Court','65','sachtjen','smithers','British Columbia','Canada','P3N','54.78036','-127.17428'),(919,'476 Pepper Wood Way','5','Judy','Gjoa Haven','Nunavut','Canada','J7R','68.62602','-95.87836'),(920,'32379 Meadow Valley Lane','182','Maple','Maple Ridge','British Columbia','Canada','V2X','49.2227573','-122.6175451'),(921,'98 Armistice Crossing','6','Dapin','Kerrobert','saskatchewan','Canada','T1P','51.91682','-109.13479'),(922,'91935 Fairview Trail','213','North','saint-Jérôme','Québec','Canada','J7Z','45.7738831','-73.9771044'),(923,'498 Sheridan Point','97555','schiller','L Assomption','Québec','Canada','J5W','45.8377021','-73.4310787'),(924,'399 Tony Lane','75851','sommers','Moncton','New Brunswick','Canada','E1C','46.1055153','-64.8115713'),(925,'55 Reindahl Avenue','18234','Ramsey','Lamont','Alberta','Canada','N2E','53.76686','-112.80195'),(926,'62 Vernon Avenue','1','Pennsylvania','Jasper Park Lodge','Alberta','Canada','H3R','52.8861365','-118.0572366'),(927,'35 Dwight Park','268','Dakota','Fort Erie','Ontario','Canada','L2A','42.9038743','-78.9344814'),(928,'086 Delaware Pass','1','Lillian','Willowdale','Ontario','Canada','M3H','43.7543283','-79.4422593'),(929,'322 Holy Cross Lane','15','Buena Vista','Two Hills','Alberta','Canada','J9H','53.7131425','-111.743338'),(930,'9522 Reindahl Trail','116','Becker','sainte-Sophie','Québec','Canada','J5J','45.8206187','-73.9300943'),(931,'26 Sullivan Crossing','24','Packers','salaberry-de-Valleyfield','Québec','Canada','J3Y','45.5159664','-73.4049684'),(932,'6702 Hayes Road','1','Myrtle','New-Richmond','Québec','Canada','J7R','48.16059','-65.85823'),(933,'833 Swallow Trail','47','Morningstar','sainte-Agathe-des-Monts','Québec','Canada','J8C','46.0474907','-74.2739552'),(934,'66 Lotheville Road','6374','Doe Crossing','Prince Albert','saskatchewan','Canada','s6W','53.1762084','-105.7514651'),(935,'15 Ronald Regan Alley','2','Heffernan','Drummondville','Québec','Canada','J2E','45.9067495','-72.5406445'),(936,'4856 Scoville Park','74414','Corry','Oxford','Nova Scotia','Canada','K7A','45.73345','-63.86542'),(937,'6630 Fieldstone Crossing','981','Karstens','Lebel-sur-Quévillon','Québec','Canada','N2A','49.05018','-76.98273'),(938,'2 Colorado Lane','54','4th','Montague','Prince Edward Island','Canada','C0A','46.1650664','-62.6480207'),(939,'098 Utah Hill','84','Oakridge','Hudson','Québec','Canada','J0N','45.4585439','-74.1406654'),(940,'59 Bashford Junction','50','sheridan','Outlook','saskatchewan','Canada','N3S','51.50008','-107.05128'),(941,'40344 Shopko Lane','182','sauthoff','Varennes','Québec','Canada','J3X','45.6834469','-73.4248393'),(942,'892 Nobel Road','162','Hagan','La Ronge','saskatchewan','Canada','J9P','55.10013','-105.28422'),(943,'2 Michigan Avenue','60650','springview','Vegreville','Alberta','Canada','T9C','53.495408','-112.0538628'),(944,'7 Kingsford Parkway','13','Lake View','Timmins','Ontario','Canada','P4P','48.4980698','-81.3463468'),(945,'7996 Brentwood Junction','5','spaight','Coaticook','Québec','Canada','J1A','45.1306898','-71.8121012'),(946,'2 Iowa Place','1956','Mitchell','Bancroft','Ontario','Canada','s4X','45.05752','-77.85702'),(947,'238 Blaine Place','2','sommers','West Kelowna','British Columbia','Canada','V1Z','49.863612','-119.5644584'),(948,'315 Main Hill','03','Dexter','sydney Mines','Nova Scotia','Canada','B1V','46.2475531','-60.2362743'),(949,'54424 Hoepker Lane','2371','saint Paul','Kentville','Nova Scotia','Canada','B4N','45.0769115','-64.4944735'),(950,'43 Ridge Oak Crossing','05870','schlimgen','Donnacona','Québec','Canada','G3M','46.6908888','-71.7146783'),(951,'87 Valley Edge Drive','2955','Messerschmidt','Torbay','Newfoundland and Labrador','Canada','A1K','47.6593594','-52.7383086'),(952,'9397 Weeping Birch Drive','0598','Grim','Langford','British Columbia','Canada','V9C','48.4474626','-123.4956337'),(953,'39 Texas Point','2512','Manley','south River','Ontario','Canada','P3Y','45.8334','-79.38293'),(954,'598 Arrowood Junction','12','Milwaukee','Notre-Dame-des-Prairies','Québec','Canada','K6V','46.05007','-73.43245'),(955,'884 Clyde Gallagher Terrace','96','Merrick','La Ronge','saskatchewan','Canada','J9P','55.10013','-105.28422'),(956,'4 Prentice Avenue','857','Maple','swan Hills','Alberta','Canada','L2T','54.71681','-115.40226'),(957,'27 Homewood Hill','2','Iowa','Chester','Nova Scotia','Canada','N9A','44.55015','-64.24874'),(958,'2214 Armistice Parkway','32','summer Ridge','Waterloo','Ontario','Canada','N2L','43.4714875','-80.5494007'),(959,'35 Luster Street','24083','Independence','West End','British Columbia','Canada','V7Y','49.2867869','-123.130627'),(960,'6420 Macpherson Avenue','311','Northwestern','Lunenburg','Nova Scotia','Canada','M9L','44.38345','-64.31545'),(961,'4367 Roth Center','38876','Continental','Beausejour','Manitoba','Canada','M1C','50.0622','-96.51669'),(962,'6289 Tony Center','63454','Nelson','North York','Ontario','Canada','M3H','43.7543283','-79.4422593'),(963,'1063 Bellgrove Alley','32050','Kensington','sherwood Park','Alberta','Canada','T8A','53.5412083','-113.2957365'),(964,'44929 Continental Drive','63','Clemons','Biggar','saskatchewan','Canada','N1S','52.0668','-108.00135'),(965,'9162 Fisk Court','70','Everett','Mercier','Québec','Canada','J6R','45.3204459','-73.7525458'),(966,'1 Riverside Hill','0','Thackeray','Amherst','Nova Scotia','Canada','B4H','45.8299686','-64.2092372'),(967,'9864 Rockefeller Drive','171','Nancy','Miramichi','New Brunswick','Canada','L7G','47.02895','-65.50186'),(968,'3410 Brentwood Alley','99205','Transport','Belfast','Prince Edward Island','Canada','L6S','46.08341','-62.88197'),(969,'38688 Northridge Crossing','693','Bay','selkirk','Manitoba','Canada','R1A','50.1369112','-96.8791564'),(970,'2429 Southridge Avenue','9','Haas','Oromocto','New Brunswick','Canada','E2V','45.8486646','-66.4812859'),(971,'14452 Commercial Crossing','0','Melody','Ladner','British Columbia','Canada','V7A','49.08938','-123.08241'),(972,'51 Paget Crossing','27245','Monterey','Lewisporte','Newfoundland and Labrador','Canada','M2K','49.24993','-55.04816'),(973,'30460 Ramsey Junction','6338','Longview','Bassano','Alberta','Canada','M5G','50.78342','-112.46854'),(974,'007 Menomonie Point','19','Golf Course','Two Hills','Alberta','Canada','J9H','53.7131425','-111.743338'),(975,'95516 7th Junction','6658','Prairie Rose','Gibsons','British Columbia','Canada','L6R','43.6813726','-79.7761974'),(976,'9 Nelson Park','88','Bluejay','Irricana','Alberta','Canada','B3T','51.32372','-113.60475'),(977,'34605 Ohio Place','724','Caliangt','Oshawa','Ontario','Canada','L1K','43.9332185','-78.8439268'),(978,'4 Eliot Crossing','9258','Corry','Bonavista','Newfoundland and Labrador','Canada','E8M','48.64989','-53.11474'),(979,'1 Gale Hill','903','Farmco','Mattawa','Ontario','Canada','V5M','46.31681','-78.69957'),(980,'8733 American Ash Way','56','Old Gate','Vanderhoof','British Columbia','Canada','G9A','54.01657','-124.01982'),(981,'10 Karstens Avenue','8','Warbler','La Sarre','Québec','Canada','J9Z','48.7925732','-79.201011'),(982,'8797 Melrose Street','36','Ridgeview','Neebing','Ontario','Canada','P7L','48.1735351','-89.4810715'),(983,'72 Farragut Street','062','Hovde','Amqui','Québec','Canada','G5J','48.465994','-67.4324153'),(984,'29 Carioca Alley','9187','Forest','Mattawa','Ontario','Canada','V5M','46.31681','-78.69957'),(985,'4 Fair Oaks Point','789','Dottie','Ladysmith','British Columbia','Canada','V9G','48.99534','-123.8161'),(986,'37 Ohio Crossing','73322','scofield','Kapuskasing','Ontario','Canada','P5N','49.380268','-82.400129'),(987,'654 Pepper Wood Alley','8','Magdeline','sicamous','British Columbia','Canada','G2L','50.83312','-118.98565'),(988,'83097 Arizona Drive','76821','Quincy','Magog','Québec','Canada','J1X','45.2879358','-72.1547927'),(989,'405 Colorado Park','540','Linden','Outlook','saskatchewan','Canada','N3S','51.50008','-107.05128'),(990,'02302 Derek Lane','899','sachtjen','Concord','Ontario','Canada','L4K','43.798329','-79.5079073'),(991,'432 Sunbrook Way','44','Logan','Bowen Island','British Columbia','Canada','V7W','49.3637828','-123.2679395'),(992,'2273 Nova Road','317','Eagan','Mont-Joli','Québec','Canada','G5H','48.5847594','-68.1942711'),(993,'013 Myrtle Place','4270','school','North Perth','Ontario','Canada','E6J','43.7251','-80.96723'),(994,'249 Loeprich Parkway','38','Maple Wood','Kentville','Nova Scotia','Canada','B4N','45.0769115','-64.4944735'),
(995,'0793 Forest Run Center','44','Old Shore','Barraute','Québec','Canada','P0M','48.43349','-77.63279'),(996,'30 Algoma Circle','7','Bartelt','saint-Constant','Québec','Canada','J5A','45.3770527','-73.579509'),(997,'7826 Clove Park','45','Village','Pembroke','Ontario','Canada','K8B','45.805566','-77.0941047'),(998,'7186 Menomonie Hill','109','Graedel','Thompson','Manitoba','Canada','R8N','55.7454343','-97.8681552'),
(999,'89 Laurel Lane','659','Homewood','smiths Falls','Ontario','Canada','K7A','44.891731','-76.0289414')
,(1000,'28 Goodland Road','8','Hoepker','saint-André-Avellin','Québec','Canada','T5Y','45.7168','-75.06599');






DROP TABLE IF EXISTS [animals];

CREATE TABLE [animals] (
  [animal_id] int DEFAULT NULL,
  [name] varchar(50) DEFAULT NULL,
  [scientific_name] varchar(50) DEFAULT NULL
) 





INSERT INTO [animals]
VALUES (1,'Crake, african black','Limnocorax flavirostra'),
(2,'Deer, barasingha','Cervus duvauceli'),(3,'White-cheeked pintail','Anas bahamensis'),
(4,'Tortoise, indian star','Geochelone elegans'),(5,'Common zorro','Dusicyon thous'),(6,'White-eye, pale','Zosterops pallidus'),(7,'African black crake','Limnocorax flavirostra'),(8,'Macaque, japanese','Macaca fuscata'),(9,'Lesser mouse lemur','Microcebus murinus'),(10,'sulfur-crested cockatoo','Cacatua galerita'),(11,'Green-winged macaw','Ara chloroptera'),(12,'Flamingo, chilean','Phoenicopterus chilensis'),(13,'Egyptian cobra','Naja haje'),(14,'Waterbuck, defassa','Kobus defassa'),(15,'Miners cat','Bassariscus astutus'),(16,'Kori bustard','Choriotis kori'),(17,'Lion, stellers sea','Eumetopias jubatus'),(18,'sheep, stone','Ovis dalli stonei'),(19,'American marten','Martes americana'),(20,'Greater roadrunner','Geococcyx californianus'),(21,'Blue peacock','Pavo cristatus'),(22,'Gray rhea','Rhea americana'),(23,'skua, great','Catharacta skua'),(24,'salmon pink bird eater tarantula','Lasiodora parahybana'),(25,'southern hairy-nosed wombat','Lasiorhinus latifrons'),(26,'American bighorn sheep','Ovis canadensis'),(27,'sloth bear','Melursus ursinus'),(28,'Cat, ringtail','Bassariscus astutus'),(29,'squirrel, golden-mantled ground','spermophilus lateralis'),(30,'Australian brush turkey','Alectura lathami'),(31,'Common turkey','Meleagris gallopavo'),(32,'Cormorant, javanese','Phalacrocorax niger'),(33,'Lizard, collared','Crotaphytus collaris'),(34,'striated heron','Butorides striatus'),(35,'Genoveva','Junonia genoveua'),(36,'Jungle cat','Felis chaus'),(37,'Viper, egyptian','Naja haje'),(38,'Bobcat','Felis rufus'),(39,'Red-billed hornbill','Tockus erythrorhyncus'),(40,'Badger, american','Taxidea taxus')
,(41,'Frog (unidentified)','Rana sp.'),
(42,'Heron, striated','Butorides striatus'),
(43,'Blue fox','Alopex lagopus'),(44,'Bulbul, black-fronted','Pycnonotus nigricans'),
(45,'Vine snake (unidentified)','Oxybelis sp.'),(46,'southern ground hornbill','Bucorvus leadbeateri'),
(47,'Helmeted guinea fowl','Numida meleagris'),(48,'Ring-necked pheasant','Phasianus colchicus'),
(49,'seven-banded armadillo','Dasypus septemcincus'),(50,'Lemming, collared','Dicrostonyx groenlandicus'),
(51,'Cardinal, black-throated','Paroaria gularis'),(52,'Groundhog','Marmota monax'),
(53,'Anteater, australian spiny','Tachyglossus aculeatus'),(54,'Little brown bat','Myotis lucifugus'),
(55,'Killer whale','Orcinus orca'),(56,'Roadrunner, greater','Geococcyx californianus'),(57,'Magnificent frigate bird','Fregata magnificans'),
(58,'Duck, mountain','Hymenolaimus malacorhynchus'),(59,'Madagascar fruit bat','Pteropus rufus'),(60,'Asiatic wild ass','Equus hemionus'),
(61,'Black-tailed prairie dog','Cynomys ludovicianus'),(62,'Fox, blue','Alopex lagopus'),(63,'Malleefowl','Leipoa ocellata'),
(64,'Eastern cottontail rabbit','sylvilagus floridanus'),(65,'Wallaby, euro','Macropus robustus'),(66,'White-lipped peccary','Tayassu pecari')
,(67,'Eurasian badger','Meles meles'),(68,'Western patch-nosed snake','salvadora hexalepis'),(69,'Tern, arctic','sterna paradisaea')
,(70,'Tyrant flycatcher','Myiarchus tuberculifer'),(71,'Campo flicker','Colaptes campestroides'),
(72,'Black-collared barbet','Lybius torquatus'),(73,'Jackal, asiatic','Canis aureus'),(74,'Gull, pacific','Gabianus pacificus'),
(75,'Teal, hottentot','Anas punctata'),(76,'Giant girdled lizard','Cordylus giganteus'),
(77,'Tortoise, burmese brown mountain','Manouria emys'),(78,'snow goose','Anser caerulescens'),(79,'Vicuna','Vicugna vicugna'),
(80,'Asian elephant','Elephas maximus bengalensis'),(81,'screamer, southern','Chauna torquata'),
(82,'Amazon parrot (unidentified)','Amazona sp.'),(83,'African skink','Mabuya spilogaster'),
(84,'Woodpecker, red-headed','Melanerpes erythrocephalus'),(85,'Great skua','Catharacta skua'),(86,'Porcupine, indian','Hystrix indica'),
(87,'Marmot, hoary','Marmota caligata'),(88,'Goose, greylag','Anser anser'),(89,'Mongoose, eastern dwarf','Helogale undulata'),
(90,'Malleefowl','Leipoa ocellata'),(91,'Heron, boat-billed','Cochlearius cochlearius'),(92,'Vicuna','Vicugna vicugna'),(93,'snowy egret','Egretta thula'),(94,'southern ground hornbill','Bucorvus leadbeateri'),(95,'Two-toed sloth','Choloepus hoffmani'),(96,'Common wombat','Vombatus ursinus'),(97,'Emerald-spotted wood dove','Turtur chalcospilos'),(98,'Turaco, violet-crested','Tauraco porphyrelophus'),(99,'Wombat, common','Vombatus ursinus'),(100,'Cheetah','Acinynox jubatus'),(101,'Frogmouth, tawny','Podargus strigoides'),(102,'Pallass fish eagle','Haliaeetus leucoryphus'),(103,'Blue shark','Prionace glauca'),(104,'Genet, small-spotted','Genetta genetta'),(105,'shrike, crimson-breasted','Laniaurius atrococcineus'),(106,'Cockatoo, slender-billed','Cacatua tenuirostris'),(107,'savanna fox','Dusicyon thous'),(108,'Eastern dwarf mongoose','Helogale undulata'),(109,'Grants gazelle','Gazella granti'),(110,'Hoffmans sloth','Choloepus hoffmani'),(111,'Puma, south american','Felis concolor'),(112,'snowy sheathbill','Chionis alba'),(113,'Macaque, rhesus','Macaca mulatta'),(114,'Cat, cape wild','Felis libyca'),(115,'starling, red-shouldered glossy','Lamprotornis nitens'),(116,'Lion, stellers sea','Eumetopias jubatus'),(117,'Arctic fox','Alopex lagopus'),(118,'Bald eagle','Haliaeetus leucocephalus'),(119,'Brindled gnu','Connochaetus taurinus'),(120,'Gull, dusky','Larus fuliginosus'),(121,'Emerald green tree boa','Boa caninus'),(122,'Desert tortoise','Gopherus agassizii'),(123,'Civet, small-toothed palm','Arctogalidia trivirgata'),(124,'Common turkey','Meleagris gallopavo'),(125,'Oryx, fringe-eared','Oryx gazella callotis'),(126,'Rose-ringed parakeet','Psittacula krameri'),(127,'Wild turkey','Meleagris gallopavo'),(128,'Tawny eagle','Anitibyx armatus'),(129,'Lizard, desert spiny','sceloporus magister'),(130,'Crowned hawk-eagle','spizaetus coronatus'),(131,'Quoll, eastern','Dasyurus viverrinus'),(132,'Brown antechinus','Antechinus flavipes'),(133,'Timber wolf','Canis lupus lycaon'),(134,'White-winged dove','Zenaida asiatica'),(135,'Common seal','Phoca vitulina'),(136,'Mexican boa','Boa constrictor mexicana'),(137,'Owl, snowy','Nyctea scandiaca'),(138,'Asian false vampire bat','Megaderma spasma'),(139,'Owl, australian masked','Tyto novaehollandiae'),(140,'Ocelot','Felis pardalis'),(141,'Gnu, brindled','Connochaetus taurinus'),(142,'Great white pelican','Pelecans onocratalus'),(143,'Mongoose, yellow','Cynictis penicillata'),(144,'Tortoise, burmese black mountain','Manouria emys'),(145,'European wild cat','Felis silvestris lybica'),(146,'Currasow (unidentified)','Crax sp.'),(147,'Western grey kangaroo','Macropus fuliginosus'),(148,'Woodchuck','Marmota monax'),(149,'African lynx','Felis caracal'),(150,'Insect, stick','Leprocaulinus vipera'),(151,'American beaver','Castor canadensis'),(152,'Bee-eater, nubian','Merops nubicus'),(153,'Tayra','Eira barbata'),(154,'Yellow-necked spurfowl','Francolinus leucoscepus'),(155,'stork, white-necked','Ciconia episcopus'),(156,'Glider, feathertail','Acrobates pygmaeus'),(157,'Little cormorant','Phalacrocorax niger'),(158,'snow goose','Anser caerulescens'),(159,'Tern, white-winged','Chlidonias leucopterus'),(160,'stork, european','Ciconia ciconia'),(161,'Jaguar','Panthera onca'),(162,'Chipmunk, least','Eutamias minimus'),(163,'Black bear','Ursus americanus'),(164,'Eagle, pallass fish','Haliaeetus leucoryphus'),(165,'Rhinoceros, black','Diceros bicornis'),(166,'Northern phalarope','Phalaropus lobatus'),(167,'Eastern white pelican','Pelecans onocratalus'),(168,'Lemur, lesser mouse','Microcebus murinus'),(169,'Ibis, puna','Plegadis ridgwayi'),(170,'Crested porcupine','Hystrix cristata'),(171,'Wolf, timber','Canis lupus lycaon'),(172,'spotted-tailed quoll','Dasyurus maculatus'),(173,'Potoroo','Potorous tridactylus'),(174,'Horned lark','Eremophila alpestris'),(175,'Hen, sage','Centrocercus urophasianus'),(176,'Crane, sarus','Grus antigone'),(177,'Bandicoot, southern brown','Isoodon obesulus'),(178,'Egyptian viper','Naja haje'),(179,'Fat-tailed dunnart','smithopsis crassicaudata'),(180,'squirrel, pine','Tamiasciurus hudsonicus'),(181,'spotted hyena','Crocuta crocuta'),(182,'Mountain lion','Felis concolor'),(183,'Carpet snake','Morelia spilotes variegata'),(184,'Paca','Agouti paca'),(185,'Palm squirrel','Funambulus pennati'),(186,'snake (unidentified)','unavailable'),(187,'Two-toed tree sloth','Choloepus hoffmani'),(188,'Elephant, asian','Elephas maximus bengalensis'),(189,'Bleeding heart monkey','Theropithecus gelada'),(190,'Otter, giant','Pteronura brasiliensis'),(191,'Hanuman langur','semnopithecus entellus'),(192,'Ringtail cat','Bassariscus astutus'),(193,'Hoopoe, eurasian','Upupa epops'),(194,'Raven, white-necked','Corvus albicollis'),(195,'Bustard, denhams','Neotis denhami'),(196,'Red hartebeest','Alcelaphus buselaphus caama'),(197,'Eagle, crowned','spizaetus coronatus'),(198,'Oriental short-clawed otter','Aonyx cinerea'),(199,'Beaver, american','Castor canadensis'),(200,'Weaver, sociable','Philetairus socius'),(201,'Avocet, pied','Recurvirostra avosetta'),(202,'Rainbow lory','Trichoglossus haematodus moluccanus'),(203,'Zorro, common','Dusicyon thous'),(204,'Jungle kangaroo','Macropus agilis'),(205,'Penguin, magellanic','spheniscus magellanicus'),(206,'Two-banded monitor','Varanus salvator'),(207,'Trotter, lily','Actophilornis africanus'),(208,'Finch, common melba','Pytilia melba'),(209,'Dolphin, bottle-nose','Tursiops truncatus'),(210,'Black-footed ferret','Mustela nigripes'),(211,'Arctic lemming','Dicrostonyx groenlandicus'),(212,'White-nosed coatimundi','Nasua narica'),(213,'Javanese cormorant','Phalacrocorax niger'),(214,'sportive lemur','Lepilemur rufescens'),(215,'Indian red admiral','Vanessa indica'),(216,'Rainbow lory','Trichoglossus haematodus moluccanus'),(217,'Pelican, eastern white','Pelecans onocratalus'),(218,'Guerza','Colobus guerza'),(219,'Tiger cat','Dasyurus maculatus'),(220,'Four-striped grass mouse','Rhabdomys pumilio'),(221,'Tiger','Panthera tigris'),(222,'Monkey, vervet','Cercopithecus aethiops'),(223,'Common wombat','Vombatus ursinus'),(224,'superb starling','Lamprotornis superbus'),(225,'springhare','Pedetes capensis'),(226,'skink, african','Mabuya spilogaster'),(227,'Lemming, arctic','Dicrostonyx groenlandicus'),(228,'squirrel, smiths bush','Paraxerus cepapi'),(229,'Marine iguana','Amblyrhynchus cristatus'),(230,'Red-tailed cockatoo','Calyptorhynchus magnificus'),(231,'Bird (unidentified)','unavailable'),(232,'Impala','Aepyceros mylampus'),(233,'Red-billed buffalo weaver','Bubalornis niger'),(234,'Black-throated cardinal','Paroaria gularis'),(235,'Penguin, galapagos','spheniscus mendiculus'),(236,'Indian giant squirrel','Ratufa indica'),(237,'Eagle, golden','Aquila chrysaetos'),(238,'Gull, kelp','Larus dominicanus'),(239,'Groundhog','Marmota monax'),(240,'Goose, snow','Anser caerulescens'),(241,'Cockatoo, slender-billed','Cacatua tenuirostris'),(242,'squirrel, red','Tamiasciurus hudsonicus'),(243,'Richardsons ground squirrel','spermophilus richardsonii'),(244,'Monster, gila','Heloderma horridum'),(245,'Australian brush turkey','Alectura lathami'),(246,'Otter, african clawless','Aonyx capensis'),(247,'African ground squirrel (unidentified)','Xerus sp.'),(248,'Red-necked wallaby','Macropus rufogriseus'),(249,'snake, buttermilk','Coluber constrictor'),(250,'Horned puffin','Fratercula corniculata'),(251,'Jungle kangaroo','Macropus agilis'),(252,'Buttermilk snake','Coluber constrictor'),(253,'Azaras zorro','Pseudalopex gymnocercus'),(254,'Tawny frogmouth','Podargus strigoides'),(255,'Great horned owl','Bubo virginianus'),(256,'Arctic hare','Lepus arcticus'),(257,'Roseate cockatoo','Eolophus roseicapillus'),(258,'Cereopsis goose','Cereopsis novaehollandiae'),(259,'Otter, north american river','Lutra canadensis'),(260,'Frilled dragon','Chlamydosaurus kingii'),(261,'Cheetah','Acinynox jubatus'),(262,'Indian red admiral','Vanessa indica'),(263,'southern brown bandicoot','Isoodon obesulus'),(264,'striped dolphin','stenella coeruleoalba'),(265,'stork, woolly-necked','Ciconia episcopus'),(266,'Ring-tailed coatimundi','Nasua nasua'),(267,'Magellanic penguin','spheniscus magellanicus'),(268,'Crested barbet','Trachyphonus vaillantii'),(269,'squirrel, nelson ground','Ammospermophilus nelsoni'),(270,'sociable weaver','Philetairus socius'),(271,'Ringtail cat','Bassariscus astutus'),(272,'Blue and yellow macaw','Ara ararauna'),(273,'Red-necked wallaby','Macropus rufogriseus'),(274,'southern brown bandicoot','Isoodon obesulus'),(275,'Deer, barasingha','Cervus duvauceli'),(276,'Buffalo, african','snycerus caffer'),(277,'Ibis, puna','Plegadis ridgwayi'),(278,'Insect, stick','Leprocaulinus vipera'),(279,'striated heron','Butorides striatus'),(280,'Egyptian vulture','Neophron percnopterus'),(281,'African snake (unidentified)','unavailable'),(282,'Gull, pacific','Gabianus pacificus'),(283,'Otter, north american river','Lutra canadensis'),(284,'Arctic hare','Lepus arcticus'),(285,'Lion, australian sea','Neophoca cinerea'),(286,'Ring dove','Columba palumbus'),(287,'Pelican, brown','Pelecanus occidentalis'),(288,'Blue wildebeest','Connochaetus taurinus'),(289,'Asian lion','Panthera leo persica'),(290,'Wolf, mexican','Canis lupus baileyi'),(291,'Falcon, peregrine','Falco peregrinus'),(292,'Northern phalarope','Phalaropus lobatus'),(293,'smiths bush squirrel','Paraxerus cepapi'),(294,'Blue crane','Anthropoides paradisea'),(295,'sifaka, verreauxs','Propithecus verreauxi'),(296,'North American river otter','Lutra canadensis'),(297,'Crowned hawk-eagle','spizaetus coronatus'),(298,'Trumpeter swan','Cygnus buccinator'),(299,'Crimson-breasted shrike','Laniaurius atrococcineus'),(300,'Phalarope, northern','Phalaropus lobatus'),(301,'Cat, cape wild','Felis libyca'),(302,'Vulture, turkey','Cathartes aura'),(303,'Long-tailed skua','stercorarius longicausus'),(304,'Penguin, magellanic','spheniscus magellanicus'),(305,'Columbian rainbow boa','Epicrates cenchria maurus'),(306,'Rose-ringed parakeet','Psittacula krameri'),(307,'Lion, steller sea','Eumetopias jubatus'),(308,'Antelope, four-horned','Tetracerus quadricornis'),(309,'Eastern fox squirrel','sciurus niger'),(310,'Eastern box turtle','Terrapene carolina'),(311,'shark, blue','Prionace glauca'),(312,'Cockatoo, long-billed','Cacatua tenuirostris'),(313,'Dolphin, bottle-nose','Tursiops truncatus'),(314,'Mexican wolf','Canis lupus baileyi'),(315,'Lark, horned','Eremophila alpestris'),(316,'Rufous-collared sparrow','Zonotrichia capensis'),(317,'Red-tailed wambenger','Phascogale calura'),(318,'Pademelon, red-legged','Thylogale stigmatica'),(319,'Black-collared barbet','Lybius torquatus'),(320,'Black curlew','Haematopus ater'),(321,'Rhea, greater','Rhea americana'),(322,'Tropical buckeye butterfly','Junonia genoveua'),(323,'Fat-tailed dunnart','smithopsis crassicaudata'),(324,'Monitor, white-throated','Varanus albigularis'),(325,'Capuchin, weeper','Cebus nigrivittatus'),(326,'Carmine bee-eater','Merops nubicus'),(327,'Collared peccary','Tayassu tajacu'),(328,'Macaw, blue and gold','Ara ararauna'),(329,'Canadian river otter','Lutra canadensis'),(330,'White-winged tern','Chlidonias leucopterus'),(331,'Vicuna','Vicugna vicugna'),(332,'secretary bird','sagittarius serpentarius'),(333,'Cokes hartebeest','Alcelaphus buselaphus cokii'),
(334,'Dik, kirks dik','Madoqua kirkii'),(335,'Kangaroo, western grey','Macropus fuliginosus'),(336,'Red deer','Cervus elaphus'),(337,'Hornbill, leadbeateris ground','Bucorvus leadbeateri'),(338,'Capuchin, white-fronted','Cebus albifrons'),(339,'Nine-banded armadillo','Dasypus novemcinctus'),(340,'Fairy penguin','Eudyptula minor'),(341,'Arctic fox','Alopex lagopus'),(342,'Trumpeter swan','Cygnus buccinator'),(343,'Ringtail','Bassariscus astutus'),(344,'Grouse, greater sage','Centrocercus urophasianus'),(345,'Alpaca','Lama pacos'),(346,'sheep, american bighorn','Ovis canadensis'),(347,'Golden brush-tailed possum','Trichosurus vulpecula'),(348,'Tortoise, asian foreset','Manouria emys'),(349,'Australian pelican','Pelecanus conspicillatus'),(350,'Caiman, spectacled','Caiman crocodilus'),(351,'Red sheep','Ovis ammon'),(352,'Monitor, two-banded','Varanus salvator'),(353,'Dunnart, fat-tailed','smithopsis crassicaudata'),(354,'Little brown dove','streptopelia senegalensis'),(355,'Pied cormorant','Phalacrocorax varius'),(356,'Tortoise, radiated','Geochelone radiata'),(357,'Black-fronted bulbul','Pycnonotus nigricans'),(358,'Warthog','Phacochoerus aethiopus'),(359,'Blue catfish','Ictalurus furcatus'),(360,'snake, eastern indigo','Drymarchon corias couperi'),(361,'Pale-throated three-toed sloth','Bradypus tridactylus'),(362,'Harbor seal','Phoca vitulina'),(363,'Iguana, land','Conolophus subcristatus'),(364,'Brown pelican','Pelecanus occidentalis'),(365,'Cockatoo, long-billed','Cacatua tenuirostris'),(366,'Blue racer','Coluber constrictor foxii'),(367,'Royal tern','Thalasseus maximus'),(368,'Ring-necked pheasant','Phasianus colchicus'),(369,'Trotter, lily','Actophilornis africanus'),(370,'Oribi','Ourebia ourebi'),(371,'Marine iguana','Amblyrhynchus cristatus'),(372,'White-lipped peccary','Tayassu pecari'),(373,'shelduck, common','Tadorna tadorna'),(374,'Great white pelican','Pelecans onocratalus'),(375,'small-clawed otter','Aonyx cinerea'),(376,'Kangaroo, brush-tailed rat','Bettongia penicillata'),(377,'Gecko, tokay','Gekko gecko'),(378,'Black vulture','Aegypius tracheliotus'),(379,'Asian red fox','Vulpes vulpes'),(380,'Prehensile-tailed porcupine','Coendou prehensilis'),(381,'Malay squirrel (unidentified)','unavailable'),(382,'stork, saddle-billed','Ephipplorhynchus senegalensis'),(383,'Bear, sloth','Melursus ursinus'),(384,'squirrel, golden-mantled ground','spermophilus lateralis'),(385,'Capybara','Hydrochoerus hydrochaeris'),(386,'Vervet monkey','Cercopithecus aethiops'),(387,'Owl, snowy','Nyctea scandiaca'),(388,'salmon pink bird eater tarantula','Lasiodora parahybana'),(389,'Pelican, brown','Pelecanus occidentalis'),(390,'Black-collared barbet','Lybius torquatus'),(391,'Lesser double-collared sunbird','Nectarinia chalybea'),(392,'Little cormorant','Phalacrocorax niger'),(393,'Galapagos dove','Zenaida galapagoensis'),(394,'Boat-billed heron','Cochlearius cochlearius'),(395,'Columbian rainbow boa','Epicrates cenchria maurus'),(396,'Goose, egyptian','Alopochen aegyptiacus'),(397,'Python (unidentified)','unavailable'),(398,'Blue crane','Anthropoides paradisea'),(399,'White-eye, pale','Zosterops pallidus'),(400,'Rufous-collared sparrow','Zonotrichia capensis'),(401,'Tasmanian devil','sarcophilus harrisii'),(402,'Lion, african','Panthera leo'),(403,'Monkey, vervet','Cercopithecus aethiops'),(404,'Wolf spider','Lycosa godeffroyi'),(405,'Blue crane','Anthropoides paradisea'),(406,'African snake (unidentified)','unavailable'),(407,'snake-necked turtle','Chelodina longicollis'),(408,'North American red fox','Vulpes vulpes'),(409,'Otter, brazilian','Pteronura brasiliensis'),(410,'Bettong, brush-tailed','Bettongia penicillata'),(411,'Mongoose, small indian','Herpestes javanicus'),(412,'American alligator','Alligator mississippiensis'),(413,'Ground legaan','Varanus sp.'),(414,'Mongoose, small indian','Herpestes javanicus'),(415,'Australian brush turkey','Alectura lathami'),(416,'Bush dog','speothos vanaticus'),(417,'Western lowland gorilla','Gorilla gorilla'),(418,'Wolf, timber','Canis lupus lycaon'),(419,'Blacksmith plover','Vanellus armatus'),(420,'Malay squirrel (unidentified)','unavailable'),(421,'Macaw, blue and gold','Ara ararauna'),(422,'silver gull','Larus novaehollandiae'),(423,'Bulbul, african red-eyed','Pycnonotus nigricans'),(424,'Lizard, blue-tongued','Tiliqua scincoides'),(425,'Ring-tailed coatimundi','Nasua nasua'),(426,'Echidna, short-beaked','Tachyglossus aculeatus'),(427,'starling, superb','Lamprotornis superbus'),(428,'Woolly-necked stork','Ciconia episcopus'),(429,'Teal, hottentot','Anas punctata'),(430,'Marshbird, brown and yellow','Pseudoleistes virescens'),(431,'Flightless cormorant','Nannopterum harrisi'),(432,'Bustard, kori','Choriotis kori'),(433,'Lion, southern sea','Otaria flavescens'),(434,'Polar bear','Ursus maritimus'),(435,'Dove, galapagos','Zenaida galapagoensis'),(436,'Dove, galapagos','Zenaida galapagoensis'),(437,'Magpie, black-backed','Gymnorhina tibicen'),(438,'Toucan, red-billed','Ramphastos tucanus'),(439,'Malachite kingfisher','Corythornis cristata'),(440,'Crab-eating fox','Dusicyon thous'),(441,'African ground squirrel (unidentified)','Xerus sp.'),(442,'Falcon, peregrine','Falco peregrinus'),(443,'Loris, slender','Loris tardigratus'),(444,'Tokay gecko','Gekko gecko'),(445,'Common goldeneye','Bucephala clangula'),(446,'Fringe-eared oryx','Oryx gazella callotis'),(447,'Bulbul, black-eyed','Pycnonotus barbatus'),(448,'Dusky rattlesnake','Crotalus triseriatus'),(449,'Hippopotamus','Hippopotamus amphibius'),(450,'Moose','Alces alces'),(451,'Red-billed tropic bird','Phaethon aethereus'),(452,'screamer, crested','Chauna torquata'),(453,'Chickadee, black-capped','Parus atricapillus'),(454,'Eagle, pallass fish','Haliaeetus leucoryphus'),(455,'Goose, egyptian','Alopochen aegyptiacus'),(456,'Common green iguana','Iguana iguana'),(457,'Grey lourie','Lorythaixoides concolor'),(458,'Richardsons ground squirrel','spermophilus richardsonii'),(459,'Dragonfly, russian','Libellula quadrimaculata'),(460,'Pigeon, wood','Columba palumbus'),(461,'Eagle, white-bellied sea','Haliaetus leucogaster'),(462,'Pied crow','Corvus albus'),(463,'Kelp gull','Larus dominicanus'),(464,'Paddy heron (unidentified)','unavailable'),(465,'Deer, spotted','Axis axis'),(466,'Eland, common','Taurotagus oryx'),(467,'Cardinal, red-capped','Paroaria gularis'),(468,'Alligator, american','Alligator mississippiensis'),(469,'Onager','Equus hemionus'),(470,'Cormorant, large','Phalacrocorax carbo'),(471,'Common goldeneye','Bucephala clangula'),(472,'squirrel, african bush','Paraxerus cepapi'),(473,'Woodcock, american','scolopax minor'),(474,'American black bear','Ursus americanus'),(475,'Common eland','Taurotagus oryx'),(476,'shrike, southern white-crowned','Eurocephalus anguitimens'),(477,'Hare, arctic','Lepus arcticus'),(478,'Brazilian otter','Pteronura brasiliensis'),(479,'Parrot, hawk-headed','Deroptyus accipitrinus'),(480,'Bat, little brown','Myotis lucifugus'),(481,'Long-billed cockatoo','Cacatua tenuirostris'),(482,'sungazer, yellow-brown','Cordylus giganteus'),(483,'Tern, arctic','sterna paradisaea'),(484,'House crow','Corvus brachyrhynchos'),(485,'Racer snake','Coluber constrictor'),(486,'southern boubou','Laniarius ferrugineus'),(487,'Mourning collared dove','streptopelia decipiens'),(488,'Otter, north american river','Lutra canadensis'),(489,'Indian star tortoise','Geochelone elegans'),(490,'Dragon, ornate rock','Ctenophorus ornatus'),(491,'Red squirrel','Tamiasciurus hudsonicus'),(492,'Turtle, long-necked','Chelodina longicollis'),(493,'Mule deer','Odocoileus hemionus'),(494,'Lizard, desert spiny','sceloporus magister'),(495,'Gull, lava','Larus fuliginosus'),(496,'Cooks tree boa','Corallus hortulanus cooki'),(497,'Lemur, brown','Lemur fulvus'),(498,'Common goldeneye','Bucephala clangula'),(499,'shelduck, common','Tadorna tadorna'),(500,'Vulture, egyptian','Neophron percnopterus'),(501,'Trumpeter, dark-winged','Psophia viridis'),(502,'Netted rock dragon','Ctenophorus ornatus'),(503,'Bateleur eagle','Terathopius ecaudatus'),(504,'snowy egret','Egretta thula'),(505,'Komodo dragon','Varanus komodensis'),(506,'Coqui partridge','Francolinus coqui'),(507,'Tropical buckeye butterfly','Junonia genoveua'),(508,'Green-winged macaw','Ara chloroptera'),(509,'Komodo dragon','Varanus komodensis'),(510,'Lion, asian','Panthera leo persica'),(511,'Heron, yellow-crowned night','Nyctanassa violacea'),(512,'sparrow, house','Passer domesticus'),(513,'Nutcracker, clarks','Nucifraga columbiana'),(514,'Cat, long-tailed spotted','Felis wiedi or Leopardus weidi'),(515,'stilt, black-winged','Himantopus himantopus'),(516,'Richardsons ground squirrel','spermophilus richardsonii'),(517,'Amazon parrot (unidentified)','Amazona sp.'),(518,'Raccoon dog','Nyctereutes procyonoides'),(519,'starling, superb','Lamprotornis superbus'),(520,'Black-tailed deer','Odocoileus hemionus'),(521,'Bush dog','speothos vanaticus'),(522,'Dove, mourning collared','streptopelia decipiens'),(523,'Racer, blue','Coluber constrictor foxii'),(524,'small Indian mongoose','Herpestes javanicus'),(525,'Wagtail, african pied','Motacilla aguimp'),(526,'sloth, hoffmans','Choloepus hoffmani'),(527,'Genet, small-spotted','Genetta genetta'),(528,'Eastern fox squirrel','sciurus niger'),(529,'Crested porcupine','Hystrix cristata'),(530,'Herring gull','unavailable'),(531,'Mongoose, eastern dwarf','Helogale undulata'),(532,'Canadian river otter','Lutra canadensis'),(533,'Fox, cape','Vulpes chama'),(534,'Meerkat, red','Cynictis penicillata'),(535,'Coyote','Canis latrans'),(536,'Ringtail, common','Pseudocheirus peregrinus'),(537,'Eurasian badger','Meles meles'),(538,'African porcupine','Hystrix cristata'),(539,'Hornbill, red-billed','Tockus erythrorhyncus'),(540,'Woylie','Bettongia penicillata'),(541,'Eagle, golden','Aquila chrysaetos'),(542,'Fox, cape','Vulpes chama'),(543,'Eagle owl (unidentified)','Bubo sp.'),(544,'stork, saddle-billed','Ephipplorhynchus senegalensis'),(545,'Australian spiny anteater','Tachyglossus aculeatus'),(546,'Wattled crane','Bugeranus caruncalatus'),(547,'stick insect','Leprocaulinus vipera'),(548,'Bee-eater, white-fronted','Merops bullockoides'),(549,'Crested porcupine','Hystrix cristata'),(550,'Macaw, blue and gold','Ara ararauna'),(551,'Downy woodpecker','Picoides pubescens'),(552,'Azaras zorro','Pseudalopex gymnocercus'),(553,'Bustard, kori','Choriotis kori'),(554,'Hawk, galapagos','Buteo galapagoensis'),(555,'Ass, asiatic wild','Equus hemionus'),(556,'Jackrabbit, white-tailed','Lepus townsendii'),(557,'European shelduck','Tadorna tadorna'),(558,'Onager','Equus hemionus'),(559,'Agama lizard (unidentified)','Agama sp.'),(560,'Eagle, tawny','Anitibyx armatus'),(561,'Tarantula','Lasiodora parahybana'),(562,'spotted-tailed quoll','Dasyurus maculatus'),(563,'Hawk-eagle, crowned','spizaetus coronatus'),(564,'suricate','suricata suricatta'),(565,'Helmeted guinea fowl','Numida meleagris'),(566,'Eastern box turtle','Terrapene carolina'),(567,'snake, eastern indigo','Drymarchon corias couperi'),(568,'European shelduck','Tadorna tadorna'),(569,'Toucan, white-throated','Ramphastos tucanus'),(570,'Duck, blue','Hymenolaimus malacorhynchus'),(571,'Deer, barasingha','Cervus duvauceli'),(572,'Harbor seal','Phoca vitulina'),(573,'southern brown bandicoot','Isoodon obesulus'),(574,'Common eland','Taurotagus oryx'),(575,'Cormorant, great','Phalacrocorax carbo'),(576,'White-headed vulture','Aegypius occipitalis'),(577,'Red-billed buffalo weaver','Bubalornis niger'),(578,'Capuchin, white-fronted','Cebus albifrons'),(579,'Antelope ground squirrel','Ammospermophilus nelsoni'),(580,'Collared lemming','Dicrostonyx groenlandicus'),(581,'Eleven-banded armadillo (unidentified)','Cabassous sp.'),(582,'Neotropic cormorant','Phalacrocorax brasilianus'),(583,'Woolly-necked stork','Ciconia episcopus'),(584,'Baleen whale','Eubalaena australis'),(585,'Capybara','Hydrochoerus hydrochaeris'),(586,'Turtle (unidentified)','unavailable'),(587,'Madagascar fruit bat','Pteropus rufus'),(588,'Eastern quoll','Dasyurus viverrinus'),(589,'Racer, american','Coluber constrictor'),(590,'Kori bustard','Choriotis kori'),(591,'Fox, grey','Vulpes cinereoargenteus'),(592,'serval','Felis serval'),(593,'Lemur, sportive','Lepilemur rufescens'),(594,'Little brown bat','Myotis lucifugus'),(595,'Cormorant, javanese','Phalacrocorax niger'),(596,'Marshbird, brown and yellow','Pseudoleistes virescens'),(597,'Waterbuck, defassa','Kobus defassa'),(598,'Rhea, greater','Rhea americana'),(599,'Godwit, hudsonian','Limosa haemastica'),(600,'Tailless tenrec','Tenrec ecaudatus'),(601,'Viper, egyptian','Naja haje'),(602,'Bonnet macaque','Macaca radiata'),(603,'African pied wagtail','Motacilla aguimp'),(604,'south American sea lion','Otaria flavescens'),(605,'Marmot, hoary','Marmota caligata'),(606,'Jackal, golden','Canis aureus'),(607,'Lion, african','Panthera leo'),(608,'Long-necked turtle','Chelodina longicollis'),(609,'Rat, white-faced tree','Echimys chrysurus'),(610,'Crane, wattled','Bugeranus caruncalatus'),(611,'Australian pelican','Pelecanus conspicillatus'),(612,'Ground monitor (unidentified)','Varanus sp.'),(613,'Green-winged macaw','Ara chloroptera'),(614,'squirrel, eurasian red','sciurus vulgaris'),(615,'Great cormorant','Phalacrocorax carbo'),(616,'squirrel, nelson ground','Ammospermophilus nelsoni'),(617,'Mongoose, yellow','Cynictis penicillata'),(618,'Kangaroo, jungle','Macropus agilis'),(619,'Owl, great horned','Bubo virginianus'),(620,'Lory, rainbow','Trichoglossus haematodus moluccanus'),(621,'Buttermilk snake','Coluber constrictor'),(622,'Gray rhea','Rhea americana'),(623,'Wolf, common','Canis lupus'),(624,'Common zorro','Dusicyon thous'),(625,'White-rumped vulture','Gyps bengalensis'),(626,'Owl, white-browed','Ninox superciliaris'),(627,'Hippopotamus','Hippopotamus amphibius'),(628,'Red-legged pademelon','Thylogale stigmatica'),(629,'squirrel, palm','Funambulus pennati'),(630,'sloth bear','Melursus ursinus'),(631,'Green-backed heron','Butorides striatus'),(632,'stellers sea lion','Eumetopias jubatus'),(633,'Collared peccary','Tayassu tajacu'),(634,'Butterfly (unidentified)','unavailable'),(635,'Butterfly, canadian tiger swallowtail','Papilio canadensis'),(636,'scarlet macaw','Ara macao'),(637,'Common seal','Phoca vitulina'),(638,'Painted stork','Mycteria leucocephala'),(639,'Lesser mouse lemur','Microcebus murinus'),(640,'Ring-tailed lemur','Lemur catta'),(641,'Bat, little brown','Myotis lucifugus'),(642,'Black-tailed deer','Odocoileus hemionus'),(643,'Toddy cat','Paradoxurus hermaphroditus'),(644,'Possum, western pygmy','Cercatetus concinnus'),(645,'Chipmunk, least','Eutamias minimus'),(646,'Native cat','Dasyurus viverrinus'),(647,'short-beaked echidna','Tachyglossus aculeatus'),(648,'Green-backed heron','Butorides striatus'),(649,'Caribou','Rangifer tarandus'),(650,'Dingo','Canis dingo'),(651,'stork, openbill','Anastomus oscitans'),(652,'Otter, small-clawed','Aonyx cinerea'),(653,'stanley bustard','Neotis denhami'),(654,'Fairy penguin','Eudyptula minor'),(655,'African fish eagle','Haliaetus vocifer'),(656,'Red phalarope','Phalaropus fulicarius'),(657,'Brown brocket','Mazama gouazoubira'),(658,'Colobus, magistrate black','Colobus guerza'),(659,'Porcupine, indian','Hystrix indica'),(660,'Chameleon (unidentified)','Chamaelo sp.'),(661,'swamp deer','Cervus duvauceli'),(662,'Greater sage grouse','Centrocercus urophasianus'),(663,'Eurasian beaver','Castor fiber'),(664,'Fairy penguin','Eudyptula minor'),(665,'Peacock, indian','Pavo cristatus'),(666,'Roseat flamingo','Phoenicopterus ruber'),(667,'Arctic hare','Lepus arcticus'),(668,'Hanuman langur','semnopithecus entellus'),(669,'skimmer, four-spotted','Libellula quadrimaculata'),(670,'Brazilian otter','Pteronura brasiliensis'),(671,'Curve-billed thrasher','Toxostoma curvirostre'),(672,'swallow (unidentified)','unavailable'),(673,'seal, northern elephant','Mirounga angustirostris'),(674,'Wattled crane','Bugeranus caruncalatus'),(675,'Wattled crane','Bugeranus caruncalatus'),(676,'Blue-tongued lizard','Tiliqua scincoides'),(677,'Heron, grey','Ardea cinerea'),(678,'Kangaroo, red','Macropus rufus'),(679,'Woodchuck','Marmota monax'),(680,'Brown capuchin','Cebus apella'),(681,'Common zorro','Dusicyon thous'),(682,'Penguin, little blue','Eudyptula minor'),(683,'Robin, white-throated','Irania gutteralis'),(684,'Waterbuck, defassa','Kobus defassa'),(685,'Cockatoo, sulfur-crested','Cacatua galerita'),(686,'Goldeneye, common','Bucephala clangula'),(687,'Capybara','Hydrochoerus hydrochaeris'),(688,'Plover, blacksmith','Vanellus armatus'),(689,'Eleven-banded armadillo (unidentified)','Cabassous sp.'),(690,'Pelican, brown','Pelecanus occidentalis'),(691,'Indian mynah','Acridotheres tristis'),(692,'Bee-eater, white-fronted','Merops bullockoides'),(693,'Green vine snake','Oxybelis fulgidus'),(694,'Coatimundi, ring-tailed','Nasua nasua'),(695,'Antelope ground squirrel','Ammospermophilus nelsoni'),(696,'Constrictor, eastern boa','Acrantophis madagascariensis'),(697,'Tern, royal','Thalasseus maximus'),(698,'African skink','Mabuya spilogaster'),(699,'Indian leopard','Panthera pardus'),(700,'Iguana, marine','Amblyrhynchus cristatus'),(701,'Greater roadrunner','Geococcyx californianus'),(702,'Long-nosed bandicoot','Perameles nasuta'),(703,'starling, superb','Lamprotornis superbus'),(704,'Kiskadee, great','Pitangus sulphuratus'),(705,'Black-throated butcher bird','Cracticus nigroagularis'),(706,'Red hartebeest','Alcelaphus buselaphus caama'),(707,'Gulls (unidentified)','Larus sp.'),(708,'American marten','Martes americana'),(709,'Boat-billed heron','Cochlearius cochlearius'),(710,'Bushbaby, large-eared','Galago crassicaudataus'),(711,'Creeper, black-tailed tree','Climacteris melanura'),(712,'Cape clawless otter','Aonyx capensis'),(713,'sloth, pale-throated three-toed','Bradypus tridactylus'),(714,'Rattlesnake, horned','Crotalus cerastes'),(715,'Knob-nosed goose','sarkidornis melanotos'),(716,'Wagtail, african pied','Motacilla aguimp'),(717,'Iguana, common green','Iguana iguana'),(718,'Langur, common','semnopithecus entellus'),(719,'Buffalo, american','Bison bison'),(720,'Red-tailed hawk','Buteo jamaicensis'),(721,'Gull, southern black-backed','Larus dominicanus'),(722,'Common boubou shrike','Laniarius ferrugineus'),(723,'Yellow-rumped siskin','Carduelis uropygialis'),(724,'Dove, emerald-spotted wood','Turtur chalcospilos'),(725,'Caracara, yellow-headed','Milvago chimachima'),(726,'Eastern boa constrictor','Acrantophis madagascariensis'),(727,'Eastern fox squirrel','sciurus niger'),(728,'Marmot, yellow-bellied','Marmota flaviventris'),(729,'Trotter, lily','Actophilornis africanus'),(730,'Common palm civet','Paradoxurus hermaphroditus'),(731,'Giant armadillo','Priodontes maximus'),(732,'Lizard, giant girdled','Cordylus giganteus'),(733,'Duck, blue','Hymenolaimus malacorhynchus'),(734,'Peregrine falcon','Falco peregrinus'),(735,'White-browed sparrow weaver','Plocepasser mahali'),(736,'Lapwing, southern','Vanellus chilensis'),(737,'Common zebra','Equus burchelli'),(738,'Malay squirrel (unidentified)','unavailable'),(739,'Roseat flamingo','Phoenicopterus ruber'),(740,'Euro wallaby','Macropus robustus'),(741,'Verreauxs sifaka','Propithecus verreauxi'),(742,'Nuthatch, red-breasted','sitta canadensis'),(743,'Bobcat','Felis rufus'),(744,'Quail, gambels','Callipepla gambelii'),(745,'Galapagos dove','Zenaida galapagoensis'),(746,'Wallaby, dama','Macropus eugenii'),(747,'Lion, african','Panthera leo'),(748,'sloth, pale-throated three-toed','Bradypus tridactylus'),(749,'Common grenadier','Uraeginthus granatina'),(750,'Mallard','Anas platyrhynchos'),(751,'Mississippi alligator','Alligator mississippiensis'),(752,'African porcupine','Hystrix cristata'),(753,'Blesbok','Damaliscus dorcas'),(754,'Lion, mountain','Felis concolor'),(755,'Black-cheeked waxbill','Estrilda erythronotos'),(756,'Insect, stick','Leprocaulinus vipera'),(757,'Bleu, blue-breasted cordon','Uraeginthus angolensis'),(758,'Feral rock pigeon','Columba livia'),(759,'Cormorant, king','Phalacrocorax albiventer'),(760,'Euro wallaby','Macropus robustus'),(761,'Black-fronted bulbul','Pycnonotus nigricans'),(762,'Kingfisher, pied','Ceryle rudis'),(763,'Whip-tailed wallaby','Macropus parryi'),(764,'Dabchick','Tachybaptus ruficollis'),(765,'White-necked stork','Ciconia episcopus'),(766,'Lizard, blue-tongued','Tiliqua scincoides'),(767,'Deer, black-tailed','Odocoileus hemionus'),(768,'Boat-billed heron','Cochlearius cochlearius'),(769,'African wild dog','Lycaon pictus'),(770,'Python, carpet','Morelia spilotes variegata'),(771,'Black-tailed prairie dog','Cynomys ludovicianus'),(772,'Possum, pygmy','Acrobates pygmaeus'),(773,'Turkey, australian brush','Alectura lathami'),(774,'Bohor reedbuck','Redunca redunca'),(775,'small-clawed otter','Aonyx cinerea'),(776,'Goldeneye, barrows','Bucephala clangula'),(777,'Crown of thorns starfish','Acanthaster planci'),(778,'seal, northern fur','Callorhinus ursinus'),(779,'Red-tailed cockatoo','Calyptorhynchus magnificus'),(780,'Flamingo, lesser','Phoeniconaias minor'),(781,'Dragon, netted rock','Ctenophorus ornatus'),(782,'Boat-billed heron','Cochlearius cochlearius'),(783,'Grouse, sage','Centrocercus urophasianus'),(784,'Devil, tasmanian','sarcophilus harrisii'),(785,'Boa, emerald green tree','Boa caninus'),(786,'stanley crane','Anthropoides paradisea'),(787,'Tropical buckeye butterfly','Junonia genoveua'),(788,'scarlet macaw','Ara macao'),(789,'Wild water buffalo','Bubalus arnee'),(790,'Iguana, common green','Iguana iguana'),(791,'Caracal','Felis caracal'),(792,'Avocet, pied','Recurvirostra avosetta'),(793,'Red phalarope','Phalaropus fulicarius'),(794,'White rhinoceros','Ceratotherium simum'),(795,'Turtle, snake-necked','Chelodina longicollis'),(796,'Black-backed jackal','Canis mesomelas'),(797,'Little cormorant','Phalacrocorax niger'),(798,'snake, carpet','Morelia spilotes variegata'),(799,'sheep, stone','Ovis dalli stonei'),(800,'sloth, hoffmans','Choloepus hoffmani'),(801,'siskin, pine','Carduelis pinus'),(802,'Puffin, horned','Fratercula corniculata'),(803,'sloth, two-toed tree','Choloepus hoffmani'),(804,'stork, black-necked','Ephippiorhynchus mycteria'),(805,'Fox, bat-eared','Otocyon megalotis'),(806,'short-nosed bandicoot','Isoodon obesulus'),(807,'Lizard, mexican beaded','Heloderma horridum'),(808,'Goldeneye, barrows','Bucephala clangula'),(809,'Long-crested hawk eagle','Lophoaetus occipitalis'),(810,'Woodchuck','Marmota monax'),(811,'Capuchin, brown','Cebus apella'),(812,'Asian openbill','Anastomus oscitans'),(813,'Dragon, netted rock','Ctenophorus ornatus'),(814,'Bushbuck','Tragelaphus scriptus'),(815,'Bandicoot, short-nosed','Isoodon obesulus'),(816,'Griffon vulture','Gyps fulvus'),(817,'European badger','Meles meles'),(818,'Yak','Bos mutus'),(819,'Red and blue macaw','Ara chloroptera'),(820,'Groundhog','Marmota monax'),(821,'Crocodile, nile','Crocodylus niloticus'),(822,'Racer, american','Coluber constrictor'),(823,'steller sea lion','Eumetopias jubatus'),(824,'Guanaco','Lama guanicoe'),(825,'Helmeted guinea fowl','Numida meleagris'),(826,'Red-billed hornbill','Tockus erythrorhyncus'),(827,'Blackbuck','Antilope cervicapra'),(828,'skink, african','Mabuya spilogaster'),(829,'Azaras zorro','Pseudalopex gymnocercus'),(830,'Gull, lava','Larus fuliginosus'),(831,'Barbet, black-collared','Lybius torquatus'),(832,'Bare-faced go away bird','Lorythaixoides concolor'),(833,'Common zorro','Dusicyon thous'),(834,'Galapagos tortoise','Geochelone elephantopus'),(835,'snowy owl','Nyctea scandiaca'),(836,'snowy egret','Egretta thula'),(837,'Civet cat','Bassariscus astutus'),(838,'Common green iguana','Iguana iguana'),(839,'Fisher','Martes pennanti'),(840,'Raccoon, common','Procyon lotor'),(841,'Paddy heron (unidentified)','unavailable'),(842,'Two-banded monitor','Varanus salvator'),(843,'Gazelle, thomsons','Gazella thompsonii'),(844,'Tortoise, desert','Gopherus agassizii'),(845,'Common brushtail possum','Trichosurus vulpecula'),(846,'Long-tailed skua','stercorarius longicausus'),(847,'Jackal, indian','Canis aureus'),(848,'Hawk-eagle, crowned','spizaetus coronatus'),(849,'Gulls (unidentified)','Larus sp.'),(850,'Huron','Galictis vittata'),(851,'Heron, striated','Butorides striatus'),(852,'Dragon, ornate rock','Ctenophorus ornatus'),(853,'Porcupine, prehensile-tailed','Coendou prehensilis'),(854,'Kangaroo, black-faced','Macropus fuliginosus'),(855,'Puffin, horned','Fratercula corniculata'),(856,'stork, european','Ciconia ciconia'),(857,'Two-toed sloth','Choloepus hoffmani'),(858,'stork, openbill','Anastomus oscitans'),(859,'Mountain goat','Oreamnos americanus'),(860,'Grebe, little','Tachybaptus ruficollis'),(861,'Javanese cormorant','Phalacrocorax niger'),(862,'Wallaby, euro','Macropus robustus'),(863,'Monitor lizard (unidentified)','Varanus sp.'),(864,'Goldeneye, barrows','Bucephala clangula'),(865,'Red-necked phalarope','Phalaropus lobatus'),(866,'Bustard, kori','Choriotis kori'),(867,'Weaver, sociable','Philetairus socius'),(868,'Collared peccary','Tayassu tajacu'),(869,'Long-finned pilot whale','Globicephala melas'),(870,'Common raccoon','Procyon lotor'),(871,'Elk, Wapiti','Cervus canadensis'),(872,'Egret, cattle','Bubulcus ibis'),(873,'Owl, burrowing','speotyte cuniculata'),(874,'Otter, african clawless','Aonyx capensis'),(875,'Cooks tree boa','Corallus hortulanus cooki'),(876,'Jabiru stork','Ephippiorhynchus mycteria'),(877,'Giraffe','Giraffe camelopardalis'),(878,'Opossum, american virginia','Didelphis virginiana'),(879,'skunk, striped','Mephitis mephitis'),(880,'Parakeet, rose-ringed','Psittacula krameri'),(881,'Brazilian otter','Pteronura brasiliensis'),(882,'Greater flamingo','Phoenicopterus ruber'),(883,'Gull, swallow-tail','Creagrus furcatus'),(884,'Carmine bee-eater','Merops nubicus'),(885,'Peccary, collared','Tayassu tajacu'),(886,'Currasow (unidentified)','Crax sp.'),(887,'Civet, small-toothed palm','Arctogalidia trivirgata'),(888,'Bustard, stanley','Neotis denhami'),(889,'Butterfly (unidentified)','unavailable'),(890,'Komodo dragon','Varanus komodensis'),(891,'Cobra, cape','Naja nivea'),(892,'Goliath heron','Ardea golieth'),(893,'Heron, goliath','Ardea golieth'),(894,'Red deer','Cervus elaphus'),(895,'Black curlew','Haematopus ater'),(896,'Oystercatcher, blackish','Haematopus ater'),(897,'Phalarope, red','Phalaropus fulicarius'),(898,'White-nosed coatimundi','Nasua narica'),(899,'Echidna, short-beaked','Tachyglossus aculeatus'),(900,'Canadian tiger swallowtail butterfly','Papilio canadensis'),(901,'House crow','Corvus brachyrhynchos'),(902,'Mule deer','Odocoileus hemionus'),(903,'Currasow (unidentified)','Crax sp.'),(904,'Hyena, spotted','Crocuta crocuta'),(905,'Macaw, blue and yellow','Ara ararauna'),(906,'Fox, cape','Vulpes chama'),(907,'Madagascar hawk owl','Ninox superciliaris'),(908,'Corella, long-billed','Cacatua tenuirostris'),(909,'Hawk, red-tailed','Buteo jamaicensis'),(910,'Egyptian viper','Naja haje'),(911,'Golden eagle','Aquila chrysaetos'),(912,'Genet, common','Genetta genetta'),(913,'Grenadier, purple','Uraeginthus granatina'),(914,'Dove, emerald-spotted wood','Turtur chalcospilos'),(915,'Langur, common','semnopithecus entellus'),(916,'Otter, canadian river','Lutra canadensis'),(917,'Ring-tailed coatimundi','Nasua nasua'),(918,'Brolga crane','Grus rubicundus'),(919,'Common waterbuck','Kobus defassa'),(920,'salmon pink bird eater tarantula','Lasiodora parahybana'),(921,'Black-backed jackal','Canis mesomelas'),(922,'Deer, red','Cervus elaphus'),(923,'Loris, slender','Loris tardigratus'),(924,'snake, eastern indigo','Drymarchon corias couperi'),(925,'Creeper, black-tailed tree','Climacteris melanura'),(926,'Flamingo, lesser','Phoeniconaias minor'),(927,'Ovenbird','seiurus aurocapillus'),(928,'Agile wallaby','Macropus agilis'),(929,'Civet, common palm','Paradoxurus hermaphroditus'),(930,'Eagle, african fish','Haliaetus vocifer'),(931,'Bleu, blue-breasted cordon','Uraeginthus angolensis'),(932,'sparrow, rufous-collared','Zonotrichia capensis'),(933,'Rabbit, eastern cottontail','sylvilagus floridanus'),(934,'House sparrow','Passer domesticus'),(935,'Cape cobra','Naja nivea'),(936,'African skink','Mabuya spilogaster'),(937,'Asian openbill','Anastomus oscitans'),(938,'Common goldeneye','Bucephala clangula'),(939,'Lizard, goanna','Varanus sp.'),(940,'Lemur, sportive','Lepilemur rufescens'),(941,'Macaw, scarlet','Ara macao'),(942,'Cormorant, neotropic','Phalacrocorax brasilianus'),(943,'Butterfly, canadian tiger swallowtail','Papilio canadensis'),(944,'Bushbaby, large-eared','Galago crassicaudataus'),(945,'Blesbok','Damaliscus dorcas'),(946,'Great horned owl','Bubo virginianus'),(947,'savanna fox','Dusicyon thous'),(948,'Red-headed woodpecker','Melanerpes erythrocephalus'),(949,'sable antelope','Hippotragus niger'),(950,'Bear, american black','Ursus americanus'),(951,'Black-collared barbet','Lybius torquatus'),(952,'Fox, asian red','Vulpes vulpes'),(953,'Opossum, american virginia','Didelphis virginiana'),(954,'Python (unidentified)','unavailable'),(955,'Black-throated butcher bird','Cracticus nigroagularis'),(956,'Cormorant, great','Phalacrocorax carbo'),(957,'Moorhen, purple','Porphyrio porphyrio'),(958,'Columbian rainbow boa','Epicrates cenchria maurus'),(959,'Roseate cockatoo','Eolophus roseicapillus'),(960,'Bustard, denhams','Neotis denhami'),(961,'Bee-eater, carmine','Merops nubicus'),(962,'Black-capped chickadee','Parus atricapillus'),(963,'Red-billed hornbill','Tockus erythrorhyncus'),(964,'Lion, asian','Panthera leo persica'),(965,'Corella, long-billed','Cacatua tenuirostris'),(966,'Tailless tenrec','Tenrec ecaudatus'),(967,'Cape wild cat','Felis libyca'),(968,'Egyptian viper','Naja haje'),(969,'Porcupine, tree','Coendou prehensilis'),(970,'Rhesus monkey','Macaca mulatta'),(971,'Buttermilk snake','Coluber constrictor'),(972,'shrike, crimson-breasted','Laniaurius atrococcineus'),(973,'Frog (unidentified)','Rana sp.'),(974,'Wolf spider','Lycosa godeffroyi'),(975,'Water legaan','Varanus salvator'),(976,'Gazelle, thomsons','Gazella thompsonii'),(977,'Tortoise, desert','Gopherus agassizii'),(978,'Red-winged blackbird','Agelaius phoeniceus'),(979,'Buffalo, asian water','Bubalus arnee'),(980,'Crested porcupine','Hystrix cristata'),(981,'Otter, small-clawed','Aonyx cinerea'),(982,'sportive lemur','Lepilemur rufescens'),(983,'Wallaroo, common','Macropus robustus'),(984,'Brown antechinus','Antechinus flavipes'),(985,'Arctic tern','sterna paradisaea'),(986,'Green-winged trumpeter','Psophia viridis'),(987,'African red-eyed bulbul','Pycnonotus nigricans'),(988,'Tern, arctic','sterna paradisaea'),(989,'Levaillants barbet','Trachyphonus vaillantii'),(990,'seal, southern elephant','Mirounga leonina'),(991,'Mexican boa','Boa constrictor mexicana'),(992,'Grey lourie','Lorythaixoides concolor'),(993,'Ring-tailed coatimundi','Nasua nasua'),(994,'Wild water buffalo','Bubalus arnee'),(995,'European shelduck','Tadorna tadorna'),(996,'Wolf, mexican','Canis lupus baileyi'),(997,'Colobus, white-mantled','Colobus guerza'),(998,'Whip-tailed wallaby','Macropus parryi'),(999,'African bush squirrel','Paraxerus cepapi'),
(1000,'shark, blue','Prionace glauca');


DROP TABLE IF EXISTS [colours];

CREATE TABLE colours (
  [colour_id] int DEFAULT NULL,
  [name] varchar(255) DEFAULT NULL
) ;


INSERT INTO colours VALUES (1,'Fuscia'),(2,'Yellow'),(3,'Turquoise'),(4,'Blue'),(5,'Orange'),(6,'Maroon'),(7,'Blue'),(8,'Violet'),(9,'Red'),(10,'Orange'),(11,'Green'),(12,'Turquoise'),(13,'Yellow'),(14,'Puce'),(15,'Puce'),(16,'Mauv'),(17,'Maroon'),(18,'Teal'),(19,'Mauv'),(20,'Red'),(21,'Teal'),(22,'Purple'),(23,'Indigo'),(24,'Indigo'),(25,'Yellow'),(26,'Aquamarine'),(27,'Purple'),(28,'Teal'),(29,'Blue'),(30,'Turquoise'),(31,'Pink'),(32,'Turquoise'),(33,'Puce'),(34,'Goldenrod'),(35,'Teal'),(36,'Aquamarine'),(37,'Turquoise'),(38,'Goldenrod'),(39,'Yellow'),(40,'Teal'),(41,'Aquamarine'),(42,'Teal'),(43,'Aquamarine'),(44,'Purple'),(45,'Fuscia'),(46,'Blue'),(47,'Purple'),(48,'Red'),(49,'Goldenrod'),(50,'Turquoise'),(51,'Crimson'),(52,'Blue'),(53,'Maroon'),(54,'Yellow'),(55,'Blue'),(56,'Khaki'),(57,'Maroon'),(58,'Turquoise'),(59,'Purple'),(60,'Mauv'),(61,'Mauv'),(62,'Turquoise'),(63,'Teal'),(64,'Teal'),(65,'Goldenrod'),(66,'Indigo'),(67,'Blue'),(68,'Khaki'),(69,'Fuscia'),(70,'Pink'),(71,'Violet'),(72,'Pink'),(73,'Green'),(74,'Yellow'),(75,'Fuscia'),(76,'Yellow'),(77,'Indigo'),(78,'Goldenrod'),(79,'Turquoise'),(80,'Violet'),(81,'Crimson'),(82,'Teal'),(83,'Crimson'),(84,'Purple'),(85,'Puce'),(86,'Blue'),(87,'Indigo'),(88,'Khaki'),(89,'Orange'),(90,'Orange'),(91,'Violet'),(92,'Orange'),(93,'Red'),(94,'Teal'),(95,'Maroon'),(96,'Aquamarine'),(97,'Orange'),(98,'Purple'),(99,'Fuscia'),(100,'Puce'),(101,'Yellow'),(102,'Crimson'),(103,'Aquamarine'),(104,'Goldenrod'),(105,'Maroon'),(106,'Purple'),(107,'Maroon'),(108,'Green'),(109,'Indigo'),(110,'Turquoise'),(111,'Purple'),(112,'Khaki'),(113,'Pink'),(114,'Pink'),(115,'Teal'),(116,'Maroon'),(117,'Teal'),(118,'Green'),(119,'Purple'),(120,'Turquoise'),(121,'Puce'),(122,'Yellow'),(123,'Goldenrod'),(124,'Violet'),(125,'Violet'),(126,'Green'),(127,'Indigo'),(128,'Red'),(129,'Crimson'),(130,'Mauv'),(131,'Khaki'),(132,'Orange'),(133,'Red'),(134,'Crimson'),(135,'Red'),(136,'Violet'),(137,'Orange'),(138,'Pink'),(139,'Red'),(140,'Goldenrod'),(141,'Green'),(142,'Puce'),(143,'Puce'),(144,'Purple'),(145,'Puce'),(146,'Teal'),(147,'Mauv'),(148,'Indigo'),(149,'Turquoise'),(150,'Red'),(151,'Violet'),(152,'Indigo'),(153,'Teal'),(154,'Crimson'),(155,'Blue'),(156,'Aquamarine'),(157,'Teal'),(158,'Goldenrod'),(159,'Khaki'),(160,'Orange'),(161,'Khaki'),(162,'Red'),(163,'Purple'),(164,'Red'),(165,'Aquamarine'),(166,'Indigo'),(167,'Yellow'),(168,'Puce'),(169,'Teal'),(170,'Aquamarine'),(171,'Goldenrod'),(172,'Pink'),(173,'Maroon'),(174,'Goldenrod'),(175,'Blue'),(176,'Red'),(177,'Puce'),(178,'Khaki'),(179,'Indigo'),(180,'Teal'),(181,'Aquamarine'),(182,'Blue'),(183,'Teal'),(184,'Blue'),(185,'Green'),(186,'Khaki'),(187,'Green'),(188,'Crimson'),(189,'Green'),(190,'Khaki'),(191,'Purple'),(192,'Teal'),(193,'Violet'),(194,'Violet'),(195,'Green'),(196,'Maroon'),(197,'Orange'),(198,'Teal'),(199,'Yellow'),(200,'Mauv'),(201,'Turquoise'),(202,'Blue'),(203,'Orange'),(204,'Indigo'),(205,'Green'),(206,'Indigo'),(207,'Orange'),(208,'Blue'),(209,'Violet'),(210,'Fuscia'),(211,'Khaki'),(212,'Green'),(213,'Red'),(214,'Puce'),(215,'Puce'),(216,'Turquoise'),(217,'Fuscia'),(218,'Aquamarine'),(219,'Purple'),(220,'Green'),(221,'Maroon'),(222,'Puce'),(223,'Maroon'),(224,'Aquamarine'),(225,'Indigo'),(226,'Teal'),(227,'Pink'),(228,'Maroon'),(229,'Red'),(230,'Khaki'),(231,'Turquoise'),(232,'Fuscia'),(233,'Green'),(234,'Puce'),(235,'Aquamarine'),(236,'Purple'),(237,'Fuscia'),(238,'Orange'),(239,'Violet'),(240,'Turquoise'),(241,'Turquoise'),(242,'Aquamarine'),(243,'Purple'),(244,'Orange'),(245,'Blue'),(246,'Violet'),(247,'Green'),(248,'Green'),(249,'Pink'),(250,'Aquamarine'),(251,'Aquamarine'),(252,'Maroon'),(253,'Crimson'),(254,'Khaki'),(255,'Yellow'),(256,'Crimson'),(257,'Blue'),(258,'Turquoise'),(259,'Khaki'),(260,'Indigo'),(261,'Teal'),(262,'Turquoise'),(263,'Puce'),(264,'Purple'),(265,'Indigo'),(266,'Puce'),(267,'Purple'),(268,'Green'),(269,'Pink'),(270,'Orange'),(271,'Khaki'),(272,'Maroon'),(273,'Red'),(274,'Turquoise'),(275,'Khaki'),(276,'Mauv'),(277,'Turquoise'),(278,'Red'),(279,'Puce'),(280,'Turquoise'),(281,'Goldenrod'),(282,'Fuscia'),(283,'Pink'),(284,'Blue'),(285,'Fuscia'),(286,'Fuscia'),(287,'Turquoise'),(288,'Yellow'),(289,'Puce'),(290,'Yellow'),(291,'Green'),(292,'Pink'),(293,'Orange'),(294,'Goldenrod'),(295,'Pink'),(296,'Maroon'),(297,'Indigo'),(298,'Khaki'),(299,'Maroon'),(300,'Teal'),(301,'Orange'),(302,'Goldenrod'),(303,'Green'),(304,'Red'),(305,'Fuscia'),(306,'Green'),(307,'Orange'),(308,'Yellow'),(309,'Purple'),(310,'Teal'),(311,'Crimson'),(312,'Blue'),(313,'Green'),(314,'Aquamarine'),(315,'Goldenrod'),(316,'Goldenrod'),(317,'Violet'),(318,'Khaki'),(319,'Fuscia'),(320,'Indigo'),(321,'Fuscia'),(322,'Puce'),(323,'Turquoise'),(324,'Fuscia'),(325,'Indigo'),(326,'Blue'),(327,'Maroon'),(328,'Indigo'),(329,'Violet'),(330,'Pink'),(331,'Blue'),(332,'Puce'),(333,'Fuscia'),(334,'Khaki'),(335,'Khaki'),(336,'Yellow'),(337,'Pink'),(338,'Khaki'),(339,'Goldenrod'),(340,'Yellow'),(341,'Khaki'),(342,'Puce'),(343,'Pink'),(344,'Indigo'),(345,'Orange'),(346,'Goldenrod'),(347,'Puce'),(348,'Puce'),(349,'Violet'),(350,'Aquamarine'),(351,'Green'),(352,'Mauv'),(353,'Blue'),(354,'Blue'),(355,'Orange'),(356,'Khaki'),(357,'Khaki'),(358,'Red'),(359,'Red'),(360,'Green'),(361,'Pink'),(362,'Puce'),(363,'Khaki'),(364,'Orange'),(365,'Crimson'),(366,'Puce'),(367,'Red'),(368,'Red'),(369,'Fuscia'),(370,'Maroon'),(371,'Violet'),(372,'Mauv'),(373,'Turquoise'),(374,'Fuscia'),(375,'Green'),(376,'Maroon'),(377,'Teal'),(378,'Puce'),(379,'Crimson'),(380,'Orange'),(381,'Yellow'),(382,'Red'),(383,'Turquoise'),(384,'Indigo'),(385,'Violet'),(386,'Aquamarine'),(387,'Red'),(388,'Fuscia'),(389,'Mauv'),(390,'Indigo'),(391,'Blue'),(392,'Puce'),(393,'Khaki'),(394,'Turquoise'),(395,'Fuscia'),(396,'Crimson'),(397,'Goldenrod'),(398,'Indigo'),(399,'Blue'),(400,'Goldenrod'),(401,'Purple'),(402,'Aquamarine'),(403,'Aquamarine'),(404,'Yellow'),(405,'Yellow'),(406,'Purple'),(407,'Red'),(408,'Turquoise'),(409,'Yellow'),(410,'Violet'),(411,'Maroon'),(412,'Turquoise'),(413,'Puce'),(414,'Mauv'),(415,'Violet'),(416,'Pink'),(417,'Orange'),(418,'Purple'),(419,'Fuscia'),(420,'Goldenrod'),(421,'Blue'),(422,'Khaki'),(423,'Orange'),(424,'Turquoise'),(425,'Orange'),(426,'Goldenrod'),(427,'Purple'),(428,'Turquoise'),(429,'Puce'),(430,'Maroon'),(431,'Maroon'),(432,'Blue'),(433,'Green'),(434,'Mauv'),(435,'Purple'),(436,'Turquoise'),(437,'Fuscia'),(438,'Khaki'),(439,'Maroon'),(440,'Green'),(441,'Pink'),(442,'Red'),(443,'Pink'),(444,'Green'),(445,'Puce'),(446,'Orange'),(447,'Mauv'),(448,'Khaki'),(449,'Fuscia'),(450,'Red'),(451,'Red'),(452,'Orange'),(453,'Purple'),(454,'Turquoise'),(455,'Goldenrod'),(456,'Goldenrod'),(457,'Orange'),(458,'Fuscia'),(459,'Indigo'),(460,'Puce'),(461,'Yellow'),(462,'Fuscia'),(463,'Turquoise'),(464,'Khaki'),(465,'Puce'),(466,'Goldenrod'),(467,'Aquamarine'),(468,'Yellow'),(469,'Blue'),(470,'Crimson'),(471,'Indigo'),(472,'Green'),(473,'Aquamarine'),(474,'Turquoise'),(475,'Purple'),(476,'Yellow'),(477,'Fuscia'),(478,'Turquoise'),(479,'Turquoise'),(480,'Crimson'),(481,'Teal'),(482,'Pink'),(483,'Pink'),(484,'Turquoise'),(485,'Goldenrod'),(486,'Khaki'),(487,'Puce'),(488,'Purple'),(489,'Mauv'),(490,'Crimson'),(491,'Fuscia'),(492,'Indigo'),(493,'Orange'),(494,'Purple'),(495,'Violet'),(496,'Fuscia'),(497,'Aquamarine'),(498,'Goldenrod'),(499,'Purple'),(500,'Fuscia'),(501,'Purple'),(502,'Goldenrod'),(503,'Teal'),(504,'Puce'),(505,'Crimson'),(506,'Fuscia'),(507,'Red'),(508,'Pink'),(509,'Blue'),(510,'Orange'),(511,'Orange'),(512,'Puce'),(513,'Puce'),(514,'Green'),(515,'Green'),(516,'Mauv'),(517,'Pink'),(518,'Green'),(519,'Indigo'),(520,'Goldenrod'),(521,'Crimson'),(522,'Puce'),(523,'Maroon'),(524,'Crimson'),(525,'Crimson'),(526,'Violet'),(527,'Yellow'),(528,'Puce'),(529,'Indigo'),(530,'Crimson'),(531,'Indigo'),(532,'Purple'),(533,'Crimson'),(534,'Pink'),(535,'Maroon'),(536,'Pink'),(537,'Mauv'),(538,'Violet'),(539,'Orange'),(540,'Crimson'),(541,'Crimson'),(542,'Maroon'),(543,'Crimson'),(544,'Fuscia'),(545,'Pink'),(546,'Aquamarine'),(547,'Puce'),(548,'Khaki'),(549,'Turquoise'),(550,'Goldenrod'),(551,'Teal'),(552,'Khaki'),(553,'Red'),(554,'Green'),(555,'Fuscia'),(556,'Goldenrod'),(557,'Khaki'),(558,'Red'),(559,'Purple'),(560,'Purple'),(561,'Maroon'),(562,'Crimson'),(563,'Yellow'),(564,'Puce'),(565,'Violet'),(566,'Khaki'),(567,'Puce'),(568,'Mauv'),(569,'Puce'),(570,'Khaki'),(571,'Green'),(572,'Teal'),(573,'Violet'),(574,'Fuscia'),(575,'Teal'),(576,'Turquoise'),(577,'Pink'),(578,'Blue'),(579,'Purple'),(580,'Green'),(581,'Aquamarine'),(582,'Puce'),(583,'Puce'),(584,'Orange'),(585,'Indigo'),(586,'Khaki'),(587,'Orange'),(588,'Pink'),(589,'Indigo'),(590,'Blue'),(591,'Pink'),(592,'Puce'),(593,'Yellow'),(594,'Indigo'),(595,'Aquamarine'),(596,'Pink'),(597,'Teal'),(598,'Violet'),(599,'Violet'),(600,'Aquamarine'),(601,'Green'),(602,'Mauv'),(603,'Maroon'),(604,'Maroon'),(605,'Fuscia'),(606,'Maroon'),(607,'Puce'),(608,'Goldenrod'),(609,'Fuscia'),(610,'Khaki'),(611,'Pink'),(612,'Blue'),(613,'Violet'),(614,'Turquoise'),(615,'Red'),(616,'Pink'),(617,'Crimson'),(618,'Indigo'),(619,'Teal'),(620,'Aquamarine'),(621,'Khaki'),(622,'Green'),(623,'Indigo'),(624,'Yellow'),(625,'Purple'),(626,'Red'),(627,'Goldenrod'),(628,'Teal'),(629,'Teal'),(630,'Yellow'),(631,'Teal'),(632,'Aquamarine'),(633,'Puce'),(634,'Red'),(635,'Pink'),(636,'Goldenrod'),(637,'Green'),(638,'Mauv'),(639,'Goldenrod'),(640,'Turquoise'),(641,'Green'),(642,'Crimson'),(643,'Maroon'),(644,'Blue'),(645,'Orange'),(646,'Turquoise'),(647,'Green'),(648,'Pink'),(649,'Aquamarine'),(650,'Turquoise'),(651,'Blue'),(652,'Goldenrod'),(653,'Indigo'),(654,'Puce'),(655,'Khaki'),(656,'Teal'),(657,'Orange'),(658,'Puce'),(659,'Violet'),(660,'Mauv'),(661,'Goldenrod'),(662,'Orange'),(663,'Green'),(664,'Mauv'),(665,'Pink'),(666,'Purple'),(667,'Teal'),(668,'Mauv'),(669,'Mauv'),(670,'Orange'),(671,'Goldenrod'),(672,'Pink'),(673,'Maroon'),(674,'Maroon'),(675,'Khaki'),(676,'Khaki'),(677,'Puce'),(678,'Khaki'),(679,'Puce'),(680,'Puce'),(681,'Indigo'),(682,'Indigo'),(683,'Blue'),(684,'Puce'),(685,'Indigo'),(686,'Crimson'),(687,'Indigo'),(688,'Turquoise'),(689,'Violet'),(690,'Mauv'),(691,'Khaki'),(692,'Puce'),(693,'Purple'),(694,'Pink'),(695,'Orange'),(696,'Fuscia'),(697,'Mauv'),(698,'Orange'),(699,'Aquamarine'),(700,'Crimson'),(701,'Goldenrod'),(702,'Turquoise'),(703,'Violet'),(704,'Puce'),(705,'Pink'),(706,'Purple'),(707,'Yellow'),(708,'Pink'),(709,'Maroon'),(710,'Blue'),(711,'Goldenrod'),(712,'Indigo'),(713,'Mauv'),(714,'Mauv'),(715,'Fuscia'),(716,'Red'),(717,'Aquamarine'),(718,'Crimson'),(719,'Turquoise'),(720,'Yellow'),(721,'Indigo'),(722,'Pink'),(723,'Khaki'),(724,'Aquamarine'),(725,'Crimson'),(726,'Khaki'),(727,'Turquoise'),(728,'Puce'),(729,'Indigo'),(730,'Teal'),(731,'Puce'),(732,'Puce'),(733,'Crimson'),(734,'Mauv'),(735,'Goldenrod'),(736,'Pink'),(737,'Green'),(738,'Purple'),(739,'Puce'),(740,'Aquamarine'),(741,'Indigo'),(742,'Orange'),(743,'Mauv'),(744,'Puce'),(745,'Teal'),(746,'Goldenrod'),(747,'Pink'),(748,'Aquamarine'),(749,'Purple'),(750,'Pink'),(751,'Khaki'),(752,'Red'),(753,'Red'),(754,'Red'),(755,'Pink'),(756,'Aquamarine'),(757,'Puce'),(758,'Maroon'),(759,'Aquamarine'),(760,'Blue'),(761,'Fuscia'),(762,'Goldenrod'),(763,'Yellow'),(764,'Blue'),(765,'Purple'),(766,'Yellow'),(767,'Orange'),(768,'Khaki'),(769,'Fuscia'),(770,'Blue'),(771,'Puce'),(772,'Puce'),(773,'Yellow'),(774,'Teal'),(775,'Purple'),(776,'Indigo'),(777,'Khaki'),(778,'Crimson'),(779,'Yellow'),(780,'Fuscia'),(781,'Teal'),(782,'Pink'),(783,'Indigo'),(784,'Indigo'),(785,'Khaki'),(786,'Purple'),(787,'Goldenrod'),(788,'Aquamarine'),(789,'Goldenrod'),(790,'Teal'),(791,'Puce'),(792,'Green'),(793,'Puce'),(794,'Yellow'),(795,'Indigo'),(796,'Fuscia'),(797,'Khaki'),(798,'Teal'),(799,'Green'),(800,'Pink'),(801,'Green'),(802,'Pink'),(803,'Khaki'),(804,'Violet'),(805,'Crimson'),(806,'Khaki'),(807,'Fuscia'),(808,'Yellow'),(809,'Violet'),(810,'Pink'),(811,'Pink'),(812,'Crimson'),(813,'Red'),(814,'Puce'),(815,'Green'),(816,'Khaki'),(817,'Mauv'),(818,'Yellow'),(819,'Violet'),(820,'Fuscia'),(821,'Red'),(822,'Green'),(823,'Yellow'),(824,'Yellow'),(825,'Puce'),(826,'Aquamarine'),(827,'Violet'),(828,'Aquamarine'),(829,'Orange'),(830,'Fuscia'),(831,'Purple'),(832,'Mauv'),(833,'Violet'),(834,'Turquoise'),(835,'Fuscia'),(836,'Puce'),(837,'Fuscia'),(838,'Turquoise'),(839,'Goldenrod'),(840,'Blue'),(841,'Blue'),(842,'Aquamarine'),(843,'Crimson'),(844,'Orange'),(845,'Green'),(846,'Crimson'),(847,'Khaki'),(848,'Aquamarine'),(849,'Blue'),(850,'Green'),(851,'Fuscia'),(852,'Blue'),(853,'Pink'),(854,'Red'),(855,'Teal'),(856,'Mauv'),(857,'Green'),(858,'Purple'),(859,'Aquamarine'),(860,'Mauv'),(861,'Orange'),(862,'Puce'),(863,'Goldenrod'),(864,'Orange'),(865,'Teal'),(866,'Fuscia'),(867,'Purple'),(868,'Blue'),(869,'Puce'),(870,'Red'),(871,'Green'),(872,'Purple'),(873,'Yellow'),(874,'Teal'),(875,'Puce'),(876,'Indigo'),(877,'Turquoise'),(878,'Indigo'),(879,'Khaki'),(880,'Orange'),(881,'Khaki'),(882,'Aquamarine'),(883,'Goldenrod'),(884,'Violet'),(885,'Indigo'),(886,'Fuscia'),(887,'Green'),(888,'Fuscia'),(889,'Goldenrod'),(890,'Turquoise'),(891,'Indigo'),(892,'Pink'),(893,'Puce'),(894,'Teal'),(895,'Teal'),(896,'Green'),(897,'Crimson'),(898,'Violet'),(899,'Mauv'),(900,'Mauv'),(901,'Maroon'),(902,'Aquamarine'),(903,'Green'),(904,'Purple'),(905,'Yellow'),(906,'Teal'),(907,'Yellow'),(908,'Mauv'),(909,'Blue'),(910,'Puce'),(911,'Purple'),(912,'Yellow'),(913,'Violet'),(914,'Crimson'),(915,'Mauv'),(916,'Puce'),(917,'Violet'),(918,'Crimson'),(919,'Orange'),(920,'Turquoise'),(921,'Aquamarine'),(922,'Violet'),(923,'Mauv'),(924,'Maroon'),(925,'Orange'),(926,'Aquamarine'),(927,'Khaki'),(928,'Purple'),(929,'Pink'),(930,'Red'),(931,'Mauv'),(932,'Indigo'),(933,'Yellow'),(934,'Fuscia'),(935,'Violet'),(936,'Goldenrod'),(937,'Fuscia'),(938,'Mauv'),(939,'Yellow'),(940,'Red'),(941,'Mauv'),(942,'Purple'),(943,'Puce'),(944,'Maroon'),(945,'Crimson'),(946,'Maroon'),(947,'Turquoise'),(948,'Purple'),(949,'Crimson'),(950,'Indigo'),(951,'Red'),(952,'Puce'),(953,'Khaki'),(954,'Turquoise'),(955,'Fuscia'),(956,'Crimson'),(957,'Khaki'),(958,'Fuscia'),(959,'Orange'),(960,'Green'),(961,'Green'),(962,'Fuscia'),(963,'Red'),(964,'Goldenrod'),(965,'Fuscia'),(966,'Yellow'),(967,'Red'),(968,'Red'),(969,'Yellow'),(970,'Turquoise'),(971,'Purple'),(972,'Turquoise'),(973,'Purple'),(974,'Crimson'),(975,'Purple'),(976,'Yellow'),(977,'Puce'),(978,'Indigo'),(979,'Maroon'),(980,'Fuscia'),(981,'Purple'),(982,'Puce'),(983,'Maroon'),(984,'Goldenrod'),(985,'Green'),(986,'Mauv'),(987,'Crimson'),(988,'Indigo'),(989,'Purple'),(990,'Goldenrod'),(991,'Indigo'),(992,'Aquamarine'),(993,'Violet'),(994,'Turquoise'),(995,'Crimson'),(996,'Violet'),(997,'Maroon'),(998,'Green'),(999,'Goldenrod'),(1000,'Pink');



DROP TABLE IF EXISTS [companies];

CREATE TABLE companies (
  [company_id] int DEFAULT NULL,
  [name] varchar(255) DEFAULT NULL
) ;


INSERT INTO companies VALUES (1,'Vinte'),(2,'Yombu'),(3,'Jaxworks'),(4,'Bubblemix'),(5,'Rhyloo'),(6,'Kamba'),(7,'Meevee'),(8,'Geba'),(9,'Feedfish'),(10,'Leenti'),(11,'Chatterpoint'),(12,'Eire'),(13,'Ozu'),(14,'Realpoint'),(15,'Riffpath'),(16,'Linklinks'),(17,'Livepath'),(18,'Muxo'),(19,'Browsedrive'),(20,'skaboo'),(21,'Voonder'),(22,'Vimbo'),(23,'Tazz'),(24,'Meetz'),(25,'Quinu'),(26,'Mydo'),(27,'Tekfly'),(28,'Gigaclub'),(29,'Rhyloo'),(30,'Oyonder'),(31,'Meeveo'),(32,'skinte'),(33,'Zava'),(34,'Thoughtblab'),(35,'Vipe'),(36,'Twitterbeat'),(37,'Wordtune'),(38,'Vimbo'),(39,'Kwimbee'),(40,'Gabcube'),(41,'skipfire'),(42,'Vinte'),(43,'Youopia'),(44,'Zoovu'),(45,'Zoomcast'),(46,'Buzzster'),(47,'Oodoo'),(48,'Miboo'),(49,'Yombu'),(50,'Ozu'),(51,'Twitterworks'),(52,'Eabox'),(53,'Leexo'),(54,'Yodo'),(55,'Lajo'),(56,'Feedbug'),(57,'Photobean'),(58,'Demivee'),(59,'shufflester'),(60,'Dabvine'),(61,'Realbridge'),(62,'Rhycero'),(63,'Dabtype'),(64,'Zoozzy'),(65,'Wikivu'),(66,'Edgepulse'),(67,'Leenti'),(68,'Brainverse'),(69,'Topiczoom'),(70,'Muxo'),(71,'Aimbo'),(72,'Realpoint'),(73,'Meevee'),(74,'Ntag'),(75,'Twitterlist'),(76,'Photolist'),(77,'Oba'),(78,'Blogtag'),(79,'Yodel'),(80,'Rhynyx'),(81,'Blogtags'),(82,'Browsedrive'),(83,'Linkbuzz'),(84,'Dynazzy'),(85,'Kwinu'),(86,'Aimbo'),(87,'Viva'),(88,'Teklist'),(89,'Tanoodle'),(90,'Wikido'),(91,'Wordpedia'),(92,'Edgeify'),(93,'Devcast'),(94,'Browsezoom'),(95,'Dynabox'),(96,'Yata'),(97,'Cogilith'),(98,'Flashspan'),(99,'Dazzlesphere'),(100,'InnoZ'),(101,'Browsezoom'),(102,'skyba'),(103,'Centizu'),(104,'Oyoba'),(105,'snaptags'),(106,'Meetz'),(107,'Fliptune'),(108,'Zoomlounge'),(109,'Tanoodle'),(110,'Wikivu'),(111,'Yabox'),(112,'Zoomzone'),(113,'Brainverse'),(114,'Topicblab'),(115,'shuffletag'),(116,'Fliptune'),(117,'Dabjam'),(118,'Jamia'),(119,'Youfeed'),(120,'Kazu'),(121,'Jabberstorm'),(122,'Gabvine'),(123,'Yoveo'),(124,'Jaxnation'),(125,'Thoughtworks'),(126,'Tagpad'),(127,'skaboo'),(128,'Zooveo'),(129,'Buzzdog'),(130,'Tagfeed'),(131,'Dabshots'),(132,'Feedfish'),(133,'Bluejam'),(134,'Wikivu'),(135,'Wordware'),(136,'Jabbercube'),(137,'Flashdog'),(138,'Jabbercube'),(139,'Linkbuzz'),(140,'Meedoo'),(141,'Lazz'),(142,'Rhyzio'),(143,'Jabbersphere'),(144,'Jaloo'),(145,'skyba'),(146,'Gigashots'),(147,'Riffpedia'),(148,'Innotype'),(149,'Ainyx'),(150,'Rhybox'),(151,'Photofeed'),(152,'Npath'),(153,'skipstorm'),(154,'Voomm'),(155,'Katz'),(156,'Zoomdog'),(157,'Feedmix'),(158,'Bubblebox'),(159,'Tazz'),(160,'Minyx'),(161,'Babbleopia'),(162,'Livetube'),(163,'skinix'),(164,'Buzzshare'),(165,'Trupe'),(166,'skimia'),(167,'Jetpulse'),(168,'Jamia'),(169,'Centidel'),(170,'Aimbu'),(171,'Pixoboo'),(172,'Eayo'),(173,'Yodoo'),(174,'Linktype'),(175,'Wikizz'),(176,'Kazio'),(177,'Tagchat'),(178,'Geba'),(179,'Flipstorm'),(180,'Yadel'),(181,'Blogtag'),(182,'Realbridge'),(183,'Yombu'),(184,'Rhyloo'),(185,'Dablist'),(186,'Yamia'),(187,'Yakidoo'),(188,'Rhycero'),(189,'Yamia'),(190,'Yodo'),(191,'Mymm'),(192,'Jatri'),(193,'Meetz'),(194,'Voonix'),(195,'Meembee'),(196,'Roombo'),(197,'Twitterlist'),(198,'Dazzlesphere'),(199,'Abatz'),(200,'Minyx'),(201,'Avamm'),(202,'Zoomdog'),(203,'Quatz'),(204,'Livefish'),(205,'Quatz'),(206,'Realbridge'),(207,'Quinu'),(208,'skipfire'),(209,'Feedfish'),(210,'Realcube'),(211,'Realpoint'),(212,'Yoveo'),(213,'skinte'),(214,'Bubblebox'),(215,'Quatz'),(216,'Omba'),(217,'Jaxnation'),(218,'Zoonder'),(219,'Brightdog'),(220,'Edgeclub'),(221,'Jabbercube'),(222,'Twimbo'),(223,'Vinder'),(224,'Divanoodle'),(225,'Camimbo'),(226,'Digitube'),(227,'Thoughtbeat'),(228,'Cogidoo'),(229,'Aibox'),(230,'Twitterlist'),(231,'Jaxspan'),(232,'Topiclounge'),(233,'Gabspot'),(234,'Browseblab'),(235,'skimia'),(236,'Dabvine'),(237,'skinder'),(238,'Meeveo'),(239,'Ozu'),(240,'Youspan'),(241,'Linkbuzz'),(242,'Jazzy'),(243,'Kwimbee'),(244,'Browsebug'),(245,'Abata'),(246,'Babbleset'),(247,'Kaymbo'),(248,'Buzzster'),(249,'Eamia'),(250,'Zoomcast'),(251,'Yodo'),(252,'Trunyx'),(253,'Flipstorm'),(254,'shufflester'),(255,'Babbleset'),(256,'Blogpad'),(257,'Linktype'),(258,'Jaxnation'),(259,'Thoughtsphere'),(260,'Tanoodle'),(261,'skalith'),(262,'Yozio'),(263,'Edgeblab'),(264,'Bluezoom'),(265,'Fivebridge'),(266,'Tagcat'),(267,'Fivespan'),(268,'Brainsphere'),(269,'Eimbee'),(270,'Kanoodle'),(271,'Dabtype'),(272,'snaptags'),(273,'Devshare'),(274,'Realbridge'),(275,'Tazzy'),(276,'skidoo'),(277,'Wordware'),(278,'Realcube'),(279,'Mynte'),(280,'Thoughtbeat'),(281,'Topicblab'),(282,'skyble'),(283,'Npath'),(284,'Eidel'),(285,'Wordify'),(286,'Brainsphere'),(287,'Bluezoom'),(288,'Pixonyx'),(289,'Eare'),(290,'Dablist'),(291,'Thoughtstorm'),(292,'Tanoodle'),(293,'Plambee'),(294,'Topiclounge'),(295,'skivee'),(296,'Fiveclub'),(297,'Meembee'),(298,'Edgeblab'),(299,'Gevee'),(300,'Brainverse'),(301,'skyvu'),(302,'Jetwire'),(303,'Youopia'),(304,'skaboo'),(305,'Gigashots'),(306,'Brainlounge'),(307,'Latz'),(308,'Zoonoodle'),(309,'Yombu'),(310,'Dabtype'),(311,'skippad'),(312,'Chatterbridge'),(313,'Edgepulse'),(314,'Vitz'),(315,'Edgepulse'),(316,'Yakitri'),(317,'Twimm'),(318,'Blogspan'),(319,'Wikizz'),(320,'Roombo'),(321,'Tanoodle'),(322,'Fanoodle'),(323,'Camido'),(324,'Bluezoom'),(325,'Bluezoom'),(326,'Feedbug'),(327,'skyble'),(328,'Thoughtbeat'),(329,'Lazzy'),(330,'Kanoodle'),(331,'Bluezoom'),(332,'Trunyx'),(333,'Tazz'),(334,'Viva'),(335,'Vidoo'),(336,'Trudoo'),(337,'Buzzbean'),(338,'Bluejam'),(339,'Ntag'),(340,'Eayo'),(341,'Centizu'),(342,'Tagchat'),(343,'Feedfish'),(344,'Wordpedia'),(345,'Oyoyo'),(346,'Digitube'),(347,'Topicstorm'),(348,'Jabbercube'),(349,'skibox'),(350,'Yacero'),(351,'Buzzster'),(352,'Flashdog'),(353,'Vitz'),(354,'Flipopia'),(355,'Edgewire'),(356,'Bubblebox'),(357,'Yozio'),(358,'Avavee'),(359,'Realbridge'),(360,'Tazz'),(361,'Tavu'),(362,'Ozu'),(363,'Vitz'),(364,'Eabox'),(365,'Lazz'),(366,'Leexo'),(367,'Fadeo'),(368,'Dabtype'),(369,'Twitterlist'),(370,'Zooveo'),(371,'Yodoo'),(372,'Yacero'),(373,'Divavu'),(374,'Wordtune'),(375,'Quinu'),(376,'Vinder'),(377,'Tagcat'),(378,'Oyoloo'),(379,'Tagtune'),(380,'Cogilith'),(381,'Gigazoom'),(382,'Rhynyx'),(383,'skajo'),(384,'Tagfeed'),(385,'Wordpedia'),(386,'Babbleblab'),(387,'Meemm'),(388,'Mydeo'),(389,'Ooba'),(390,'skajo'),(391,'Eabox'),(392,'Edgewire'),(393,'Linkbridge'),(394,'Demimbu'),(395,'Twitterworks'),(396,'Babblestorm'),(397,'Demivee'),(398,'Brightdog'),(399,'skippad'),(400,'Voonder'),(401,'Quatz'),(402,'Jabbersphere'),(403,'Divanoodle'),(404,'Photobug'),(405,'Wordtune'),(406,'Gabvine'),(407,'Topiczoom'),(408,'Jabberbean'),(409,'Katz'),(410,'Fivespan'),(411,'Blogtag'),(412,'Fadeo'),(413,'Eidel'),(414,'Linkbridge'),(415,'Tanoodle'),(416,'Einti'),(417,'skiba'),(418,'Twimm'),(419,'Twitterworks'),(420,'Livetube'),(421,'skimia'),(422,'Trilith'),(423,'Centidel'),(424,'Yombu'),(425,'Photojam'),(426,'Bluezoom'),(427,'Oyope'),(428,'skilith'),(429,'Zoomzone'),(430,'Thoughtsphere'),(431,'Roomm'),(432,'Teklist'),(433,'Flashset'),(434,'Feedbug'),(435,'Brainbox'),(436,'Digitube'),(437,'Divanoodle'),(438,'Plajo'),(439,'Fiveclub'),(440,'Dynabox'),(441,'Janyx'),(442,'Realpoint'),(443,'Brightdog'),(444,'Blogpad'),(445,'Livepath'),(446,'Quimm'),(447,'Browsedrive'),(448,'Gabtype'),(449,'Wordpedia'),(450,'Lazzy'),(451,'Eimbee'),(452,'Feedbug'),(453,'Bubblemix'),(454,'Thoughtblab'),(455,'Kwideo'),(456,'Fadeo'),(457,'Thoughtbridge'),(458,'skyble'),(459,'Janyx'),(460,'Aimbo'),(461,'Jabbersphere'),(462,'Youfeed'),(463,'Mycat'),(464,'Browsedrive'),(465,'Voolith'),(466,'Thoughtstorm'),(467,'Twinte'),(468,'Voonix'),(469,'Gigabox'),(470,'Gigaclub'),(471,'Topiclounge'),(472,'Oodoo'),(473,'Browsetype'),(474,'Flipopia'),(475,'Eidel'),(476,'Kazio'),(477,'Yozio'),(478,'Wikido'),(479,'Centimia'),(480,'Eazzy'),(481,'Rhycero'),(482,'skyba'),(483,'skinder'),(484,'Oodoo'),(485,'Buzzster'),(486,'Twitterwire'),(487,'skaboo'),(488,'Mycat'),(489,'Agivu'),(490,'Reallinks'),(491,'Linktype'),(492,'Jabberbean'),(493,'Voomm'),(494,'Realmix'),(495,'Katz'),(496,'Thoughtworks'),(497,'Ozu'),(498,'Brightbean'),(499,'Bubbletube'),(500,'Viva'),(501,'Topicware'),(502,'snaptags'),(503,'Flipbug'),(504,'Babbleopia'),(505,'Edgetag'),(506,'Yata'),(507,'Oyoyo'),(508,'Wordify'),(509,'Realmix'),(510,'Brainverse'),(511,'Avamm'),(512,'Yodoo'),(513,'Kimia'),(514,'Trilia'),(515,'Roodel'),(516,'Vipe'),(517,'skinix'),(518,'Jayo'),(519,'Eazzy'),(520,'Omba'),(521,'Flipstorm'),(522,'Quimba'),(523,'Meejo'),(524,'Twinder'),(525,'Flipbug'),(526,'Edgeblab'),(527,'Blogtags'),(528,'Twimbo'),(529,'Podcat'),(530,'Zoonder'),(531,'Janyx'),(532,'Innojam'),(533,'Eamia'),(534,'skiba'),(535,'Tazzy'),(536,'skalith'),(537,'Quatz'),(538,'Feedmix'),(539,'Fadeo'),(540,'Quinu'),(541,'Kwilith'),(542,'skyba'),(543,'Youspan'),(544,'BlogXS'),(545,'Topiclounge'),(546,'Oyoyo'),(547,'Thoughtbeat'),(548,'Divanoodle'),(549,'Photojam'),(550,'Realfire'),(551,'skalith'),(552,'Camido'),(553,'Quimba'),(554,'Thoughtmix'),(555,'Brainlounge'),(556,'Rhybox'),(557,'Tazz'),(558,'Lazz'),(559,'Mynte'),(560,'Roomm'),(561,'Aimbu'),(562,'Flipstorm'),(563,'Jabberstorm'),(564,'Rooxo'),(565,'Feedbug'),(566,'Ooba'),(567,'Realpoint'),(568,'Edgewire'),(569,'Demivee'),(570,'Gigazoom'),(571,'Fliptune'),(572,'Eazzy'),(573,'Podcat'),(574,'skinte'),(575,'Jabbersphere'),(576,'Mynte'),(577,'Jaloo'),(578,'JumpXS'),(579,'Dablist'),(580,'Brightbean'),(581,'Devify'),(582,'Babbleblab'),(583,'Dabtype'),(584,'Lajo'),(585,'Bubbletube'),(586,'Dabtype'),(587,'Wikizz'),(588,'Aibox'),(589,'Devshare'),(590,'Zoombox'),(591,'Kwinu'),(592,'Kimia'),(593,'Meetz'),(594,'Aimbu'),(595,'Demizz'),(596,'Kwinu'),(597,'Fadeo'),(598,'Voonyx'),(599,'Zava'),(600,'Realbuzz'),(601,'Trupe'),(602,'skimia'),(603,'Chatterpoint'),(604,'Jamia'),(605,'Gabspot'),(606,'Jetpulse'),(607,'Aimbu'),(608,'Tagcat'),(609,'skinix'),(610,'Rhycero'),(611,'Voonder'),(612,'Flipstorm'),(613,'Devbug'),(614,'Rhyzio'),(615,'Roombo'),(616,'Edgeclub'),(617,'Oyondu'),(618,'Jamia'),(619,'Dabvine'),(620,'Jabbercube'),(621,'Bluejam'),(622,'Edgewire'),(623,'Zoonder'),(624,'Zoomdog'),(625,'Yadel'),(626,'Linktype'),(627,'Topicware'),(628,'Wordify'),(629,'Twitterworks'),(630,'skynoodle'),(631,'Dynazzy'),(632,'Livefish'),(633,'Rhynoodle'),(634,'Dynabox'),(635,'shuffletag'),(636,'Kare'),(637,'Demizz'),(638,'Pixonyx'),(639,'Flipopia'),(640,'Eayo'),(641,'Blogpad'),(642,'Camido'),(643,'Browsezoom'),(644,'Dabshots'),(645,'Jabbersphere'),(646,'Rhyloo'),(647,'Tagfeed'),(648,'Blognation'),(649,'skippad'),(650,'Voomm'),(651,'Topdrive'),(652,'Reallinks'),(653,'Meedoo'),(654,'Thoughtsphere'),(655,'Linklinks'),(656,'Kazu'),(657,'Babbleopia'),(658,'Photolist'),(659,'Trudeo'),(660,'Jayo'),(661,'Twiyo'),(662,'Jayo'),(663,'Vipe'),(664,'skynoodle'),(665,'Youbridge'),(666,'Roodel'),(667,'Browsecat'),(668,'Quaxo'),(669,'Buzzdog'),(670,'Zooveo'),(671,'Babblestorm'),(672,'Brightbean'),(673,'Kazio'),(674,'Linktype'),(675,'Zoonder'),(676,'Dabvine'),(677,'Wordware'),(678,'Thoughtworks'),(679,'Gigaclub'),(680,'InnoZ'),(681,'Quatz'),(682,'Quamba'),(683,'Linkbridge'),(684,'Fanoodle'),(685,'Ntag'),(686,'Quimba'),(687,'Innojam'),(688,'Midel'),(689,'Dablist'),(690,'Reallinks'),(691,'Bluejam'),(692,'Teklist'),(693,'Chatterpoint'),(694,'shufflebeat'),(695,'Centidel'),(696,'Gabvine'),(697,'Oyondu'),(698,'Babblestorm'),(699,'Rhycero'),(700,'Babbleset'),(701,'Yata'),(702,'Yamia'),(703,'Camimbo'),(704,'Pixoboo'),(705,'Linklinks'),(706,'Fivebridge'),(707,'Edgetag'),(708,'Aimbo'),(709,'Flipbug'),(710,'Eare'),(711,'Zoomzone'),(712,'Katz'),(713,'Thoughtworks'),(714,'Gigaclub'),(715,'Einti'),(716,'Jaxbean'),(717,'Browsebug'),(718,'Realmix'),(719,'Izio'),(720,'Twimm'),(721,'Flashspan'),(722,'Meeveo'),(723,'Wordpedia'),(724,'skinix'),(725,'shuffledrive'),(726,'Browsedrive'),(727,'Mymm'),(728,'Flipopia'),(729,'Vipe'),(730,'Kwinu'),(731,'Bluezoom'),(732,'Cogibox'),(733,'Voonte'),(734,'Rhybox'),(735,'Leenti'),(736,'Kayveo'),(737,'Quinu'),(738,'Bubblemix'),(739,'Twitterwire'),(740,'Rhynoodle'),(741,'Buzzshare'),(742,'Mydo'),(743,'Tavu'),(744,'Fliptune'),(745,'Browseblab'),(746,'Aivee'),(747,'Flashpoint'),(748,'Thoughtbeat'),(749,'Minyx'),(750,'Edgeblab'),(751,'Devshare'),(752,'skipstorm'),(753,'Oloo'),(754,'Zoovu'),(755,'Lajo'),(756,'Rooxo'),(757,'Zoovu'),(758,'Flashdog'),(759,'Twinte'),(760,'Dabtype'),(761,'Roodel'),(762,'Bubblemix'),(763,'Buzzbean'),(764,'Edgepulse'),(765,'Dabjam'),(766,'Yodo'),(767,'skinder'),(768,'Quaxo'),(769,'Zooveo'),(770,'skynoodle'),(771,'Eazzy'),(772,'shufflester'),(773,'Twimm'),(774,'Meevee'),(775,'Rhyloo'),(776,'Centidel'),(777,'Tekfly'),(778,'Einti'),(779,'Linktype'),(780,'shuffletag'),(781,'Mudo'),(782,'Vitz'),(783,'Twinte'),(784,'Quinu'),(785,'Quamba'),(786,'Devpulse'),(787,'Demimbu'),(788,'Flipopia'),(789,'Zava'),(790,'Twitterlist'),(791,'Jabbertype'),(792,'skaboo'),(793,'Realfire'),(794,'Quaxo'),(795,'Centidel'),(796,'Kayveo'),(797,'Topicware'),(798,'Quimm'),(799,'skilith'),(800,'Layo'),(801,'Zoomcast'),(802,'skyvu'),(803,'Tagchat'),(804,'Layo'),(805,'Quatz'),(806,'Rooxo'),(807,'Realbuzz'),(808,'Babbleopia'),(809,'Dablist'),(810,'Divavu'),(811,'Feednation'),(812,'Topicshots'),(813,'Trudoo'),(814,'Muxo'),(815,'Linkbridge'),(816,'Centimia'),(817,'Buzzshare'),(818,'Abatz'),(819,'Photobug'),(820,'Quinu'),(821,'Janyx'),(822,'Zooveo'),(823,'Muxo'),(824,'skyndu'),(825,'Viva'),(826,'Dabfeed'),(827,'Gabspot'),(828,'Dabvine'),(829,'Cogibox'),(830,'Midel'),(831,'Babbleopia'),(832,'Photobug'),(833,'Topicstorm'),(834,'Lazz'),(835,'Fatz'),(836,'Vinder'),(837,'Layo'),(838,'Babbleset'),(839,'Kwilith'),(840,'Thoughtworks'),(841,'Kimia'),(842,'Kimia'),(843,'Jetwire'),(844,'Voolith'),(845,'Roombo'),(846,'Roombo'),(847,'Jetpulse'),(848,'Kayveo'),(849,'skaboo'),(850,'Babbleset'),(851,'Wordify'),(852,'Roodel'),(853,'Topicblab'),(854,'Topiczoom'),(855,'Jayo'),(856,'Yadel'),(857,'Twiyo'),(858,'Mycat'),(859,'Yodel'),(860,'Zava'),(861,'Dynazzy'),(862,'Wikido'),(863,'Tagcat'),(864,'Yacero'),(865,'Demivee'),(866,'Yozio'),(867,'Meetz'),(868,'Ozu'),(869,'Demizz'),(870,'InnoZ'),(871,'Fivechat'),(872,'shuffletag'),(873,'Jabbersphere'),(874,'Gabtune'),(875,'Realpoint'),(876,'shuffledrive'),(877,'Ooba'),(878,'Camido'),(879,'Browsecat'),(880,'Thoughtbridge'),(881,'Ntag'),(882,'Mudo'),(883,'skipstorm'),(884,'Camido'),(885,'Ntags'),(886,'Aivee'),(887,'Browsecat'),(888,'Tagtune'),(889,'skyndu'),(890,'Eabox'),(891,'Flashspan'),(892,'Cogilith'),(893,'Kwinu'),(894,'Yata'),(895,'Eire'),(896,'Jabberstorm'),(897,'shuffledrive'),(898,'Thoughtworks'),(899,'Midel'),(900,'Bubblebox'),(901,'Buzzbean'),(902,'Zooxo'),(903,'Bubbletube'),(904,'Topiczoom'),(905,'Quaxo'),(906,'Photofeed'),(907,'Vipe'),(908,'Edgeblab'),(909,'Gabtune'),(910,'Kare'),(911,'Jayo'),(912,'Oyonder'),(913,'Fadeo'),(914,'Flipbug'),(915,'Jabbersphere'),(916,'Zoombox'),(917,'Oyoba'),(918,'Kwilith'),(919,'Browsezoom'),(920,'Twinte'),(921,'Zoozzy'),(922,'Dablist'),(923,'Mynte'),(924,'Jabbercube'),(925,'Topiclounge'),(926,'Vinte'),(927,'Jabbercube'),(928,'Aivee'),(929,'Izio'),(930,'Gabspot'),(931,'skajo'),(932,'Fatz'),(933,'skipstorm'),(934,'Topiclounge'),(935,'Brightbean'),(936,'Oyondu'),(937,'Oyoyo'),(938,'Tagpad'),(939,'Trudoo'),(940,'Oyoyo'),(941,'skibox'),(942,'Babbleset'),(943,'Yakijo'),(944,'Jaxnation'),(945,'Jaxnation'),(946,'Zoozzy'),(947,'Yakidoo'),(948,'Camido'),(949,'Janyx'),(950,'Riffpedia'),(951,'Photolist'),(952,'Feedfire'),(953,'Meemm'),(954,'Bluejam'),(955,'Zoonoodle'),(956,'Mymm'),(957,'Divape'),(958,'Yozio'),(959,'Riffpath'),(960,'Gigabox'),(961,'Trunyx'),(962,'Yodoo'),(963,'Zoomlounge'),(964,'Tagcat'),(965,'Katz'),(966,'Brainlounge'),(967,'Tagpad'),(968,'Feedspan'),(969,'Fatz'),(970,'Vinte'),(971,'Zoonoodle'),(972,'Jabbersphere'),(973,'Cogibox'),(974,'Devpulse'),(975,'Yakitri'),(976,'Zoovu'),(977,'Katz'),(978,'Yombu'),(979,'Blogpad'),(980,'Centimia'),(981,'Trudeo'),(982,'Dablist'),(983,'Leenti'),(984,'Thoughtsphere'),(985,'Linklinks'),(986,'Meevee'),(987,'Linktype'),(988,'Eabox'),(989,'Gabtype'),(990,'Ntags'),(991,'Nlounge'),(992,'Roomm'),(993,'Bubblemix'),(994,'Bubbletube'),(995,'Flipopia'),(996,'Meejo'),(997,'Brainbox'),(998,'snaptags'),(999,'Quaxo'),(1000,'Oodoo');



DROP TABLE IF EXISTS [company_locations];

CREATE TABLE company_locations (
  [id] int DEFAULT NULL,
  [company_id] int DEFAULT NULL,
  [address_id] int DEFAULT NULL
) ;


INSERT INTO company_locations VALUES (NULL,64,38),(NULL,97,69),(NULL,57,75),(NULL,6,4),(NULL,99,84),(NULL,21,54),(NULL,8,75),(NULL,49,23),(NULL,67,67),(NULL,30,50),(NULL,61,53),(NULL,81,47),(NULL,90,7),(NULL,68,16),(NULL,76,32),(NULL,30,55),(NULL,86,63),(NULL,57,95),(NULL,4,32),(NULL,51,58),(NULL,36,7),(NULL,23,97),(NULL,15,85),(NULL,77,31),(NULL,24,27),(NULL,60,20),(NULL,18,30),(NULL,97,94),(NULL,77,5),(NULL,91,39),(NULL,21,89),(NULL,82,44),(NULL,70,21),(NULL,91,93),(NULL,91,77),(NULL,11,25),(NULL,89,68),(NULL,75,72),(NULL,31,42),(NULL,14,43),(NULL,74,40),(NULL,78,67),(NULL,3,11),(NULL,48,5),(NULL,82,93),(NULL,19,14),(NULL,12,16),(NULL,47,87),(NULL,93,2),(NULL,29,40),(NULL,15,51),(NULL,9,94),(NULL,42,29),(NULL,15,90),(NULL,3,43),(NULL,7,5),(NULL,4,3),(NULL,2,4),(NULL,10,39),(NULL,66,13),(NULL,64,82),(NULL,19,47),(NULL,78,50),(NULL,14,22),(NULL,65,59),(NULL,100,22),(NULL,10,83),(NULL,83,67),(NULL,84,20),(NULL,46,72),(NULL,20,85),(NULL,63,58),(NULL,3,38),(NULL,82,94),(NULL,25,42),(NULL,35,49),(NULL,39,48),(NULL,20,57),(NULL,26,59),(NULL,13,91),(NULL,13,91),(NULL,17,13),(NULL,13,26),(NULL,91,77),(NULL,11,22),(NULL,77,17),(NULL,55,25),(NULL,57,12),(NULL,86,96),(NULL,22,20),(NULL,33,6),(NULL,29,27),(NULL,49,62),(NULL,63,29),(NULL,56,93),(NULL,95,97),(NULL,100,8),(NULL,41,79),(NULL,70,13),(NULL,56,38),(NULL,24,3),(NULL,42,2),(NULL,82,4),(NULL,72,51),(NULL,35,24),(NULL,14,98),(NULL,46,37),(NULL,47,24),(NULL,79,20),(NULL,64,61),(NULL,12,76),(NULL,43,87),(NULL,4,59),(NULL,84,42),(NULL,57,58),(NULL,18,17),(NULL,31,5),(NULL,29,32),(NULL,70,56),(NULL,68,72),(NULL,54,54),(NULL,7,75),(NULL,53,37),(NULL,28,28),(NULL,56,94),(NULL,1,25),(NULL,18,18),(NULL,35,19),(NULL,91,97),(NULL,12,70),(NULL,10,42),(NULL,78,66),(NULL,95,76),(NULL,95,48),(NULL,52,15),(NULL,17,43),(NULL,63,85),(NULL,34,17),(NULL,83,61),(NULL,58,4),(NULL,47,23),(NULL,72,93),(NULL,48,58),(NULL,49,67),(NULL,90,47),(NULL,65,82),(NULL,14,26),(NULL,86,51),(NULL,98,36),(NULL,86,22),(NULL,49,79),(NULL,48,4),(NULL,74,59),(NULL,73,87),(NULL,14,8),(NULL,99,69),(NULL,50,42),(NULL,59,67),(NULL,59,91),(NULL,80,25),(NULL,85,49),(NULL,90,2),(NULL,39,88),(NULL,23,51),(NULL,86,76),(NULL,23,85),(NULL,58,32),(NULL,86,33),(NULL,7,34),(NULL,49,43),(NULL,67,6),(NULL,29,26),(NULL,41,28),(NULL,15,90),(NULL,4,49),(NULL,32,12),(NULL,65,88),(NULL,43,50),(NULL,24,67),(NULL,61,7),(NULL,48,21),(NULL,58,28),(NULL,65,43),(NULL,16,52),(NULL,14,10),(NULL,7,6),(NULL,7,19),(NULL,74,12),(NULL,35,42),(NULL,3,88),(NULL,33,98),(NULL,90,57),(NULL,13,92),(NULL,23,39),(NULL,26,12),(NULL,83,77),(NULL,35,43),(NULL,9,17),(NULL,56,30),(NULL,79,7),(NULL,97,63),(NULL,24,29),(NULL,75,85),(NULL,2,54),(NULL,64,58),(NULL,96,5),(NULL,36,65),(NULL,15,81),(NULL,57,45),(NULL,53,27),(NULL,77,5),(NULL,92,45),(NULL,46,98),(NULL,50,56),(NULL,29,78),(NULL,2,76),(NULL,74,43),(NULL,89,16),(NULL,13,18),(NULL,49,92),(NULL,14,90),(NULL,9,76),(NULL,49,20),(NULL,51,94),(NULL,17,3),(NULL,64,12),(NULL,66,93),(NULL,68,61),(NULL,99,13),(NULL,66,93),(NULL,64,41),(NULL,11,34),(NULL,35,75),(NULL,67,11),(NULL,54,36),(NULL,19,84),(NULL,64,66),(NULL,38,90),(NULL,36,10),(NULL,42,79),(NULL,68,2),(NULL,4,17),(NULL,72,6),(NULL,15,57),(NULL,39,22),(NULL,94,3),(NULL,34,60),(NULL,98,9),(NULL,51,25),(NULL,73,89),(NULL,26,62),(NULL,31,67),(NULL,44,20),(NULL,65,66),(NULL,32,64),(NULL,21,13),(NULL,1,65),(NULL,20,7),(NULL,75,54),(NULL,45,63),(NULL,77,98),(NULL,57,92),(NULL,88,64),(NULL,54,78),(NULL,26,98),(NULL,9,51),(NULL,28,85),(NULL,39,43),(NULL,97,57),(NULL,90,80),(NULL,31,13),(NULL,71,18),(NULL,74,16),(NULL,57,35),(NULL,7,27),(NULL,16,96),(NULL,32,73),(NULL,67,18),(NULL,86,76),(NULL,23,84),(NULL,54,14),(NULL,11,11),(NULL,19,65),(NULL,66,35),(NULL,78,82),(NULL,76,33),(NULL,37,86),(NULL,17,29),(NULL,93,78),(NULL,11,22),(NULL,73,1),(NULL,86,25),(NULL,65,52),(NULL,66,70),(NULL,52,52),(NULL,3,57),(NULL,77,13),(NULL,33,26),(NULL,32,79),(NULL,99,56),(NULL,86,59),(NULL,38,12),(NULL,46,94),(NULL,30,70),(NULL,57,73),(NULL,97,64),(NULL,30,58),(NULL,98,16),(NULL,84,74),(NULL,17,63),(NULL,61,17),(NULL,2,59),(NULL,90,71),(NULL,83,2),(NULL,61,99),(NULL,13,66),(NULL,91,56),(NULL,8,72),(NULL,35,57),(NULL,81,31),(NULL,15,79),(NULL,50,14),(NULL,20,57),(NULL,23,46),(NULL,59,58),(NULL,13,88),(NULL,3,49),(NULL,36,31),(NULL,47,42),(NULL,67,8),(NULL,41,81),(NULL,82,64),(NULL,75,84),(NULL,92,9),(NULL,68,11),(NULL,50,17),(NULL,35,23),(NULL,12,88),(NULL,3,52),(NULL,51,100),(NULL,43,18),(NULL,59,39),(NULL,20,80),(NULL,41,65),(NULL,3,16),(NULL,73,17),(NULL,67,81),(NULL,2,68),(NULL,34,63),(NULL,15,86),(NULL,82,54),(NULL,22,47),(NULL,71,11),(NULL,42,78),(NULL,62,75),(NULL,88,14),(NULL,5,84),(NULL,6,75),(NULL,56,56),(NULL,12,92),(NULL,23,40),(NULL,31,33),(NULL,71,57),(NULL,70,80),(NULL,88,99),(NULL,33,64),(NULL,24,25),(NULL,54,93),(NULL,4,39),(NULL,84,2),(NULL,55,72),(NULL,93,51),(NULL,72,7),(NULL,20,79),(NULL,33,27),(NULL,38,6),(NULL,14,55),(NULL,32,93),(NULL,69,66),(NULL,22,13),(NULL,97,47),(NULL,45,81),(NULL,68,99),(NULL,90,53),(NULL,94,11),(NULL,71,22),(NULL,99,26),(NULL,34,89),(NULL,46,61),(NULL,66,46),(NULL,33,28),(NULL,37,2),(NULL,98,84),(NULL,27,81),(NULL,24,74),(NULL,100,79),(NULL,91,21),(NULL,29,82),(NULL,23,68),(NULL,71,48),(NULL,29,100),(NULL,11,54),(NULL,39,30),(NULL,32,71),(NULL,60,86),(NULL,47,78),(NULL,48,7),(NULL,89,25),(NULL,56,6),(NULL,62,93),(NULL,75,99),(NULL,66,35),(NULL,76,74),(NULL,41,84),(NULL,96,27),(NULL,47,54),(NULL,30,86),(NULL,41,44),(NULL,98,56),(NULL,88,70),(NULL,88,27),(NULL,71,74),(NULL,55,51),(NULL,92,8),(NULL,61,81),(NULL,20,59),(NULL,33,87),(NULL,37,22),(NULL,98,22),(NULL,19,28),(NULL,82,27),(NULL,88,57),(NULL,20,27),(NULL,78,8),(NULL,4,98),(NULL,74,79),(NULL,71,19),(NULL,82,53),(NULL,16,22),(NULL,60,35),(NULL,92,58),(NULL,10,78),(NULL,58,57),(NULL,9,74),(NULL,42,89),(NULL,19,26),(NULL,71,79),(NULL,80,64),(NULL,79,2),(NULL,75,65),(NULL,2,12),(NULL,53,30),(NULL,90,58),(NULL,20,25),(NULL,66,56),(NULL,80,31),(NULL,14,77),(NULL,43,84),(NULL,91,100),(NULL,26,33),(NULL,83,18),(NULL,41,49),(NULL,24,71),(NULL,83,2),(NULL,61,97),(NULL,4,26),(NULL,18,11),(NULL,2,75),(NULL,676,152),(NULL,732,205),(NULL,825,513),(NULL,88,899),(NULL,235,475),(NULL,669,924),(NULL,612,286),(NULL,596,121),(NULL,816,720),(NULL,150,587),(NULL,489,685),(NULL,955,722),(NULL,747,566),(NULL,592,260),(NULL,521,828),(NULL,579,412),(NULL,320,365),(NULL,865,231),(NULL,558,99),(NULL,818,795),(NULL,523,228),(NULL,570,169),(NULL,133,157),(NULL,388,466),(NULL,167,435),(NULL,676,77),(NULL,353,535),(NULL,619,487),(NULL,577,428),(NULL,406,745),(NULL,511,320),(NULL,64,362),(NULL,615,989),(NULL,104,550),(NULL,437,536),(NULL,368,234),(NULL,64,619),(NULL,902,654),(NULL,563,855),(NULL,584,357),(NULL,33,93),(NULL,367,553),(NULL,667,675),(NULL,377,857),(NULL,155,203),(NULL,549,136),(NULL,33,754),(NULL,675,113),(NULL,538,350),(NULL,138,638),(NULL,776,965),(NULL,502,613),(NULL,561,962),(NULL,132,769),(NULL,451,947),(NULL,383,76),(NULL,226,904),(NULL,842,499),(NULL,969,350),(NULL,839,148),(NULL,221,661),(NULL,645,239),(NULL,261,588),(NULL,157,22),(NULL,636,118),(NULL,681,50),(NULL,206,880),(NULL,785,286),(NULL,72,499),(NULL,283,916),(NULL,733,919),(NULL,395,216),(NULL,896,831),(NULL,470,857),(NULL,874,800),(NULL,380,497),(NULL,346,237),(NULL,147,26),(NULL,685,351),(NULL,697,434),(NULL,78,87),(NULL,202,746),(NULL,128,398),(NULL,606,838),(NULL,371,343),(NULL,599,967),(NULL,42,303),(NULL,393,53),(NULL,85,265),(NULL,71,558),(NULL,580,226),(NULL,389,266),(NULL,165,26),(NULL,634,93),(NULL,562,531),(NULL,971,263),(NULL,402,218),(NULL,884,767),(NULL,184,618),(NULL,537,833),(NULL,555,277),(NULL,718,760),(NULL,646,948),(NULL,805,180),(NULL,483,876),(NULL,933,38),(NULL,389,829),(NULL,981,419),(NULL,149,488),(NULL,994,508),(NULL,557,259),(NULL,626,351),(NULL,877,336),(NULL,46,222),(NULL,972,198),(NULL,72,765),(NULL,611,761),(NULL,971,572),(NULL,947,22),(NULL,266,265),(NULL,525,829),(NULL,573,379),(NULL,173,729),(NULL,129,456),(NULL,892,94),(NULL,793,683),(NULL,36,130),(NULL,541,316),(NULL,956,834),(NULL,303,11),(NULL,144,689),(NULL,14,998),(NULL,954,774),(NULL,8,714),(NULL,549,604),(NULL,375,59),(NULL,170,673),(NULL,854,255),(NULL,708,780),(NULL,773,527),(NULL,314,988),(NULL,3,46),(NULL,223,975),(NULL,208,115),(NULL,947,395),(NULL,134,480),(NULL,2,569),(NULL,838,484),(NULL,904,73),(NULL,648,25),(NULL,178,813),(NULL,533,227),(NULL,535,995),(NULL,370,866),(NULL,220,500),(NULL,840,700),(NULL,983,815),(NULL,125,178),(NULL,516,49),(NULL,691,312),(NULL,485,492),(NULL,2,534),(NULL,663,715),(NULL,584,778),(NULL,138,355),(NULL,361,738),(NULL,611,837),(NULL,357,270),(NULL,280,588),(NULL,101,738),(NULL,392,743),(NULL,542,478),(NULL,766,398),(NULL,690,259),(NULL,223,336),(NULL,11,44),(NULL,189,814),(NULL,503,72),(NULL,849,34),(NULL,617,986),(NULL,80,439),(NULL,957,469),(NULL,473,959),(NULL,378,11),(NULL,919,563),(NULL,60,607),(NULL,857,468),(NULL,764,419),(NULL,800,745),(NULL,324,385),(NULL,952,607),(NULL,177,65),(NULL,793,770),(NULL,473,54),(NULL,850,92),(NULL,905,254),(NULL,552,997),(NULL,332,668),(NULL,345,718),(NULL,556,625),(NULL,458,414),(NULL,695,233),(NULL,82,707),(NULL,294,345),(NULL,842,178),(NULL,364,285),(NULL,330,798),(NULL,3,615),(NULL,68,495),(NULL,270,864),(NULL,513,973),(NULL,328,718),(NULL,608,887),(NULL,609,387),(NULL,106,369),(NULL,527,529),(NULL,64,731),(NULL,465,133),(NULL,268,940),(NULL,897,665),(NULL,633,170),(NULL,950,245),(NULL,372,124),(NULL,503,144),(NULL,210,616),(NULL,454,421),(NULL,743,453),(NULL,35,813),(NULL,962,374),(NULL,983,794),(NULL,23,728),(NULL,575,691),(NULL,728,568),(NULL,657,579);


DROP TABLE IF EXISTS [favorite_animals];

CREATE TABLE favorite_animals (
  [id] int DEFAULT NULL,
  [person_id] int DEFAULT NULL,
  [animal_id] int DEFAULT NULL
) ;



INSERT INTO favorite_animals VALUES (NULL,535,787),(NULL,330,289),(NULL,454,402),(NULL,650,45),(NULL,271,221),(NULL,291,790),(NULL,82,37),(NULL,939,585),(NULL,107,777),(NULL,570,515),(NULL,868,793),(NULL,364,438),(NULL,98,177),(NULL,591,422),(NULL,339,429),(NULL,129,354),(NULL,386,868),(NULL,183,308),(NULL,989,27),(NULL,164,739),(NULL,207,812),(NULL,444,780),(NULL,572,518),(NULL,876,825),(NULL,496,7),(NULL,546,708),(NULL,903,393),(NULL,254,92),(NULL,694,197),(NULL,900,911),(NULL,855,545),(NULL,158,153),(NULL,290,991),(NULL,90,474),(NULL,101,80),(NULL,98,248),(NULL,948,999),(NULL,149,747),(NULL,289,204),(NULL,151,142),(NULL,256,855),(NULL,507,971),(NULL,335,761),(NULL,800,718),(NULL,190,794),(NULL,404,633),(NULL,957,887),(NULL,563,153),(NULL,77,923),(NULL,390,176),(NULL,711,30),(NULL,13,973),(NULL,831,238),(NULL,691,745),(NULL,653,29),(NULL,185,837),(NULL,632,649),(NULL,351,807),(NULL,981,486),(NULL,485,965),(NULL,374,972),(NULL,741,786),(NULL,711,195),(NULL,842,627),(NULL,606,152),(NULL,937,232),(NULL,349,49),(NULL,198,840),(NULL,610,527),(NULL,807,453),(NULL,843,857),(NULL,756,211),(NULL,785,294),(NULL,114,687),(NULL,93,404),(NULL,742,498),(NULL,262,816),(NULL,296,31),(NULL,266,237),(NULL,387,224),(NULL,956,112),(NULL,689,112),(NULL,489,113),(NULL,97,145),(NULL,432,728),(NULL,343,531),(NULL,625,532),(NULL,784,327),(NULL,283,433),(NULL,315,276),(NULL,436,352),(NULL,453,209),(NULL,683,791),(NULL,905,155),(NULL,56,815),(NULL,909,101),(NULL,775,573),(NULL,542,989),(NULL,321,635),(NULL,216,172),(NULL,212,542),(NULL,76,751),(NULL,530,397),(NULL,393,773),(NULL,689,124),(NULL,553,395),(NULL,316,392),(NULL,12,883),(NULL,382,258),(NULL,146,954),(NULL,334,807),(NULL,36,755),(NULL,670,85),(NULL,411,800),(NULL,771,453),(NULL,950,393),(NULL,116,397),(NULL,638,999),(NULL,84,419),(NULL,846,972),(NULL,324,702),(NULL,540,593),(NULL,344,941),(NULL,676,557),(NULL,754,101),(NULL,241,900),(NULL,781,204),(NULL,676,768),(NULL,814,765),(NULL,383,621),(NULL,957,923),(NULL,743,944),(NULL,495,641),(NULL,720,676),(NULL,222,82),(NULL,742,464),(NULL,95,83),(NULL,127,386),(NULL,548,584),(NULL,276,627),(NULL,307,654),(NULL,351,792),(NULL,906,158),(NULL,70,872),(NULL,154,152),(NULL,298,35),(NULL,279,290),(NULL,613,197),(NULL,145,133),(NULL,229,747),(NULL,48,997),(NULL,843,224),(NULL,588,271),(NULL,589,133),(NULL,897,89),(NULL,750,487),(NULL,184,457),(NULL,733,298),(NULL,288,545),(NULL,862,677),(NULL,799,963),(NULL,419,205),(NULL,765,213),(NULL,769,208),(NULL,731,34),(NULL,973,768),(NULL,919,294),(NULL,708,661),(NULL,182,924),(NULL,78,614),(NULL,839,354),(NULL,249,185),(NULL,177,330),(NULL,121,610),(NULL,691,624),(NULL,50,372),(NULL,714,453),(NULL,123,257),(NULL,912,794),(NULL,232,779),(NULL,199,655),(NULL,681,440),(NULL,157,465),(NULL,853,872),(NULL,802,396),(NULL,571,669),(NULL,629,142),(NULL,819,673),(NULL,905,509),(NULL,826,607),(NULL,556,960),(NULL,132,778),(NULL,496,147),(NULL,243,772),(NULL,137,366),(NULL,418,994),(NULL,715,595),(NULL,831,368),(NULL,349,639),(NULL,150,832),(NULL,711,58),(NULL,155,602),(NULL,547,927),(NULL,998,208),(NULL,46,604),(NULL,885,613),(NULL,410,212),(NULL,826,498),(NULL,10,554),(NULL,743,55),(NULL,42,44),(NULL,95,342),(NULL,425,100),(NULL,222,812),(NULL,396,541),(NULL,517,962),(NULL,262,421),(NULL,320,335),(NULL,717,580),(NULL,750,9),(NULL,794,944),(NULL,338,857),(NULL,273,791),(NULL,139,322),(NULL,190,982),(NULL,346,780),(NULL,865,986),(NULL,336,719),(NULL,588,785),(NULL,160,443),(NULL,738,360),(NULL,584,842),(NULL,460,770),(NULL,473,56),(NULL,856,116),(NULL,9,696),(NULL,456,189),(NULL,577,321),(NULL,871,394),(NULL,357,602),(NULL,941,899),(NULL,675,674),(NULL,348,715),(NULL,535,527),(NULL,33,579),(NULL,797,252),(NULL,867,580),(NULL,299,755),(NULL,877,124),(NULL,983,547),(NULL,783,277),(NULL,32,330),(NULL,554,782),(NULL,249,894),(NULL,728,957),(NULL,602,139),(NULL,887,22),(NULL,445,162),(NULL,472,874),(NULL,956,159),(NULL,923,144),(NULL,947,305),(NULL,681,492),(NULL,416,602),(NULL,765,21),(NULL,806,970),(NULL,433,252),(NULL,962,56),(NULL,391,789),(NULL,772,494),(NULL,153,281),(NULL,947,892),(NULL,621,429),(NULL,279,110),(NULL,710,222),(NULL,979,230),(NULL,212,369),(NULL,212,949),(NULL,114,718),(NULL,252,105),(NULL,768,527),(NULL,331,72),(NULL,366,616),(NULL,981,60),(NULL,353,587),(NULL,875,616),(NULL,456,432),(NULL,792,666),(NULL,953,768),(NULL,982,605),(NULL,81,584),(NULL,682,658),(NULL,242,237),(NULL,457,575),(NULL,505,799),(NULL,482,14),(NULL,619,54),(NULL,413,904),(NULL,282,696),(NULL,634,85),(NULL,518,337),(NULL,132,648),(NULL,844,278),(NULL,855,444),(NULL,654,936),(NULL,723,804),(NULL,852,850),(NULL,695,925),(NULL,539,921),(NULL,989,183),(NULL,945,180),(NULL,61,765),(NULL,642,917),(NULL,659,545),(NULL,746,95),(NULL,237,897),(NULL,779,205),(NULL,685,812),(NULL,8,597),(NULL,964,32),(NULL,266,234),(NULL,370,151),(NULL,644,765),(NULL,896,184),(NULL,230,597),(NULL,296,687),(NULL,549,685),(NULL,776,828),(NULL,812,574),(NULL,436,458),(NULL,980,529),(NULL,705,935),(NULL,565,17),(NULL,390,898),(NULL,325,926),(NULL,659,517),(NULL,607,484),(NULL,599,544),(NULL,922,978),(NULL,127,698),(NULL,113,467),(NULL,996,582),(NULL,919,853),(NULL,505,968),(NULL,327,728),(NULL,660,116),(NULL,600,651),(NULL,457,330),(NULL,278,399),(NULL,163,614),(NULL,586,87),(NULL,675,116),(NULL,551,408),(NULL,387,710),(NULL,391,823),(NULL,943,248),(NULL,407,295),(NULL,251,369),(NULL,91,349),(NULL,471,307),(NULL,124,696),(NULL,109,457),(NULL,959,424),(NULL,244,946),(NULL,3,173),(NULL,856,762),(NULL,244,932),(NULL,929,851),(NULL,468,784),(NULL,518,237),(NULL,632,448),(NULL,346,384),(NULL,883,264),(NULL,671,562),(NULL,798,304),(NULL,126,715),(NULL,199,850),(NULL,652,712),(NULL,606,891),(NULL,641,531),(NULL,729,56),(NULL,90,280),(NULL,130,810),(NULL,661,875),(NULL,393,339),(NULL,514,556),(NULL,238,522),(NULL,895,912),(NULL,874,633),(NULL,545,825),(NULL,490,973),(NULL,400,78),(NULL,190,713),(NULL,1,859),(NULL,298,908),(NULL,651,528),(NULL,689,861),(NULL,239,610),(NULL,336,846),(NULL,224,581),(NULL,232,417),(NULL,391,701),(NULL,334,567),(NULL,833,467),(NULL,832,762),(NULL,313,277),(NULL,445,394),(NULL,636,997),(NULL,81,412),(NULL,816,847),(NULL,788,397),(NULL,621,914),(NULL,708,800),(NULL,874,971),(NULL,237,266),(NULL,619,301),(NULL,644,321),(NULL,670,387),(NULL,924,461),(NULL,533,282),(NULL,809,200),(NULL,572,260),(NULL,583,138),(NULL,936,270),(NULL,542,898),(NULL,865,635),(NULL,576,974),(NULL,146,803),(NULL,578,484),(NULL,685,975),(NULL,820,174),(NULL,407,513),(NULL,347,194),(NULL,928,62),(NULL,521,419),(NULL,535,415),(NULL,472,113),(NULL,150,410),(NULL,598,763),(NULL,24,826),(NULL,61,825),(NULL,942,237),(NULL,358,79),(NULL,320,365),(NULL,862,218),(NULL,502,855),(NULL,772,294),(NULL,153,881),(NULL,951,112),(NULL,705,191),(NULL,838,617),(NULL,573,12),(NULL,340,663),(NULL,298,497),(NULL,594,479),(NULL,611,620),(NULL,269,481),(NULL,598,550),(NULL,954,122),(NULL,745,363),(NULL,577,797),(NULL,257,889),(NULL,677,717),(NULL,555,625),(NULL,457,413),(NULL,692,222),(NULL,33,498),(NULL,390,459);

DROP TABLE IF EXISTS [favorite_colours];

CREATE TABLE favorite_colours (
  [id] int DEFAULT NULL,
  [person_id] int DEFAULT NULL,
  [colour_id] int DEFAULT NULL
) ;

INSERT INTO favorite_colours VALUES (NULL,321,273),(NULL,400,183),(NULL,713,17),(NULL,945,678),(NULL,555,741),(NULL,40,974),(NULL,753,842),(NULL,952,234),(NULL,311,852),(NULL,331,99),(NULL,497,192),(NULL,465,752),(NULL,367,577),(NULL,783,187),(NULL,584,361),(NULL,52,176),(NULL,723,89),(NULL,273,97),(NULL,667,47),(NULL,232,19),(NULL,399,936),(NULL,487,626),(NULL,668,464),(NULL,314,176),(NULL,939,170),(NULL,29,636),(NULL,96,570),(NULL,563,107),(NULL,842,893),(NULL,940,20),(NULL,277,325),(NULL,795,999),(NULL,613,66),(NULL,488,244),(NULL,753,36),(NULL,917,483),(NULL,661,859),(NULL,310,974),(NULL,940,781),(NULL,84,77),(NULL,129,416),(NULL,694,223),(NULL,33,495),(NULL,375,390),(NULL,826,961),(NULL,327,749),(NULL,767,589),(NULL,643,450),(NULL,319,246),(NULL,273,627),(NULL,315,693),(NULL,520,521),(NULL,48,674),(NULL,226,107),(NULL,856,962),(NULL,244,333),(NULL,930,654),(NULL,478,429),(NULL,712,274),(NULL,231,334),(NULL,975,877),(NULL,460,668),(NULL,961,803),(NULL,133,254),(NULL,869,584),(NULL,313,812),(NULL,124,181),(NULL,532,121),(NULL,6,667),(NULL,319,593),(NULL,9,264),(NULL,292,668),(NULL,466,325),(NULL,225,151),(NULL,81,948),(NULL,501,660),(NULL,798,13),(NULL,666,295),(NULL,473,482),(NULL,990,506),(NULL,560,280),(NULL,718,753),(NULL,613,805),(NULL,188,523),(NULL,53,691),(NULL,302,432),(NULL,257,986),(NULL,161,847),(NULL,752,219),(NULL,836,527),(NULL,126,49),(NULL,866,184),(NULL,320,49),(NULL,282,263),(NULL,471,565),(NULL,414,374),(NULL,626,11),(NULL,175,840),(NULL,679,874),(NULL,335,50),(NULL,244,70),(NULL,618,879),(NULL,543,78),(NULL,756,552),(NULL,491,798),(NULL,520,206),(NULL,468,722),(NULL,206,863),(NULL,699,905),(NULL,431,437),(NULL,890,144),(NULL,48,807),(NULL,893,46),(NULL,549,606),(NULL,383,97),(NULL,335,385),(NULL,918,440),(NULL,444,901),(NULL,172,156),(NULL,263,847),(NULL,450,706),(NULL,183,794),(NULL,425,740),(NULL,429,921),(NULL,320,836),(NULL,223,604),(NULL,353,952),(NULL,704,663),(NULL,203,26),(NULL,521,525),(NULL,66,749),(NULL,551,508),(NULL,886,910),(NULL,889,718),(NULL,921,453),(NULL,501,146),(NULL,227,694),(NULL,793,884),(NULL,40,546),(NULL,609,410),(NULL,220,870),(NULL,694,860),(NULL,217,503),(NULL,866,821),(NULL,509,81),(NULL,875,135),(NULL,50,842),(NULL,62,780),(NULL,719,254),(NULL,110,790),(NULL,619,725),(NULL,771,679),(NULL,83,376),(NULL,632,34),(NULL,272,256),(NULL,464,553),(NULL,371,199),(NULL,878,794),(NULL,340,316),(NULL,560,851),(NULL,579,340),(NULL,960,783),(NULL,36,828),(NULL,36,693),(NULL,357,705),(NULL,457,168),(NULL,467,833),(NULL,767,335),(NULL,371,849),(NULL,137,136),(NULL,269,934),(NULL,869,540),(NULL,94,848),(NULL,962,265),(NULL,438,394),(NULL,655,96),(NULL,513,278),(NULL,847,406),(NULL,488,222),(NULL,644,554),(NULL,840,539),(NULL,174,250),(NULL,728,893),(NULL,280,721),(NULL,766,668),(NULL,40,195),(NULL,856,698),(NULL,921,511),(NULL,789,416),(NULL,711,307),(NULL,402,90),(NULL,240,933),(NULL,944,923),(NULL,785,156),(NULL,422,644),(NULL,955,845),(NULL,357,252),(NULL,188,185),(NULL,359,242),(NULL,133,935),(NULL,282,601),(NULL,161,997),(NULL,509,550),(NULL,226,478),(NULL,711,121),(NULL,472,995),(NULL,563,826),(NULL,446,748),(NULL,406,783),(NULL,700,153),(NULL,659,840),(NULL,222,588),(NULL,276,615),(NULL,247,387),(NULL,197,821),(NULL,518,126),(NULL,73,985),(NULL,711,599),(NULL,863,520),(NULL,10,488),(NULL,411,589),(NULL,713,798),(NULL,853,869),(NULL,787,328),(NULL,279,409),(NULL,209,815),(NULL,451,809),(NULL,695,49),(NULL,157,637),(NULL,718,676),(NULL,226,104),(NULL,837,879),(NULL,881,771),(NULL,211,739),(NULL,63,98),(NULL,299,201),(NULL,109,939),(NULL,374,50),(NULL,125,476),(NULL,5,598),(NULL,973,73),(NULL,443,997),(NULL,658,298),(NULL,515,679),(NULL,854,235),(NULL,609,343),(NULL,885,400),(NULL,343,513),(NULL,539,154),(NULL,151,293),(NULL,14,190),(NULL,905,961),(NULL,88,554),(NULL,508,877),(NULL,861,676),(NULL,795,947),(NULL,354,924),(NULL,559,26),(NULL,450,175),(NULL,522,86),(NULL,863,60),(NULL,705,351),(NULL,636,131),(NULL,742,319),(NULL,369,887),(NULL,332,995),(NULL,981,921),(NULL,662,548),(NULL,751,116),(NULL,321,260),(NULL,336,899),(NULL,488,742),(NULL,248,15),(NULL,326,585),(NULL,949,990),(NULL,104,548),(NULL,430,505),(NULL,236,663),(NULL,609,54),(NULL,444,58),(NULL,957,613),(NULL,195,134),(NULL,86,24),(NULL,864,250),(NULL,655,526),(NULL,664,745),(NULL,733,431),(NULL,955,485),(NULL,556,329),(NULL,973,880),(NULL,482,767),(NULL,391,653),(NULL,91,497),(NULL,214,575),(NULL,234,443),(NULL,512,235),(NULL,637,481),(NULL,494,26),(NULL,645,151),(NULL,815,628),(NULL,691,574),(NULL,796,258),(NULL,900,729),(NULL,945,541),(NULL,866,708),(NULL,944,595),(NULL,144,933),(NULL,234,371),(NULL,152,645),(NULL,769,913),(NULL,259,553),(NULL,988,285),(NULL,456,427),(NULL,768,559),(NULL,492,782),(NULL,437,834),(NULL,864,816),(NULL,491,7),(NULL,556,764),(NULL,151,463),(NULL,860,915),(NULL,996,236),(NULL,187,229),(NULL,584,234),(NULL,416,380),(NULL,649,106),(NULL,581,589),(NULL,204,249),(NULL,633,421),(NULL,205,762),(NULL,196,693),(NULL,876,302),(NULL,880,496),(NULL,838,703),(NULL,3,902),(NULL,506,821),(NULL,589,483),(NULL,644,775),(NULL,942,385),(NULL,100,344),(NULL,419,64),(NULL,63,121),(NULL,415,712),(NULL,318,453),(NULL,309,187),(NULL,7,471),(NULL,338,277),(NULL,368,12),(NULL,951,725),(NULL,769,670),(NULL,47,219),(NULL,954,116),(NULL,715,231),(NULL,8,347),(NULL,709,508),(NULL,413,539),(NULL,455,659),(NULL,930,675),(NULL,585,901),(NULL,749,43),(NULL,963,691),(NULL,563,744),(NULL,34,933),(NULL,567,34),(NULL,469,244),(NULL,811,326),(NULL,196,3),(NULL,423,108),(NULL,268,17),(NULL,279,346),(NULL,890,416),(NULL,410,802),(NULL,782,504),(NULL,172,349),(NULL,228,95),(NULL,786,650),(NULL,892,509),(NULL,869,821),(NULL,498,24),(NULL,626,58),(NULL,411,881),(NULL,174,226),(NULL,605,352),(NULL,940,650),(NULL,428,188),(NULL,653,706),(NULL,571,735),(NULL,964,615),(NULL,184,74),(NULL,816,861),(NULL,859,712),(NULL,980,767),(NULL,894,172),(NULL,175,357),(NULL,263,244),(NULL,428,410),(NULL,767,603),(NULL,716,770),(NULL,704,212),(NULL,943,84),(NULL,585,676),(NULL,624,94),(NULL,595,696),(NULL,693,379),(NULL,816,942),(NULL,263,489),(NULL,655,808),(NULL,76,954),(NULL,545,860),(NULL,667,757),(NULL,783,643),(NULL,867,406),(NULL,428,924),(NULL,335,903),(NULL,511,844),(NULL,688,907),(NULL,472,638),(NULL,776,964),(NULL,495,581),(NULL,422,364),(NULL,556,688),(NULL,774,806),(NULL,708,123),(NULL,489,75),(NULL,906,311),(NULL,834,237),(NULL,682,702),(NULL,462,205),(NULL,636,569),(NULL,937,978),(NULL,82,471),(NULL,109,132),(NULL,332,263),(NULL,319,808),(NULL,84,991),(NULL,708,568),(NULL,713,861),(NULL,169,261),(NULL,797,204),(NULL,626,522),(NULL,729,80),(NULL,213,822),(NULL,473,900),(NULL,83,713),(NULL,317,447),(NULL,281,66),(NULL,486,231),(NULL,696,788),(NULL,854,904),(NULL,960,89),(NULL,563,548),(NULL,52,614),(NULL,914,730),(NULL,908,352),(NULL,33,110),(NULL,450,918),(NULL,244,462),(NULL,582,521),(NULL,860,736),(NULL,104,307),(NULL,224,201),(NULL,330,48),(NULL,247,93),(NULL,723,337),(NULL,514,558),(NULL,251,581),(NULL,150,8),(NULL,588,916),(NULL,816,336),(NULL,228,132),(NULL,975,480),(NULL,476,941),(NULL,278,564),(NULL,988,251),(NULL,289,690),(NULL,584,850),(NULL,498,941),(NULL,211,232),(NULL,525,930),(NULL,78,598),(NULL,756,988),(NULL,670,389),(NULL,932,498),(NULL,689,954),(NULL,702,651),(NULL,146,776),(NULL,445,894),(NULL,140,14),(NULL,650,211),(NULL,104,884),(NULL,110,896),(NULL,154,79),(NULL,933,432),(NULL,358,494),(NULL,397,504),(NULL,329,132),(NULL,670,955),(NULL,768,972),(NULL,559,878),(NULL,716,945),(NULL,576,45),(NULL,496,346),(NULL,240,164),(NULL,100,6),(NULL,728,623),(NULL,934,799),(NULL,197,584),(NULL,330,896),(NULL,494,782),(NULL,427,787),(NULL,655,915),(NULL,613,318),(NULL,749,791),(NULL,712,184),(NULL,785,374),(NULL,514,448),(NULL,699,153),(NULL,663,860),(NULL,311,973),(NULL,935,756),(NULL,973,598),(NULL,69,552),(NULL,555,118),(NULL,924,270),(NULL,576,72),(NULL,627,920),(NULL,721,845),(NULL,61,770),(NULL,668,30),(NULL,146,638),(NULL,753,853),(NULL,5,465),(NULL,309,149),(NULL,819,651),(NULL,798,38),(NULL,791,842),(NULL,841,677),(NULL,861,277),(NULL,797,158),(NULL,396,505),(NULL,340,185),(NULL,905,969),(NULL,133,755),(NULL,377,619),(NULL,965,968),(NULL,949,838),(NULL,343,200),(NULL,970,254),(NULL,357,24),(NULL,49,170),(NULL,705,16),(NULL,964,773),(NULL,971,539),(NULL,782,292),(NULL,112,682),(NULL,79,345),(NULL,487,401),(NULL,545,521),(NULL,969,287),(NULL,523,756),(NULL,210,781),(NULL,279,49),(NULL,405,878),(NULL,180,264),(NULL,779,106),(NULL,190,630),(NULL,581,15),(NULL,329,603),(NULL,27,324),(NULL,542,736),(NULL,55,65),(NULL,160,603),(NULL,538,879),(NULL,783,277),(NULL,35,342),(NULL,607,10),(NULL,228,109),(NULL,859,972),(NULL,283,498),(NULL,641,712),(NULL,639,58),(NULL,369,674),(NULL,262,287),(NULL,650,391),(NULL,3,838),(NULL,19,42),(NULL,51,29),(NULL,92,73),(NULL,89,24),(NULL,55,1),(NULL,39,90),(NULL,33,97),(NULL,83,26),(NULL,79,19),(NULL,55,16),(NULL,18,40),(NULL,47,15),(NULL,33,21),(NULL,5,59),(NULL,81,26),(NULL,86,53),(NULL,8,79),(NULL,70,15),(NULL,63,70),(NULL,61,95),(NULL,93,77),(NULL,5,94),(NULL,55,91),(NULL,91,81),(NULL,31,10),(NULL,57,56),(NULL,8,72),(NULL,35,59),(NULL,91,77),(NULL,10,20),(NULL,70,90),(NULL,41,31),(NULL,35,79),(NULL,90,12),(NULL,90,14),(NULL,100,58),(NULL,90,76),(NULL,10,20),(NULL,71,94),(NULL,57,2),(NULL,39,90),(NULL,32,87),(NULL,42,46),(NULL,6,91),(NULL,38,16),(NULL,63,68),(NULL,49,40),(NULL,54,49),(NULL,81,59),(NULL,50,75),(NULL,23,91),(NULL,85,51),(NULL,100,46),(NULL,28,3),(NULL,30,42),(NULL,17,61),(NULL,53,79),(NULL,39,56),(NULL,64,52),(NULL,68,83),(NULL,9,98),(NULL,61,12),(NULL,78,50),(NULL,17,36),(NULL,29,34),(NULL,83,12),(NULL,11,17),(NULL,53,11),(NULL,97,53),(NULL,73,7),(NULL,14,50),(NULL,6,79),(NULL,77,46),(NULL,98,53),(NULL,72,98),(NULL,73,74),(NULL,47,12),(NULL,20,65),(NULL,61,12),(NULL,76,45),(NULL,97,48),(NULL,47,90),(NULL,10,81),(NULL,75,30),(NULL,23,27),(NULL,65,42),(NULL,14,44),(NULL,78,58),(NULL,55,99),(NULL,30,51),(NULL,67,82),(NULL,5,82),(NULL,95,28),(NULL,55,92),(NULL,92,82),(NULL,36,34),(NULL,62,8),(NULL,51,34),(NULL,13,64),(NULL,82,16),(NULL,33,19),(NULL,95,16),(NULL,94,22),(NULL,27,69),(NULL,61,1),(NULL,20,96),(NULL,21,17),(NULL,21,55),(NULL,11,90),(NULL,17,13),(NULL,15,34),(NULL,23,16),(NULL,9,97),(NULL,57,94),(NULL,100,17),(NULL,86,76),(NULL,21,78),(NULL,28,4),(NULL,34,58),(NULL,89,69),(NULL,80,91),(NULL,15,2),(NULL,65,18),(NULL,95,21),(NULL,20,34),(NULL,11,52),(NULL,27,80),(NULL,18,49),(NULL,90,3),(NULL,45,13),(NULL,32,19),(NULL,1,47),(NULL,30,8),(NULL,49,20),(NULL,56,16),(NULL,11,8),(NULL,7,9),(NULL,23,89),(NULL,73,99),(NULL,77,85),(NULL,95,21),(NULL,18,26),(NULL,77,6),(NULL,97,68),(NULL,46,28),(NULL,1,22),(NULL,7,68),(NULL,17,82),(NULL,56,35),(NULL,5,22),(NULL,95,7),(NULL,49,26),(NULL,82,29),(NULL,100,11),(NULL,55,44),(NULL,51,25),(NULL,70,75),(NULL,66,5),(NULL,26,14),(NULL,90,9),(NULL,73,40),(NULL,80,77),(NULL,46,98),(NULL,50,58),(NULL,38,15),(NULL,62,62),(NULL,24,35),(NULL,3,10),(NULL,38,60),(NULL,85,47),(NULL,77,43),(NULL,84,93),(NULL,9,67),(NULL,8,39),(NULL,69,30),(NULL,42,18),(NULL,64,64),(NULL,28,49),(NULL,62,60),(NULL,14,90),(NULL,6,60),(NULL,81,27),(NULL,89,66),(NULL,60,4),(NULL,40,86),(NULL,11,97),(NULL,51,65),(NULL,69,52),(NULL,49,92),(NULL,10,76),(NULL,47,8),(NULL,100,73),(NULL,64,100),(NULL,10,47),(NULL,6,89),(NULL,28,70),(NULL,67,25),(NULL,24,43),(NULL,45,92),(NULL,27,57),(NULL,4,47),(NULL,25,84),(NULL,42,59),(NULL,70,70),(NULL,41,93),(NULL,41,25),(NULL,2,35),(NULL,67,31),(NULL,53,73),(NULL,4,100),(NULL,86,32),(NULL,1,6),(NULL,29,26),(NULL,42,34),(NULL,40,100),(NULL,80,98),(NULL,52,64),(NULL,63,21),(NULL,16,18),(NULL,39,41),(NULL,86,8),(NULL,80,76),(NULL,38,63),(NULL,1,13),(NULL,65,84),(NULL,25,73),(NULL,88,20),(NULL,36,21),(NULL,97,19),(NULL,7,74),(NULL,51,33),(NULL,12,59),(NULL,58,12),(NULL,88,3),(NULL,50,39),(NULL,44,6),(NULL,95,55),(NULL,91,88),(NULL,67,71),(NULL,55,60),(NULL,33,84),(NULL,24,64),(NULL,50,58),(NULL,37,12),(NULL,50,11),(NULL,6,98),(NULL,68,48),(NULL,36,33),(NULL,57,86),(NULL,56,25),(NULL,54,95),(NULL,12,74),(NULL,36,56),(NULL,71,89),(NULL,30,82),(NULL,20,53),(NULL,3,55),(NULL,68,73),(NULL,62,92),(NULL,70,75),(NULL,63,93),(NULL,72,80),(NULL,86,89),(NULL,85,56),(NULL,27,66),(NULL,49,46),(NULL,84,80),(NULL,47,95),(NULL,33,80),(NULL,1,62),(NULL,9,59),(NULL,66,53),(NULL,67,75),(NULL,73,39),(NULL,76,62),(NULL,82,24),(NULL,73,92),(NULL,39,19),(NULL,78,32),(NULL,26,35),(NULL,96,74),(NULL,82,87),(NULL,90,89),(NULL,72,95),(NULL,57,99),(NULL,25,27),(NULL,61,24),(NULL,35,1),(NULL,2,5),(NULL,17,71),(NULL,4,6),(NULL,16,64),(NULL,69,54),(NULL,63,51),(NULL,68,85),(NULL,20,45),(NULL,66,92),(NULL,63,36),(NULL,92,52),(NULL,85,67),(NULL,79,94),(NULL,34,85),(NULL,24,62),(NULL,41,18),(NULL,64,69),(NULL,50,42),(NULL,60,74),(NULL,88,19),(NULL,30,93),(NULL,76,100),(NULL,73,62),(NULL,90,65),(NULL,55,80),(NULL,34,28),(NULL,40,12),(NULL,43,77),(NULL,56,50),(NULL,80,49),(NULL,4,74),(NULL,56,56),(NULL,15,3),(NULL,72,49),(NULL,30,2),(NULL,17,81),(NULL,54,25),(NULL,63,38),(NULL,1,93),(NULL,58,14),(NULL,92,20),(NULL,21,47),(NULL,70,11),(NULL,41,73),(NULL,40,81),(NULL,83,72),(NULL,10,34),(NULL,40,97),(NULL,64,30),(NULL,56,90),(NULL,82,38),(NULL,44,4),(NULL,88,27),(NULL,71,74),(NULL,55,55),(NULL,7,70),(NULL,28,29),(NULL,60,15),(NULL,95,30),(NULL,62,22),(NULL,22,42),(NULL,44,93),(NULL,35,94);




DROP TABLE IF EXISTS [favorite_movies];

CREATE TABLE favorite_movies (
  [id] int DEFAULT NULL,
  [person_id] int DEFAULT NULL,
  [movie_id] int DEFAULT NULL
) ;

INSERT INTO favorite_movies VALUES (NULL,124,241),(NULL,833,443),(NULL,716,253),(NULL,117,821),(NULL,759,333),(NULL,384,923),(NULL,466,559),(NULL,396,303),(NULL,326,721),(NULL,627,973),(NULL,983,1),(NULL,49,244),(NULL,74,635),(NULL,953,864),(NULL,462,714),(NULL,189,797),(NULL,423,720),(NULL,335,513),(NULL,562,271),(NULL,667,521),(NULL,607,471),(NULL,532,248),(NULL,643,471),(NULL,427,723),(NULL,334,500),(NULL,497,985),(NULL,436,226),(NULL,820,424),(NULL,656,13),(NULL,91,418),(NULL,817,832),(NULL,711,59),(NULL,158,613),(NULL,595,133),(NULL,879,998),(NULL,355,780),(NULL,834,830),(NULL,649,754),(NULL,825,865),(NULL,849,650),(NULL,704,568),(NULL,729,942),(NULL,523,790),(NULL,379,526),(NULL,491,877),(NULL,915,943),(NULL,970,24),(NULL,206,958),(NULL,176,5),(NULL,493,454),(NULL,789,583),(NULL,549,996),(NULL,334,681),(NULL,405,979),(NULL,682,474),(NULL,323,191),(NULL,984,353),(NULL,809,988),(NULL,516,614),(NULL,524,776),(NULL,311,227),(NULL,198,308),(NULL,948,820),(NULL,253,805),(NULL,269,927),(NULL,832,377),(NULL,388,810),(NULL,886,4),(NULL,356,770),(NULL,783,607),(NULL,686,609),(NULL,985,99),(NULL,540,402),(NULL,392,752),(NULL,585,670),(NULL,593,957),(NULL,7,162),(NULL,786,449),(NULL,886,83),(NULL,755,529),(NULL,381,316),(NULL,435,228),(NULL,834,488),(NULL,937,224),(NULL,306,857),(NULL,370,276),(NULL,268,515),(NULL,769,303),(NULL,207,125),(NULL,2,635),(NULL,170,941),(NULL,201,178),(NULL,289,908),(NULL,675,652),(NULL,233,211),(NULL,352,130),(NULL,593,574),(NULL,91,730),(NULL,382,716),(NULL,435,27),(NULL,827,57),(NULL,801,836),(NULL,776,374),(NULL,541,582),(NULL,289,697),(NULL,619,3),(NULL,158,780),(NULL,427,797),(NULL,702,119),(NULL,488,82),(NULL,946,487),(NULL,596,517),(NULL,798,441),(NULL,808,718),(NULL,167,681),(NULL,903,475),(NULL,664,894),(NULL,482,727),(NULL,189,760),(NULL,238,909),(NULL,830,426),(NULL,636,905),(NULL,619,376),(NULL,26,998),(NULL,917,590),(NULL,197,214),(NULL,479,755),(NULL,337,420),(NULL,91,191),(NULL,681,833),(NULL,123,114),(NULL,201,664),(NULL,718,597),(NULL,833,375),(NULL,374,743),(NULL,596,751),(NULL,965,576),(NULL,981,180),(NULL,952,225),(NULL,269,666),(NULL,525,625),(NULL,551,881),(NULL,752,117),(NULL,327,283),(NULL,434,321),(NULL,302,546),(NULL,826,493),(NULL,986,454),(NULL,309,185),(NULL,994,421),(NULL,120,335),(NULL,314,567),(NULL,895,772),(NULL,178,570),(NULL,319,881),(NULL,454,622),(NULL,751,888),(NULL,188,275),(NULL,811,231),(NULL,721,914),(NULL,410,303),(NULL,286,521),(NULL,748,178),(NULL,644,688),(NULL,507,473),(NULL,842,791),(NULL,429,774),(NULL,582,587),(NULL,189,185),(NULL,356,227),(NULL,66,646),(NULL,37,244),(NULL,108,808),(NULL,718,166),(NULL,675,879),(NULL,373,223),(NULL,998,322),(NULL,613,103),(NULL,674,63),(NULL,289,257),(NULL,418,319),(NULL,341,748),(NULL,719,351),(NULL,595,923),(NULL,830,383),(NULL,422,963),(NULL,550,861),(NULL,657,701),(NULL,535,572),(NULL,255,556),(NULL,18,418),(NULL,38,932),(NULL,550,952),(NULL,115,714),(NULL,226,989),(NULL,268,370),(NULL,47,126),(NULL,485,49),(NULL,788,796),(NULL,617,696),(NULL,628,56),(NULL,390,783),(NULL,748,390),(NULL,706,361),(NULL,687,352),(NULL,697,430),(NULL,61,11),(NULL,873,333),(NULL,43,218),(NULL,959,144),(NULL,839,766),(NULL,315,273),(NULL,421,287),(NULL,169,985),(NULL,421,150),(NULL,482,964),(NULL,374,975),(NULL,757,860),(NULL,30,565),(NULL,737,991),(NULL,747,759),(NULL,555,498),(NULL,823,626),(NULL,657,408),(NULL,68,117),(NULL,377,538),(NULL,556,170),(NULL,179,386),(NULL,391,799),(NULL,823,718),(NULL,122,453),(NULL,900,142),(NULL,6,606),(NULL,14,250),(NULL,206,280),(NULL,781,68),(NULL,992,762),(NULL,834,883),(NULL,913,918),(NULL,851,503),(NULL,959,289),(NULL,565,958),(NULL,99,615),(NULL,782,64),(NULL,971,666),(NULL,419,96),(NULL,223,824),(NULL,455,802),(NULL,647,830),(NULL,207,544),(NULL,101,872),(NULL,58,672),(NULL,189,927),(NULL,69,561),(NULL,600,315),(NULL,777,942),(NULL,378,65),(NULL,187,739),(NULL,136,460),(NULL,892,85),(NULL,744,468),(NULL,108,132),(NULL,337,290),(NULL,439,327),(NULL,315,593),(NULL,21,323),(NULL,553,795),(NULL,319,209),(NULL,87,808),(NULL,781,481),(NULL,63,870),(NULL,162,200),(NULL,514,971),(NULL,316,665),(NULL,375,882),(NULL,286,780),(NULL,47,893),(NULL,324,940),(NULL,730,829),(NULL,954,288),(NULL,574,7),(NULL,312,539),(NULL,760,183),(NULL,634,623),(NULL,214,198),(NULL,350,154),(NULL,719,135),(NULL,518,184),(NULL,364,268),(NULL,248,435),(NULL,431,850),(NULL,960,252),(NULL,377,130),(NULL,518,200),(NULL,444,619),(NULL,765,970),(NULL,556,868),(NULL,675,771),(NULL,831,839),(NULL,706,13),(NULL,942,677),(NULL,556,751),(NULL,86,176),(NULL,620,574),(NULL,9,321),(NULL,578,930),(NULL,914,783),(NULL,172,507),(NULL,22,587),(NULL,872,600),(NULL,383,112),(NULL,413,727),(NULL,397,803),(NULL,826,723),(NULL,137,512),(NULL,150,212),(NULL,613,427),(NULL,295,196),(NULL,94,880),(NULL,122,968),(NULL,477,477),(NULL,957,354),(NULL,896,422),(NULL,419,830),(NULL,895,985),(NULL,243,255),(NULL,547,969),(NULL,209,135),(NULL,48,833),(NULL,24,617),(NULL,17,230),(NULL,101,814),(NULL,769,403),(NULL,705,318),(NULL,475,419),(NULL,670,97),(NULL,470,60),(NULL,890,273),(NULL,694,651),(NULL,172,905),(NULL,14,350),(NULL,709,497),(NULL,357,294),(NULL,399,113),(NULL,365,489),(NULL,350,282),(NULL,358,944),(NULL,648,409),(NULL,101,277),(NULL,81,573),(NULL,624,401),(NULL,133,460),(NULL,902,133),(NULL,953,371),(NULL,992,852),(NULL,284,861),(NULL,455,692),(NULL,95,397),(NULL,700,312),(NULL,458,356),(NULL,405,958),(NULL,576,7),(NULL,306,506),(NULL,614,553),(NULL,921,948),(NULL,977,45),(NULL,289,311),(NULL,686,498),(NULL,433,670),(NULL,54,256),(NULL,121,832),(NULL,801,512),(NULL,153,227),(NULL,678,710),(NULL,518,456),(NULL,728,272),(NULL,176,65),(NULL,793,773),(NULL,487,116),(NULL,118,240),(NULL,845,508),(NULL,3,492),(NULL,450,773),(NULL,518,271),(NULL,799,186),(NULL,530,91),(NULL,864,51),(NULL,659,145),(NULL,745,291),(NULL,221,229),(NULL,482,723),(NULL,173,693),(NULL,947,658),(NULL,446,258),(NULL,948,971),(NULL,14,151),(NULL,712,109),(NULL,408,715),(NULL,351,608),(NULL,989,122),(NULL,639,833),(NULL,246,731),(NULL,920,406),(NULL,269,128),(NULL,830,768),(NULL,349,443),(NULL,166,499),(NULL,998,498),(NULL,492,966),(NULL,355,875),(NULL,315,945),(NULL,783,81),(NULL,53,22),(NULL,949,683),(NULL,566,782),(NULL,212,713),(NULL,932,520),(NULL,805,466),(NULL,915,178),(NULL,142,174),(NULL,446,707),(NULL,201,880),(NULL,799,356),(NULL,383,844),(NULL,76,842),(NULL,986,404),(NULL,62,95),(NULL,289,162),(NULL,941,223),(NULL,290,780),(NULL,33,819),(NULL,1,546),(NULL,725,991),(NULL,781,933),(NULL,320,802),(NULL,51,845),(NULL,77,846),(NULL,999,461),(NULL,308,155),(NULL,848,777),(NULL,344,384),(NULL,891,305),(NULL,849,333),(NULL,118,588),(NULL,590,183),(NULL,145,175),(NULL,440,674),(NULL,54,247),(NULL,70,607),(NULL,827,318),(NULL,105,569),(NULL,533,958),(NULL,194,95),(NULL,889,164),(NULL,151,264),(NULL,865,535),(NULL,80,793),(NULL,727,257),(NULL,102,737),(NULL,383,702),(NULL,362,704),(NULL,435,64),(NULL,10,860),(NULL,271,774),(NULL,59,971),(NULL,681,489),(NULL,403,548),(NULL,533,18),(NULL,490,399),(NULL,524,423),(NULL,545,453),(NULL,633,804),(NULL,124,205),(NULL,654,656),(NULL,317,616),(NULL,133,811),(NULL,660,866),(NULL,351,157),(NULL,728,175),(NULL,687,910),(NULL,489,717),(NULL,119,443),(NULL,858,960),(NULL,230,268),(NULL,647,435),(NULL,234,861),(NULL,609,458),(NULL,464,947),(NULL,344,878),(NULL,358,157),(NULL,710,80),(NULL,269,103),(NULL,708,234),(NULL,44,516),(NULL,451,705),(NULL,176,761),(NULL,279,110),(NULL,710,225),(NULL,992,287),(NULL,459,433),(NULL,788,643),(NULL,849,318),(NULL,40,245),(NULL,107,799),(NULL,675,980),(NULL,874,429),(NULL,524,334),(NULL,97,481),(NULL,117,141),(NULL,352,338),(NULL,635,163),(NULL,908,54),(NULL,541,547),(NULL,112,915),(NULL,242,462),(NULL,587,550),(NULL,986,283),(NULL,454,423),(NULL,752,490),(NULL,197,513),(NULL,976,342),(NULL,779,871),(NULL,21,490),(NULL,385,454),(NULL,118,224),(NULL,768,169),(NULL,540,193),(NULL,343,136),(NULL,652,852),(NULL,305,965),(NULL,914,675),(NULL,634,146),(NULL,823,680),(NULL,930,612),(NULL,269,509),(NULL,738,165),(NULL,609,553),(NULL,935,20),(NULL,292,401),(NULL,127,431),(NULL,774,580),(NULL,577,145),(NULL,992,527),(NULL,660,719),(NULL,614,915),(NULL,733,918),(NULL,395,220),(NULL,911,899),(NULL,763,117),(NULL,295,122),(NULL,726,268),(NULL,157,982),(NULL,441,258),(NULL,966,61),(NULL,402,827),(NULL,932,181),(NULL,105,981),(NULL,593,24),(NULL,335,604),(NULL,19,278),(NULL,335,841),(NULL,200,477),(NULL,785,494),(NULL,116,98),(NULL,140,408),(NULL,617,863),(NULL,465,735),(NULL,283,209),(NULL,194,341),(NULL,126,605),(NULL,647,422),(NULL,169,576),(NULL,376,150),(NULL,620,652),(NULL,402,55),(NULL,65,158),(NULL,596,508),(NULL,749,224),(NULL,870,681),(NULL,793,925),(NULL,245,449),(NULL,512,213),(NULL,526,994),(NULL,391,973),(NULL,694,551),(NULL,671,703),(NULL,504,409),(NULL,533,438),(NULL,590,638),(NULL,421,191),(NULL,689,872),(NULL,296,859),(NULL,413,484),(NULL,181,454),(NULL,727,276),(NULL,195,146),(NULL,147,294),(NULL,32,274),(NULL,277,561),(NULL,973,188),(NULL,16,513),(NULL,522,69),(NULL,779,689),(NULL,110,479),(NULL,67,897),(NULL,285,733),(NULL,813,865),(NULL,888,846),(NULL,563,280),(NULL,708,701),(NULL,381,802),(NULL,869,938),(NULL,85,609),(NULL,789,120),(NULL,233,802),(NULL,313,157),(NULL,847,767),(NULL,292,160),(NULL,922,133),(NULL,897,89),(NULL,751,491),(NULL,200,525),(NULL,27,558),(NULL,712,883),(NULL,283,764),(NULL,972,570),(NULL,932,952),(NULL,964,964),(NULL,931,760),(NULL,11,769),(NULL,814,762),(NULL,372,569),(NULL,732,955),(NULL,577,20),(NULL,369,782),(NULL,806,686),(NULL,13,3),(NULL,975,871),(NULL,431,540),(NULL,405,407),(NULL,819,875),(NULL,917,962),(NULL,59,406),(NULL,853,49),(NULL,682,266),(NULL,281,608),(NULL,197,158),(NULL,202,534),(NULL,64,718),(NULL,400,842),(NULL,15,544),(NULL,677,753),(NULL,734,414),(NULL,864,81),(NULL,810,808),(NULL,612,636),(NULL,343,805),(NULL,1,586),(NULL,930,892),(NULL,670,675),(NULL,366,802),(NULL,912,156),(NULL,42,741),(NULL,582,686),(NULL,683,359),(NULL,746,652),(NULL,22,154),(NULL,702,50),(NULL,143,562),(NULL,386,242),(NULL,49,521),(NULL,460,734),(NULL,291,251),(NULL,381,153),(NULL,621,646),(NULL,369,905),(NULL,423,395),(NULL,706,345),(NULL,609,8),(NULL,214,44),(NULL,576,751),(NULL,27,881),(NULL,325,979),(NULL,923,677),(NULL,617,55),(NULL,422,946),(NULL,468,497),(NULL,83,922),(NULL,364,52),(NULL,168,684),(NULL,917,534),(NULL,919,996),(NULL,221,118),(NULL,923,266),(NULL,557,990),(NULL,280,426),(NULL,293,187),(NULL,53,704),(NULL,364,706),(NULL,440,83),(NULL,90,203),(NULL,743,111);



DROP TABLE IF EXISTS [movies];

CREATE TABLE movies (
  [movie_id] int DEFAULT NULL,
  [title] varchar(255) DEFAULT NULL,
  [genre] varchar(255) DEFAULT NULL
) ;



INSERT INTO movies VALUES (1,'Nativity!','Children|Comedy|Musical'),(2,'Dragon Tiger Gate (Lung fu moon)','Action|Drama')
,(3,'Liars Dice','Adventure|Children|Drama'),(4,'shepard & Dark','Documentary'),(5,'3:10 to Yuma','Action|Adventure|Drama|Thriller|Western'),
(6,'Caltiki the Undying Monster','Adventure|Horror|Sci-Fi|Thriller'),(7,'Violette','Drama'),(8,'Prisoner of Paradise','Documentary'),
(9,'Garden State','Comedy|Drama|Romance'),
(10,'Neon Genesis Evangelion: The End of Evangelion (Shin seiki Evangelion Gekijô-ban: Air/Magokoro wo, kimi ni)','Action|Animation|Drama|Fantasy|Sci-Fi'),(11,'Theres a Girl in My Soup','Comedy'),(12,'By the Sea','Comedy'),(13,'Ex Drummer','Comedy|Crime|Drama|Horror')
,(14,'Wake Wood ','Drama|Horror|Mystery'),(15,'Out of Towners, The','Comedy'),(16,'My Fathers Glory (La gloire de mon père)','Adventure|Drama'),(17,'Yes','Drama'),(18,'Outside the Law (Hors-la-loi)','Crime|Drama|War'),(19,'Dogtooth (Kynodontas)','Drama'),
(20,'Everything About Mustafa (Mustafa hakkinda hersey)','Drama|Thriller'),(21,'Bridget Jones: The Edge of Reason','Comedy|Drama|Romance'),
(22,'Winter Sleep (Kis Uykusu)','Drama'),(23,'Gagarin: First in Space','Drama|Sci-Fi'),(24,'Trail of the Lonesome Pine, The','Drama|Romance')
,(25,'Diving Bell and the Butterfly, The (Scaphandre et le papillon, Le)','Drama')
,(26,'Imaginary Witness: Hollywood and the Holocaust ','Documentary'),(27,'Rocket Gibraltar','Drama'),
(28,'Evil Dead II (Dead by Dawn)','Action|Comedy|Fantasy|Horror'),(29,'spin','Children|Drama'),(30,'Armless','Comedy'),(31,'Fireflies in the Garden','Drama'),(32,'Admission','Comedy|Romance'),(33,'Light at the Edge of the World, The','Adventure'),(34,'Love Me or Leave Me','Drama|Musical|Romance'),(35,'Round Midnight','Drama|Musical'),
(36,'Borrowed Hearts (Borrowed Hearts: A Holiday Romance)','Drama|Fantasy|Romance'),(37,'Hesher','Drama'),(38,'Mr Hublot','Animation|Comedy'),
(39,'Just Between Friends','Drama'),(40,'Bella','Drama|Romance'),(41,'United','Drama'),(42,'After.Life','Drama|Horror|Thriller'),
(43,'Five Easy Pieces','Drama'),(44,'Captain America: The Winter Soldier','Action|Adventure|Sci-Fi|IMAX'),(45,'15','Action|Drama'),
(46,'Three Monkeys (Üç maymun)','Drama'),(47,'Hanussen','Drama'),(48,'Miss Austen Regrets','Drama'),(49,'Nobody Wants the Night','Drama'),
(50,'Ghost Son','Drama|Horror|Mystery|Thriller'),(51,'Bachelor in Paradise','Comedy|Romance'),(52,'Phenomenon','Drama|Romance'),(53,'White Lightning','Action|Crime|Drama'),(54,'Buccaneer, The','Adventure'),(55,'Reckoning, The','Crime|Mystery|Thriller'),(56,'Death in Venice (Morte a Venezia)','Drama|Romance'),(57,'JFK','Drama|Mystery|Thriller'),(58,'Come Drink with Me (Da zui xia)','Action|Adventure|Crime'),(59,'Desert Bloom','Drama'),(60,'Man on the Moon','Comedy|Drama'),(61,'Dodgeball: A True Underdog Story','Comedy'),(62,'Big Bad Mama','Action|Comedy'),(63,'Pillow of Death','Mystery|Thriller'),(64,'song Is Born, A','Comedy|Musical'),(65,'Admissions','Drama'),(66,'Ghosts of Mississippi','Drama'),(67,'Miss Representation','Documentary'),(68,'Hurricane, The','Drama'),(69,'Black on White (Mustaa valkoisella)','Drama'),(70,'Butterfly on a Wheel (Shattered)','Crime|Drama|Thriller'),(71,'Return of the Street Fighter (Satsujin ken 2)','Action|Crime|Drama'),(72,'Yamla Pagla Deewana 2','Action|Comedy|Drama'),(73,'Nothing Like the Holidays','Comedy|Drama|Romance'),(74,'White Bird in a Blizzard','Drama|Romance|Thriller'),(75,'Adventures of Food Boy, The (aka High School Superhero)','Comedy'),(76,'Dirty Money (Un flic)','Crime|Drama'),(77,'Everly','Action|Thriller'),(78,'Home from the Hill','Drama|Romance'),(79,'Great Train Robbery, The (a.k.a. First Great Train Robbery, The)','Action|Adventure|Comedy|Crime|Drama'),(80,'Devils Doorway','Western'),(81,'Innkeepers, The','Horror|Thriller'),(82,'Moving Out','Drama'),(83,'Beats Rhymes & Life: The Travels of a Tribe Called Quest','Documentary'),(84,'surviving Progress','Documentary'),(85,'sound of the Mountain (Thunder of the Mountain, The) (Yama no oto)','Drama'),(86,'she Done Him Wrong','Comedy|Romance'),(87,'Alone in the Wilderness','Documentary'),(88,'The Brass Legend','Action'),(89,'salvatore Giuliano','Crime|Drama|War'),(90,'Paisan (Paisà)','Drama|War'),(91,'Koko, a Talking Gorilla','Documentary'),(92,'Behind Enemy Lines: Colombia (Behind Enemy Lines 3: Ghost Watch)','Action|Thriller|War'),(93,'My Fair Lady','Comedy|Drama|Musical|Romance'),(94,'Exhibition','Drama'),(95,'Beyond the Poseidon Adventure','Adventure'),(96,'sugar Hill','Drama'),(97,'I Love You, Man','Comedy'),(98,'Porkys','Comedy'),(99,'super Mario Bros.','Action|Adventure|Children|Comedy|Fantasy|Sci-Fi'),(100,'Passion of Joan of Arc, The (Passion de Jeanne d Arc, La)','Drama'),
(101,'White Sound, The (Das weiße Rauschen)','Drama'),(102,'Kinyarwanda','Drama|Romance'),(103,'Welcome to Macintosh','Documentary'),(104,'Pickpocket','Crime|Drama'),(105,'X-Men Origins: Wolverine','Action|Sci-Fi|Thriller'),(106,'Cockneys vs Zombies','Comedy|Horror'),(107,'Any Questions for Ben?','Comedy|Drama'),(108,'Americas Heart and Soul','Documentary'),(109,'Father Goose','Adventure|Comedy|Romance|War'),(110,'Thurgood','Drama'),(111,'Item, The','Action|Horror'),(112,'something Wild','Drama'),(113,'Altered States','Drama|Sci-Fi'),(114,'Golem, The (Golem, wie er in die Welt kam, Der)','Fantasy|Horror'),(115,'The Cats Out','Animation'),(116,'Even Cowgirls Get the Blues','Comedy|Romance'),(117,'Dear Pillow','Drama'),(118,'Bloody Murder 2: Closing Camp','Drama|Horror|Mystery|Thriller'),(119,'Hit by Lightning','Comedy|Crime|Romance'),(120,'Phone Call from a Stranger','Drama'),(121,'Cruel Intentions 3','Drama|Thriller'),(122,'Double Trouble','Musical'),(123,'Wayward Cloud, The (Tian bian yi duo yun)','Comedy|Drama|Musical'),(124,'Aquamarine','Children|Comedy|Fantasy'),(125,'sweet Mud (Adama Meshugaat)','Drama'),
(126,'Mimic','Horror|Sci-Fi|Thriller'),(127,'Norma Rae','Drama'),(128,'Howard the Duck','Adventure|Comedy|Sci-Fi'),(129,'Finding Amanda','Comedy|Drama'),(130,'Our Beloved Month of August (Aquele Querido Mês de Agosto)','Romance'),(131,'Woman in Red, The','Comedy|Romance'),(132,'Joy Ride','Adventure|Thriller'),(133,'Dogs of War, The','Drama|War'),(134,'Death of a Nation - The Timor Conspiracy','Documentary'),(135,'Ernest Saves Christmas','Children|Comedy'),(136,'Boyfriends and Girlfriends (a.k.a. My Girlfriends Boyfriend) (Lami de mon amie)','Comedy'),
(137,'Zatoichi in Desperation (Shin Zatôichi monogatari: Oreta tsue) (Zatôichi 24)','Action|Adventure|Drama'),(138,'Watership Down','Adventure|Animation|Children|Drama|Fantasy'),(139,'Lovers and Lollipops','Drama|Romance'),(140,'Adventures of Milo and Otis, The (Koneko monogatari)','Adventure|Children|Comedy|Drama'),(141,'Gunfighters','Action|Drama|Romance|Western'),(142,'Looney, Looney, Looney Bugs Bunny Movie, The','Animation|Children|Comedy'),(143,'Philadelphia Experiment II','Action|Adventure|Sci-Fi'),(144,'Other Woman, The','Drama'),(145,'Hotel Reserve','Thriller'),(146,'sovereigns Company','Drama'),(147,'Robot Monster','Horror|Sci-Fi'),(148,'That Kiljunen Family (Kiljusen herrasväki)','Children|Comedy|Musical'),(149,'sadie Thompson','Drama'),(150,'Inside Moves','Drama'),(151,'Khodorkovsky','Documentary|Drama'),
(152,'For Love and Gold (Larmata Brancaleone)','Adventure|Comedy'),(153,'Moon 44','Action|Film-Noir|Sci-Fi|Thriller'),(154,'Max','Drama'),(155,'sometimes a Great Notion','Action|Adventure|Drama'),(156,'Logorama','Action|Animation|Crime'),(157,'Motivational Growth','Comedy|Horror'),(158,'The Evictors','Crime|Drama|Horror|Mystery|Thriller'),(159,'Avalon','Drama|Fantasy|Sci-Fi'),(160,'Paradise, Hawaiian Style','Comedy|Musical'),(161,'The Sinners of Hell','Drama|Horror'),(162,'When You Comin Back, Red Ryder?','Drama'),(163,'My Sweet Pepper Land','Drama'),
(164,'sons Room, The (Stanza del figlio, La)','Drama'),
(165,'Merry Madagascar','Animation'),
(166,'Last Days of Pompeii','Adventure|Drama'),(167,'Amati Girls, The','Drama'),(168,'Jeepers Creepers','Horror'),(169,'Jimmy Carter Man from Plains','Documentary'),(170,'Mad Hot Ballroom','Children|Documentary'),(171,'Monument Ave.','Action|Crime|Drama'),(172,'Written on the Wind','Drama'),(173,'Judith of Bethulia','Adventure|Drama|Romance'),(174,'Deadbolt','Thriller'),(175,'Human Trafficking','Crime|Drama|Mystery|Thriller'),(176,'Triumph of Love, The','Comedy'),(177,'Roller Boogie','Drama'),(178,'Latter Days','Comedy|Drama|Romance'),(179,'Primal','Horror|Thriller'),(180,'In Therapy (Divã)','Comedy|Drama|Romance'),(181,'Enemies Closer','Action|Thriller'),(182,'3 Ninjas Kick Back','Action|Children|Comedy'),(183,'Chef in Love, A (Shekvarebuli kulinaris ataserti retsepti)','Comedy|Romance'),(184,'Cast Away','Drama'),(185,'Dance Flick','Comedy|Musical'),(186,'Bad Education (La mala educación)','Drama|Thriller'),(187,'same Love, Same Rain (El mismo amor, la misma lluvia)','Comedy|Drama|Romance'),(188,'Aloft','Drama'),(189,'spellbound','Mystery|Romance|Thriller'),(190,'seven Years Bad Luck','Comedy'),(191,'Love Movie, The (Rakkauselokuva)','Comedy|Drama'),(192,'Hardcore','Drama'),(193,'Lethal Weapon 2','Action|Comedy|Crime|Drama'),(194,'Beowulf & Grendel','Action|Adventure|Drama|Fantasy'),(195,'When I Walk','Documentary'),(196,'Peter Ibbetson','Drama|Fantasy|Romance'),(197,'Home','Drama'),(198,'Escape Plan','Action|Mystery|Thriller'),(199,'The Best of Me','Drama|Romance'),(200,'Iceman','Drama|Sci-Fi'),(201,'Cowspiracy: The Sustainability Secret','Adventure|Comedy|Documentary|Mystery'),(202,'Amazing Journey: The Story of The Who','Documentary'),(203,'Unknown','Drama|Mystery|Thriller'),(204,'Goddess of 1967, The','Comedy|Drama|Romance'),(205,'Film Noir: Bringing Darkness to Light','Documentary'),(206,'Captain Thunder (Capitán Trueno y el Santo Grial, El) (Prince Killian and the Holy Grail)','Adventure'),(207,'Dead Ahead: The Exxon Valdez Disaster','Drama'),(208,'Jaguar','Documentary'),(209,'Eiger Sanction, The','Action|Adventure|Drama|Thriller'),(210,'Fire Within, The (Feu follet, Le)','Drama'),(211,'Transporter 2','Action|Crime|Thriller'),(212,'Fifth Cord, The (Giornata nera per lariete)','Mystery|Thriller'),(213,'Guendalina','Comedy'),(214,'Omar Killed Me (Omar ma tuer)','Crime|Drama'),(215,'Red Lights (Feux rouges)','Drama'),(216,'Coach Carter','Drama'),(217,'White Sun of the Desert, The (Beloe solntse pustyni)','Action|Adventure|Comedy|Drama|Romance|War'),(218,'Heroine','Drama'),
(219,'Adventures of Sharkboy and Lavagirl 3-D, The','Action|Adventure|Children|Fantasy'),(220,'Volcano (Eldfjall)','Drama'),(221,'Ego','Drama'),(222,'shark in Venice','Action|Horror|Thriller'),(223,'On Her Majestys Secret Service','Action|Adventure|Romance|Thriller'),(224,'Midnight Clear, A','Drama|War'),(225,'Desk Set@','Comedy|Romance'),(226,'sniper 2','Action|Adventure|War'),(227,'subspecies IV: Bloodstorm','Horror'),(228,'Aprils Shower','Comedy|Romance'),(229,'White Reindeer','Comedy|Drama'),(230,'Blade','Action|Horror|Thriller'),(231,'Charley Varrick','Crime|Drama|Thriller'),(232,'Patty Hearst','(no genres listed)'),(233,'National Velvet','Children|Drama'),(234,'À propos de Nice','Documentary'),(235,'Last Season, The','Documentary'),(236,'Pretty Persuasion','Comedy|Drama'),(237,'Breath, The (Nefes: Vatan sagolsun)','Action|Drama|Thriller'),(238,'Whos Your Daddy?','Comedy'),(239,'Amazing Panda Adventure, The','Adventure|Children'),(240,'Get Low','Comedy|Drama|Mystery'),(241,'How to Train Your Dragon','Adventure|Animation|Children|Fantasy|IMAX'),(242,'Wake','Comedy|Drama|Romance'),(243,'Dark Dungeons','Drama|Fantasy'),(244,'The Jackie Robinson Story','Children|Drama'),(245,'Happy Endings','Comedy|Drama'),(246,'Hellbound: Hellraiser II','Horror'),(247,'Interview, The','Crime|Drama|Mystery|Thriller'),(248,'Invaders from Mars','Horror|Sci-Fi'),(249,'Asterix and the Gauls (Astérix le Gaulois)','Action|Adventure|Animation|Children|Comedy'),(250,'Decasia: The State of Decay','Documentary'),(251,'spirit Trap','Horror|Thriller'),(252,'The Vexxer','Comedy|Crime'),(253,'Yertle the Turtle and Other Stories','Animation|Children'),(254,'Medium Cool','Drama|Romance'),(255,'Bells from the Deep','Documentary'),(256,'Captains Paradise, The','Comedy'),(257,'Leprechaun 4: In Space','Comedy|Fantasy|Horror|Sci-Fi'),(258,'Austin Powers: The Spy Who Shagged Me','Action|Adventure|Comedy'),(259,'I Love, You Love (Ja milujem, ty milujes)','Comedy|Drama|Romance'),(260,'Accident (Yi ngoi)','Thriller'),(261,'Pianomania','Documentary'),(262,'Jubilation Street','(no genres listed)'),(263,'Candidate, The','Drama'),(264,'Captain Abu Raed','Drama'),(265,'Hamlet','Crime|Drama|Romance|Thriller'),(266,'Wooden Mans Bride, The (Yan shen)','Drama'),(267,'Brøken, The (a.k.a. Broken, The)','Drama|Horror|Thriller'),(268,'20 Seconds of Joy','Documentary'),(269,'Last American Hero, The','Action|Drama'),(270,'season For Assassins','(no genres listed)'),(271,'Jonestown: Paradise Lost','Documentary'),
(272,'Arsène Lupin','Mystery|Romance'),(273,'Backwood Philosopher (Havukka-ahon ajattelija)','Comedy|Drama'),(274,'The Prophecy: Forsaken','Fantasy|Horror|Thriller'),(275,'Twin Sisters (De tweeling)','Drama|Romance|War'),(276,'American Gangster','Crime|Drama|Thriller'),(277,'House at the End of the Street','Horror|Thriller'),(278,'What Have You Done to Solange?','Crime'),(279,'Princess Diaries 2: Royal Engagement, The','Comedy|Romance'),(280,'Brain Donors','Comedy'),(281,'Horton Hears a Who!','Adventure|Animation|Children|Comedy'),(282,'Breathless','Action|Drama|Romance|Thriller'),(283,'Best Intentions, The (Den goda viljan)','Drama|Romance'),(284,'Mighty Macs, The','Drama'),(285,'Every Night Dreams (Each Night I Dream) (Yogoto no yume)','Drama'),(286,'Buddy','Adventure|Children|Drama'),(287,'Battling Butler','Comedy'),(288,'90 Minutes (90 minutter)','Drama'),(289,'Tall Guy, The','Comedy|Romance'),(290,'Quiet Earth, The','Drama|Mystery|Sci-Fi'),(291,'sansho the Bailiff (Sanshô dayû)','Drama'),(292,'Monga','Crime|Drama'),(293,'Blackmailed','Crime|Drama|Thriller'),(294,'Book of Stars, The','Drama'),(295,'Coney Island','Comedy'),(296,'Isabelle au bois dormant','Animation|Comedy'),(297,'smiley','Horror'),(298,'Cure for Love, A (Lekarstwo na milosc)','Comedy|Crime|Romance'),(299,'Painted Veil, The','Drama|Romance'),(300,'Zigeunerweisen (Tsigoineruwaizen)','Horror|Mystery'),(301,'Toy Story','Adventure|Animation|Children|Comedy|Fantasy'),(302,'How to Live Forever','Documentary'),(303,'Road to Brown, The','Documentary'),(304,'Loser','Comedy|Romance'),(305,'Herbie: Fully Loaded','Adventure|Comedy|Romance'),(306,'Mission: Impossible','Action|Adventure|Mystery|Thriller'),(307,'Alexandra (Aleksandra)','Drama|War'),(308,'Clay Bird, The (Matir moina)','Drama'),(309,'Into the Woods','Adventure|Comedy|Fantasy|Musical'),
(310,'Rendez-vous dAnna, Les (Meetings of Anna, The)','Drama'),(311,'Castle on the Hudson','Crime|Drama'),(312,'Bench, The (Bænken)','Drama'),(313,'Melvin and Howard','Drama'),(314,'Big Boss, The (Fists of Fury) (Tang shan da xiong)','Action|Thriller'),(315,'Chainsaw Maid','Animation'),(316,'Disco Godfather','Action|Crime|Drama'),(317,'Misconception','Documentary'),(318,'Four Horsemen of the Apocalypse, The','Drama|Romance|War'),(319,'Batman','Action|Adventure|Crime|Sci-Fi|Thriller'),(320,'Farinelli: il castrato','Drama|Musical'),(321,'Mercy','Crime|Mystery|Thriller'),(322,'Constantine','Action|Fantasy|Horror|Thriller'),(323,'Escape from the Planet of the Apes','Action|Sci-Fi'),(324,'Born to Be Bad','Drama|Romance'),(325,'Beauty #2','Drama'),(326,'Oh My God','Documentary'),(327,'High Crimes','Thriller'),(328,'Queen, The','Drama'),(329,'High Tension (Haute tension) (Switchblade Romance)','Horror|Thriller'),(330,'Naked Man, The','Drama'),(331,'Ceremony','Comedy'),(332,'Princesas','Drama'),(333,'Dead Time: Kala','Crime|Fantasy|Film-Noir|Thriller'),(334,'Dead or Alive: Hanzaisha','Action|Crime'),(335,'Looney Tunes: Back in Action','Action|Animation|Children|Fantasy'),(336,'My Sassy Girl (Yeopgijeogin geunyeo)','Comedy|Romance'),(337,'Club Sandwich','Comedy'),(338,'Great Stone Face, The','Documentary'),(339,'Bastards','Documentary'),(340,'sunshine on Leith ','Musical'),(341,'searching for Bobby Fischer','Drama'),(342,'Wagners Dream','Documentary'),(343,'A Girl Walks Home Alone at Night','Horror|Romance|Thriller'),(344,'Anna','Drama'),(345,'Begone Dull Care','Animation'),(346,'sex Is Comedy','Comedy|Drama|Romance'),(347,'sea Wolves, The','Action|War'),(348,'No Holds Barred','Action'),(349,'salvador','Drama|Thriller|War'),(350,'7 Plus Seven','Documentary'),(351,'Breaking and Entering','Drama'),(352,'Alphabet City','Crime|Drama|Thriller'),(353,'Raising Victor Vargas','Comedy|Drama|Romance'),(354,'Blindman','Western'),(355,'Inherit the Wind','Drama'),(356,'safrana or Freedom of Speech (Safrana ou le droit à la parole)','Drama'),(357,'sapphire','Crime|Drama|Mystery|Thriller'),(358,'Cat Run 2','Action'),(359,'Magnetic Monster, The','sci-Fi'),(360,'Ridicule','Drama'),(361,'Free The Mind','Documentary'),(362,'Burn Up!','Action|Animation'),(363,'stupids, The','Comedy'),(364,'Claire Dolan','Drama'),(365,'Noise','Drama|Thriller'),(366,'Magus, The','Drama|Fantasy|Mystery'),(367,'Little Big Man','Western'),(368,'Without Bias (a.k.a. Len Bias)','Documentary'),(369,'Dracula','Horror'),(370,'stolen Collection, (Skradziona kolekcja)','Comedy'),(371,'42','Drama'),(372,'In Their Skin','Horror|Thriller'),(373,'Bishop Murder Case, The','Mystery'),(374,'Tenth Man, The','Drama|War'),(375,'Rabid','Horror|Thriller'),(376,'Attack the Block','Action|Comedy|Sci-Fi'),(377,'Grace','Horror|Thriller'),(378,'Erendira','Drama'),(379,'Duo (Pas de deux)','Animation|Musical'),(380,'Miraculum','Drama'),(381,'Eye In The Sky (Gun chung)','Crime|Thriller'),(382,'Under the Roofs of Paris (Sous les toits de Paris)','Comedy|Drama|Romance'),(383,'Long Good Friday, The','Drama|Thriller'),(384,'X-Men Origins: Wolverine','Action|Sci-Fi|Thriller'),(385,'Chasers','Comedy'),(386,'Billy the Kid vs. Dracula','Action|Drama|Horror'),(387,'Regeneration','Drama|War'),(388,'son of Frankenstein','Horror'),(389,'Guardian, The','Action|Adventure|Drama'),(390,'Château, The','Comedy'),(391,'Red Tent, The (Krasnaya palatka)','Adventure|Drama|Fantasy'),(392,'shattered','Mystery|Thriller'),(393,'Mans Job (Miehen työ)','Drama'),(394,'Laugh, Clown, Laugh','Drama'),(395,'Hellraiser III: Hell on Earth','Horror'),(396,'Bernard and Doris','Comedy|Drama'),(397,'stripes','Comedy|War'),(398,'Young Winston','Adventure|Drama|War'),(399,'stranger Within, The','Thriller'),(400,'Before I Go to Sleep','Mystery|Thriller'),(401,'Trixie','Comedy|Crime|Mystery'),(402,'Cheeky (Trasgredire)','Comedy|Drama'),(403,'special','Drama|Fantasy'),(404,'Kangaroo Jack','Action|Comedy'),(405,'Winds of the Wasteland','Western'),(406,'Lincz','Drama|Thriller'),(407,'Illusion Of Blood','Fantasy|Horror'),(408,'Godzilla vs. Gigan (Chikyû kogeki meirei: Gojira tai Gaigan)','Action|Adventure|Horror'),(409,'Morocco','Drama|Romance'),(410,'Firefox','Action|Sci-Fi|Thriller'),(411,'star Maker, The (Uomo delle stelle, L)','Drama'),
(412,'Heartbeeps','Comedy|Sci-Fi'),(413,'Day Watch (Dnevnoy dozor)','Action|Fantasy|Horror|Thriller'),(414,'Fire Down Below','Action|Drama|Thriller'),(415,'Nothing But the Truth','Drama|Thriller'),(416,'Darker Than Night','Horror|Thriller'),(417,'Tora-sans Rise and Fall (Otoko wa tsurai yo: Torajiro aiaigasa)','Comedy'),(418,'Gunbuster (Top wo Narae)','Action|Animation|Drama|Sci-Fi'),(419,'Love Is the Devil','Drama'),(420,'Chance of a Lifetime, The','Crime|Drama'),(421,'Wrecking Crew, The','Action|Adventure|Comedy|Drama'),(422,'Apple Dumpling Gang, The','Children|Comedy|Western'),(423,'Name of the Rose, The (Name der Rose, Der)','Crime|Drama|Mystery|Thriller'),(424,'Bears','Documentary'),(425,'Raising Arizona','Comedy'),(426,'Varsity Blues','Comedy|Drama'),(427,'Queen of Blood','Horror|Sci-Fi'),(428,'Flight of Fury','Action'),(429,'The Invitation','Drama|Horror|Thriller'),(430,'OSS 117 - Lost in Rio (OSS 117: Rio ne répond plus)','Adventure|Comedy'),(431,'Life of Crime','Comedy|Crime'),(432,'Lady for a Day','Comedy'),(433,'Bleeding, The','Action|Horror'),(434,'Green Dragon','Drama'),(435,'House of Tolerance','Drama'),(436,'Generation, A (Pokolenie)','Drama|War'),(437,'Gacy','Crime|Drama|Horror|Thriller'),(438,'Toto le héros','Drama'),(439,'King of Texas, The','Documentary'),(440,'The Dot and the Line : A Romance in Lower Mathematics','Animation|Children|Comedy'),(441,'stoked: The Rise and Fall of Gator','Documentary'),(442,'Average Italian','Comedy'),(443,'Vincent','Animation'),(444,'Jonah: A VeggieTales Movie','Animation|Children|Musical'),(445,'Trancers III','Action|Horror|Sci-Fi'),(446,'supercondriaque','Comedy'),(447,'Last Days of Mussolini (Mussolini: Ultimo atto)','Drama|War'),(448,'Direct Action','Action|Crime|Thriller'),(449,'Cinderella','Adventure|Children|Drama|Sci-Fi'),(450,'Angel','Comedy|Drama|Romance'),(451,'Promised Life, The (Vie promise, La)','Drama'),(452,'E=mc2','Action|Comedy'),(453,'scary Movie 2','Comedy'),(454,'Equilibrium','Action|Sci-Fi|Thriller'),(455,'Mitchell','Action|Crime'),(456,'Northanger Abbey','Drama|Romance'),(457,'Lammbock','Comedy'),(458,'Memories of Underdevelopment (Memorias del subdesarrollo)','Drama'),(459,'Jonah Hex','Action|Drama|Thriller|Western'),(460,'He Loves Me... He Loves Me Not (À la folie... pas du tout)','Romance|Thriller'),(461,'soldier, The','Action'),(462,'My First Mister','Comedy|Drama'),(463,'Gamera vs. Guiron','Action|Adventure'),(464,'Time That Remains, The','Drama'),(465,'scrooge','Drama|Fantasy|Musical'),(466,'All Good Things','Drama|Mystery|Thriller'),(467,'Battery, The','Drama|Horror'),(468,'suicide Club (Jisatsu saakuru)','Horror|Mystery|Thriller'),(469,'Halloween','Horror'),(470,'Lady and the Tramp','Animation|Children|Comedy|Romance'),(471,'April Showers','Drama'),(472,'Tsotsi','Crime|Drama'),(473,'Car Wash','Comedy'),(474,'Drones','Comedy|Sci-Fi'),(475,'Higher Ground','Drama'),(476,'Philadelphia','Drama'),(477,'Pigskin Parade','Musical'),(478,'Kiss Me Again','Drama|Romance'),(479,'Air Hawks','Action|Drama|Mystery|Romance|Sci-Fi'),(480,'sleeping Car, The','Comedy|Horror'),(481,'Apache Territory ','Action|Western'),(482,'One Night Stand','Drama'),(483,'Jekyll','Crime|Horror|Thriller'),(484,'Battle Royale (Batoru rowaiaru)','Action|Drama|Horror|Thriller'),(485,'sleep Dealer','sci-Fi'),(486,'Feast','Action|Comedy|Horror|Thriller'),(487,'Face of a Fugitive','Western'),(488,'Elevator to the Gallows (a.k.a. Frantic) (Ascenseur pour léchafaud)','Crime|Drama|Thriller'),(489,'Mrs. Browns Boys DMovie','Comedy'),(490,'Abbott and Costello Meet the Keystone Kops','Comedy')
,(491,'There Was a Father (Chichi ariki)','Drama'),(492,'Fierce People','Drama'),(493,'Dinner, The (Cena, La)','Comedy|Drama'),(494,'Double Dare','Documentary'),(495,'Flight of the Intruder','Action|War'),(496,'Ikigami','Action|Drama|Mystery|Thriller'),(497,'Guest from the Future (Gostya iz buduschego)','Adventure|Drama|Sci-Fi'),(498,'Who Killed Bambi? (Qui a tué Bambi?)','Drama|Thriller'),(499,'God Bless Ozzy Osbourne','Documentary'),(500,'Batman Beyond: Return of the Joker','Action|Animation|Crime|Sci-Fi|Thriller'),(501,'Classic, The (Klassikko)','Comedy|Drama'),(502,'shepard & Dark','Documentary'),(503,'Letters to Father Jacob (Postia pappi Jaakobille)','Drama'),(504,'Ong-Bak 3: The Final Battle (Ong Bak 3)','Action'),(505,'Once Upon a Time in Mexico','Action|Adventure|Crime|Thriller'),(506,'Tarzans Magic Fountain','Action|Adventure|Fantasy|Romance'),(507,'Edge, The','Adventure|Drama'),(508,'Pollyanna','Children|Comedy|Drama'),(509,'Rid of Me','Comedy|Drama|Romance'),(510,'Blind Dating','Comedy|Romance'),(511,'The Gang That Sold America','Action|Comedy'),(512,'Whatever Works','Comedy|Romance'),(513,'Closed Circuit','Crime|Drama|Mystery'),(514,'Beyond Re-Animator','Horror'),(515,'Last Song, The','Drama|Romance'),(516,'Ninja, A Band of Assassins (Shinobi No Mono)','Action|Drama'),(517,'Raiders of Atlantis, The','Action|Mystery|Sci-Fi'),(518,'Oedipus Rex (Edipo re)','Drama'),(519,'Ex Drummer','Comedy|Crime|Drama|Horror'),(520,'The Bloodstained Butterfly','Mystery|Thriller'),(521,'Young at Heart','Drama|Musical|Romance'),(522,'Killers, The','Crime|Film-Noir'),(523,'O-Bi, O-Ba - The End of Civilization (O-bi, O-ba - Koniec cywilizacji)','Drama|Mystery|Sci-Fi'),(524,'Nasty Old People','Drama'),(525,'Ghoulies III: Ghoulies Go to College','Comedy|Horror'),(526,'sixpack (Pussikaljaelokuva)','Comedy|Drama'),(527,'H.O.T.S.','Comedy'),(528,'Fisher King, The','Comedy|Drama|Fantasy|Romance'),(529,'187 (One Eight Seven)','Drama|Thriller'),(530,'safety Not Guaranteed','Comedy|Drama'),(531,'Crimewave','Comedy|Crime'),(532,'Comanche Territory (Territorio comanche)','Drama|War'),(533,'Wrestling (Bræðrabylta)','Drama|Romance'),(534,'The Intruders','Thriller'),(535,'slums of Beverly Hills, The','Comedy|Drama'),(536,'Dog Tags','Drama|Romance'),(537,'star Wars: Episode I - The Phantom Menace','Action|Adventure|Sci-Fi'),(538,'I Dot Want to Be a Man (Ich möchte kein Mann sein)','Comedy|Romance'),(539,'Grandmaster, The (Yi dai zong shi)','Action|Drama|IMAX'),(540,'Bad Medicine','Comedy'),(541,'sex Positive','Documentary'),(542,'Killing Season','Action|Thriller'),(543,'Naked Blood: Megyaku (Nekeddo burâddo: Megyaku)','Horror'),(544,'Tiger and the Snow, The (La tigre e la neve)','Comedy|Drama|Romance|War'),(545,'And Now a Word from Our Sponsor','Comedy|Drama'),(546,'Electroma','Drama|Sci-Fi'),(547,'Noise','Drama|Thriller'),(548,'Won Ton Ton: The Dog Who Saved Hollywood','Comedy'),(549,'Thieves, The (Dodookdeul)','Action|Crime'),(550,'Personal Best','Drama'),(551,'Girl, The','Drama'),(552,'My Tutor','Drama'),(553,'Red Lights','Drama|Mystery|Thriller'),(554,'Alligator','Action|Horror|Sci-Fi'),(555,'Real McCoy, The','Drama'),(556,'All Night Long','Drama'),(557,'Black Pond','Comedy|Drama'),(558,'Backfire','Crime|Film-Noir|Mystery|Romance|Thriller'),(559,'Interrupted Melody','Drama|Musical'),(560,'What Happened, Miss Simone?','Documentary'),(561,'Opening Night','Drama'),
(562,'ellebrity (Sellebrity)','Documentary'),(563,'Beaver Trilogy Part IV','Documentary'),(564,'Asterix in Britain (Astérix chez les Bretons)','Adventure|Animation|Children|Comedy'),(565,'satans Little Helper','Comedy|Horror'),(566,'Peter Pan','Children|Fantasy|Musical'),(567,'Charlie Bartlett','Comedy|Drama'),(568,'Time to Kill, A','Drama|Thriller'),(569,'Undocumented','Horror|Thriller'),(570,'Hollidaysburg','Comedy'),(571,'Helen','Drama'),(572,'Boots and Saddles','Action|Western'),(573,'Far from Heaven','Drama|Romance'),(574,'Children of Glory (Szabadság, szerelem)','Drama|Romance|War'),(575,'Futuresport','Action|Sci-Fi|Thriller'),(576,'Unfaithfully Yours','Comedy'),(577,'Last of England, The','Drama'),(578,'Unspeakable Act, The','Drama'),(579,'Nice Guys Sleep Alone','Comedy|Romance'),(580,'Like Water for Chocolate (Como agua para chocolate)','Drama|Fantasy|Romance'),(581,'White Wedding (Noce blanche)','Drama|Romance'),(582,'Highlander: The Search for Vengeance','Action|Adventure|Fantasy'),(583,'Tesla: Master of Lightning','Documentary'),(584,'Mary','Drama|Thriller'),(585,'spooner','Comedy|Drama'),(586,'Margaret','Comedy|Drama|Romance'),(587,'Origin: Spirits of the Past (Gin-iro no kami no Agito)','Animation|Drama|Romance|Sci-Fi'),(588,'Presenting Lily Mars','Comedy|Musical|Romance'),(589,'Firelight','Drama'),(590,'saw II','Horror|Thriller'),(591,'Dont Think About It (Non Pensarci)','Comedy|Drama'),(592,'Law Abiding Citizen','Drama|Thriller'),(593,'Wizard of Oz, The','Adventure|Children|Fantasy|Musical'),(594,'Once a Thief (Zong heng si hai)','Action|Comedy|Crime|Thriller'),(595,'Cold Moon (Lune froide)','Comedy|Drama'),(596,'BabAziz -The Prince Who Contemplated His Soul','Drama'),(597,'Gospel of Judas, The','Documentary'),(598,'Kid Cannabis','Drama'),(599,'Viva Villa!','Western'),(600,'Thirty-Nine Steps, The','Crime|Mystery|Thriller'),(601,'seinto Seiya: Legend of Sanctuary (Seinto Seiya: Legend of Sanctuary)','Animation'),(602,'Hunting and Gathering (Ensemble, cest tout)','Drama|Romance'),(603,'Every Night Dreams (Each Night I Dream) (Yogoto no yume)','Drama'),(604,'Fear','Horror|Thriller'),(605,'Chantilly Lace','Drama'),(606,'You Only Live Twice','Action|Adventure|Sci-Fi|Thriller'),(607,'December 7th','Documentary|War'),(608,'Iron Horse, The','Western'),(609,'Ipcress File, The','Thriller'),(610,'Wild Child, The (Enfant sauvage, L','Drama'),(611,'Bush Mama','Drama'),(612,'Falling Up','Comedy|Drama|Romance'),(613,'Million Dollar Duck, The (a.k.a. $1,000,000 Duck)','Children|Comedy'),(614,'High Anxiety','Comedy|Thriller'),(615,'Evil Dead II (Dead by Dawn)','Action|Comedy|Fantasy|Horror'),(616,'Mysterious Geographic Explorations of Jasper Morello, The','Adventure|Animation'),(617,'sensation of Sight, The','Drama'),(618,'Now or Never','Comedy'),(619,'Rosemarys Baby','Horror|Thriller'),(620,'Footprints on the Moon (Le orme) (Primal Impulse)','Mystery|Thriller'),(621,'Dead Silent','Thriller'),(622,'Night They Raided Minskys, The (Night They Invented Striptease, The)','Comedy'),(623,'Wave, The','Drama'),(624,'Ultimate Accessory,The (100% cachemire)','Comedy'),(625,'Brink of Life (Nära livet)','Drama'),(626,'Moebius Redux: A Life in Pictures','Documentary'),(627,'Dot and the Whale','Animation|Children'),(628,'Fitna','Documentary'),(629,'From Beginning to End (Do Começo ao Fim)','Drama|Romance'),(630,'Topper Returns','Comedy|Fantasy|Mystery|Romance'),(631,'Lady and the Tramp','Animation|Children|Comedy|Romance'),(632,'Where Love Has Gone','Drama'),(633,'Village People','Comedy'),(634,'Here Comes Mr. Jordan','Comedy|Fantasy|Romance'),(635,'Rush Hour 3','Action|Comedy|Crime|Thriller'),(636,'Devil Inside, The','Horror|Thriller'),(637,'Fantastic Mr. Fox','Adventure|Animation|Children|Comedy|Crime'),(638,'spontaneous Combustion','Horror|Sci-Fi|Thriller'),(639,'The Bakers Wife','Comedy|Drama'),(640,'Battle Beyond the Stars','sci-Fi'),(641,'Elling','Comedy|Drama'),(642,'six Shooter','Comedy|Drama'),(643,'show Me','Crime|Drama|Thriller'),(644,'Beastmaster 2: Through the Portal of Time','Action|Adventure|Fantasy|Sci-Fi'),(645,'Viy','Adventure|Fantasy|Mystery|Thriller'),(646,'Talking Picture, A (Um Filme Falado)','Comedy|Drama|War'),(647,'Crazy Horse','Documentary'),(648,'Garage','Drama'),(649,'The Count of Monte Cristo','Action|Adventure|Drama|Romance|Thriller'),(650,'Two Lives (Zwei Leben)','Drama|Thriller'),(651,'sands of Iwo Jima','Action|Drama|Romance|War'),(652,'Love Simple','Comedy|Romance'),(653,'Our Vines Have Tender Grapes','Drama'),(654,'Pleasure of Being Robbed, The','Comedy'),(655,'Giant','Drama|Romance|Western'),(656,'Corporation, The','Documentary'),(657,'Gigantic (A Tale of Two Johns)','Documentary'),(658,'Waking the Dead','Drama|Thriller'),(659,'Love on the Run (Amour en fuite, L','Comedy|Drama|Romance'),(660,'Friends of Eddie Coyle, The','Crime|Drama|Thriller'),(661,'The Blood of Fu Manchu','Adventure|Crime|Horror'),(662,'The Cheat','Drama'),(663,'The Challenge','Drama|War'),(664,'Moonwalker','Musical'),(665,'Hitting Home','Drama|Romance|Thriller'),(666,'Blume in Love','Comedy|Drama|Romance'),(667,'Counterfeiters, The (Die Fälscher)','Crime|Drama|War'),(668,'Bats','Horror|Thriller'),(669,'Chilly Scenes of Winter (Head Over Heels)','Comedy|Drama|Romance'),(670,'Father of the Bride Part II','Comedy'),(671,'Fantasma','Drama'),(672,'Middle of Nowhere','Drama|Romance'),(673,'Luzhin Defence, The','Drama|Romance'),(674,'Buddha Collapsed Out of Shame','Drama|War'),(675,'Wishful Thinking','Comedy'),(676,'Dischord','Drama|Thriller'),(677,'Touch of Pink','Comedy|Drama|Romance'),(678,'Hamster Factor and Other Tales of Twelve Monkeys, The','Documentary'),(679,'Fandango','Comedy'),(680,'Beware the Moon: Remembering An American Werewolf in London','Documentary'),(681,'Mishen (Target)','Drama|Sci-Fi'),(682,'2009: Lost Memories','Action|Sci-Fi|Thriller'),(683,'White Cliffs of Dover, The','Drama|Romance|War'),(684,'I as in Icarus (I... comme Icare)','Thriller'),(685,'Kiss, The','Drama|Romance'),(686,'Bunch Of Amateurs, A','Comedy'),(687,'Fellinis Casanova (Il Casanova di Federico Fellini)','Drama|Romance'),(688,'Allegheny Uprising','Action|Adventure|Western'),(689,'Hate (Haine, La)','Crime|Drama'),(690,'Highway 61','Comedy'),(691,'Charlies Angels','Action|Comedy'),(692,'Nanking','Documentary|War'),(693,'Firefox','Action|Sci-Fi|Thriller'),(694,'ski Party','Comedy'),(695,'The Voices','Comedy|Crime|Thriller'),(696,'Full Speed (À toute vitesse)','Drama'),(697,'Divorcee, The','Drama|Romance'),(698,'Devils Diary','Drama|Horror|Mystery'),(699,'Women Arent Funny','(no genres listed)'),(700,'Achilles and the Tortoise (Akiresu to kame)','Comedy'),(701,'Wanda Sykes: Sick and Tired','Comedy|Documentary'),(702,'support Your Local Gunfighter','Comedy|Romance|Western'),(703,'Elite Squad: The Enemy Within (Tropa de Elite 2 - O Inimigo Agora É Outro)','Action|Crime|Drama'),(704,'May 18 (Hwaryeohan hyuga)','Drama'),(705,'Fragile','Horror|Thriller'),(706,'Hitlers Madman','Drama|War'),(707,'Night of the Living Dorks','Comedy|Horror'),(708,'Extract','Comedy'),(709,'satans Little Helper','Comedy|Horror'),(710,'Normal','Drama'),(711,'When Father Was Away on Business (Otac na sluzbenom putu)','Drama'),(712,'Waking Ned Devine (a.k.a. Waking Ned)','Comedy'),(713,'Family Viewing','Drama'),(714,'Knockaround Guys','Action|Comedy|Crime'),(715,'Hero','Comedy|Drama'),(716,'Mr. & Mrs. Smith','Comedy|Romance'),(717,'Warsaw Bridge (Pont de Varsòvia)','(no genres listed)'),(718,'Grand Masti','Comedy|Drama|Romance'),(719,'Rhinoceros','Comedy|Drama|Fantasy|Mystery|Romance'),(720,'Thunderbird Six','Action|Sci-Fi'),(721,'Lili Marleen','Drama'),(722,'Cargo 200 (Gruz 200)','Drama'),(723,'Jungle Book 2, The','Animation|Children'),(724,'O Amor das Três Romãs','Drama'),(725,'scarface','Crime|Drama'),(726,'sarah, Plain and Tall','Children|Drama'),(727,'Twin Peaks: Fire Walk with Me','Crime|Drama|Mystery|Thriller'),(728,'Champ, The','Drama'),(729,'Christmas on Mars','sci-Fi'),(730,'Everybody Wants to Be Italian','Comedy|Romance'),(731,'All Watched Over by Machines of Loving Grace','Documentary'),(732,'Love and Anarchy (Film damore e danarchia, ovvero stamattina alle 10 in via dei Fiori nella nota casa di tolleranza...)','Comedy|Drama|Romance'),(733,'Gamera vs. Jiger','Action|Fantasy|Sci-Fi'),(734,'Lentsu','Comedy'),(735,'slammin Salmon, The','Comedy'),(736,'Attack of the Mushroom People (Matango)','Fantasy|Horror|Sci-Fi|Thriller'),(737,'Gold of Naples, The (Loro di Napoli)','Comedy'),(738,'south, The (Sur, El)','Drama|Romance'),(739,'Los Bandoleros','Action|Drama'),(740,'My Sweet Pepper Land','Drama'),(741,'Unexpected','Comedy|Drama'),(742,'shuttle','Crime|Drama|Horror|Thriller'),(743,'Farewell to the King','Action|War'),(744,'Creature from Black Lake ','Drama|Horror|Mystery'),(745,'Captives','Crime|Drama|Romance|Thriller'),(746,'Loves Long Journey','Drama|Romance|Western'),(747,'Expendables, The','Action|Adventure|Thriller'),(748,'Narc','Crime|Drama|Thriller'),(749,'Consuming Kids: The Commercialization of Childhood','Documentary'),(750,'Hamlet','Drama'),(751,'Divorce Iranian Style','Documentary'),(752,'Emma','Comedy|Drama|Romance'),(753,'Little Girl Who Lives Down the Lane, The','Drama|Mystery|Thriller'),
(754,'Collision: Christopher Hitchens vs. Douglas Wilson','Documentary'),(755,'Cold Fever (Á köldum klaka)','Comedy|Drama'),(756,'Final Destination 3','Horror|Mystery|Thriller'),(757,'Jarhead 2: Field of Fire','Action|Drama|War'),(758,'They Call Us Misfits (Dom kallar oss mods)','Documentary'),(759,'Bo Burnham: Words, Words, Words','Comedy'),(760,'suite Française','Drama|Romance|War'),(761,'Love and Death','Comedy'),(762,'2046','Drama|Fantasy|Romance|Sci-Fi'),(763,'Godzilla vs. Megaguirus (Gojira tai Megagirasu: Jî shômetsu sakusen)','Action|Sci-Fi'),(764,'silent Rage','Action|Sci-Fi'),(765,'Red Beard (Akahige)','Drama'),(766,'Pageant','Documentary'),(767,'Dream Man','Thriller'),(768,'The Testimony','(no genres listed)'),(769,'samurai Banners (Fûrin kazan)','Action|Adventure|Drama|War'),(770,'And God Created Woman','Comedy|Drama|Romance'),(771,'short Night of the Glass Dolls (La corta notte delle bambole di vetro)','Horror|Mystery|Thriller'),(772,'Björk: Volumen','Animation|Musical'),(773,'Bridges of Madison County, The','Drama|Romance'),(774,'Call, The','Drama|Thriller'),(775,'I Origins','Drama|Sci-Fi'),(776,'Fires on the Plain (Nobi)','Drama|War'),(777,'swordsman II (Legend of the Swordsman, The) (Xiao ao jiang hu zhi: Dong Fang Bu Bai)','Action|Fantasy'),(778,'War Game, The','Documentary|Drama|War'),(779,'Cercle Rouge, Le (Red Circle, The)','Crime|Thriller'),(780,'Doll Squad, The','Action|Thriller'),(781,'Way South, The (De weg naar het zuiden)','Documentary'),(782,'Lore','Drama|Thriller|War'),(783,'Two Family House','Drama'),(784,'Craigs Wife','Drama'),(785,'Overnight Delivery','Comedy|Romance'),(786,'Cyborg 2: Glass Shadow','Action|Sci-Fi|Thriller'),(787,'Paradise Road','Drama|War'),(788,'Louie Bluie','Documentary'),(789,'Guarding Tess','Comedy|Drama'),(790,'Extracted','Drama|Sci-Fi'),(791,'Hobo with a Shotgun','Action|Adventure|Crime|Thriller'),(792,'Crazy/Beautiful','Drama|Romance'),(793,'Fog of War: Eleven Lessons from the Life of Robert S. McNamara, The','Documentary|War'),(794,'Unknown White Male','Documentary'),(795,'My Neighbors the Yamadas (Hôhokekyo tonari no Yamada-kun)','Animation|Comedy'),(796,'One Little Indian','Comedy|Western'),(797,'Bananaz','Documentary'),(798,'Hoot','Children|Comedy'),(799,'Internecine Project, The','Action|Thriller'),(800,'Love and Honor','Drama|Romance'),(801,'Offside','Comedy|Drama'),(802,'Yojimbo','Action|Adventure'),(803,'Lawless','Crime|Drama'),(804,'Distant Voices, Still Lives','Drama'),(805,'sea Wolf, The','Adventure|Drama'),(806,'sleeping Beauty','Animation|Children|Musical'),(807,'Arise, My Love','Comedy|Drama|Romance'),(808,'The Sea That Thinks','(no genres listed)'),(809,'Armed and Dangerous','Comedy|Crime'),(810,'Dust','Drama|Western'),(811,'Dont Look Back','Documentary|Musical'),(812,'Broken Trail','Action|Adventure|Crime|Drama|Western'),(813,'Beauty --2','Drama'),
(814,'Russian Specialist, The (Mechanik, The)','Action|Drama|Thriller'),(815,'Runaways, The','Drama|Musical'),(816,'Beatdown','Action|Crime|Thriller'),(817,'Phantom','Thriller'),(818,'We the Party','Comedy'),(819,'Wolfsburg','Drama'),(820,'Loves of a Blonde (Lásky jedné plavovlásky)','Comedy|Drama|Romance'),(821,'Amy','Comedy|Drama'),(822,'Alice in the Cities (Alice in den Stadten)','Drama'),(823,'Professional, The (Le professionnel)','Action|Drama|Thriller'),(824,'Dark Eyes (Oci ciornie)','Comedy|Drama|Romance'),(825,'Machete','Action|Adventure|Comedy|Crime|Thriller'),(826,'Killing Floor, The','Crime|Horror|Mystery'),(827,'Tough Guys','Comedy'),(828,'Our Daily Bread (Unser täglich Brot)','Documentary'),(829,'secret Life of Zoey, The','Drama'),(830,'Bachelor Mother','Comedy|Romance'),(831,'Her Masters Voice','Comedy|Documentary'),(832,'47  Ronin (Shijûshichinin no shikaku)','Action|Drama'),(833,'Lion King II: Simbas Pride, The','Adventure|Animation|Children|Musical|Romance'),(834,'Outside Man, The (Un homme est mort)','Action|Crime|Drama|Thriller'),(835,'Lavender Hill Mob, The','Comedy|Crime'),(836,'Mr. Thank You (Arigatô-san)','Drama'),(837,'Eclipse, The','Drama|Horror|Thriller'),(838,'Frozen','Drama'),(839,'Total Recall','Action|Adventure|Sci-Fi|Thriller'),(840,'Ballroom, The (Chega de Saudade)','Drama|Musical|Romance'),(841,'Jönssonligan på Mallorca','Comedy'),(842,'Ten Shrews, The (Kymmenen riivinrautaa)','Comedy'),(843,'spanish Apartment, The (Lauberge espagnole)','Comedy|Drama|Romance'),(844,'Hard Rain','Action|Crime|Thriller'),(845,'Lord of the Flies','Adventure|Drama|Thriller'),(846,'Christmas on Mars','sci-Fi'),(847,'Grandmas Boy','Action|Comedy|Romance'),(848,'Dances with Wolves','Adventure|Drama|Western'),(849,'Noel','Drama'),(850,'The Hound of the Baskervilles','Crime|Drama|Horror|Mystery'),(851,'Crocodile Hunter: Collision Course, The','Adventure|Comedy'),(852,'Griffin & Phoenix','Comedy|Drama|Romance'),(853,'Top Banana','Comedy|Musical|Romance'),(854,'Garlic Is As Good As Ten Mothers','(no genres listed)'),(855,'Two Times Lotte','Children|Comedy'),(856,'Third Wave, The (Tredje vågen, Den)','Action|Thriller'),(857,'What Fault Is It of Ours?','Comedy'),(858,'stacy','Comedy|Horror'),(859,'United States of Leland, The','Crime|Drama'),(860,'Requiem for a Vampire (Vierges et vampires)','Horror'),(861,'Just Like Us','Comedy|Documentary'),(862,'Tai Chi Zero','Action|Fantasy|Sci-Fi|IMAX'),(863,'Dabangg 2','Action|Comedy|Drama|Musical|Romance'),(864,'Wedding Planner, The','Comedy|Romance'),(865,'Libertine, The','Drama'),(866,'Havre, Le','Comedy|Drama'),(867,'Free Range (Ballaad maailma heakskiitmisest)','Drama'),(868,'Moonbase','sci-Fi'),(869,'Cold Trail (Köld slóð)','Drama|Mystery|Thriller'),(870,'TINY: A Story About Living Small','Documentary'),(871,'spider','Drama|Mystery'),(872,'Moon in the Gutter, The (La lune dans le caniveau)','Drama'),(873,'Daughters of Darkness (Les lèvres rouges)','Horror'),
(874,'Cinderella III: A Twist in Time','Animation|Children|Fantasy|Romance'),(875,'Under the Skin of the City (Zir-e-poost-e Shahr)','Drama'),(876,'Faithless (Trolösa)','Drama|Romance'),(877,'American Kickboxer 2 (American Kickboxer 2: To the Death)','Action'),(878,'Moloch (Molokh)','Drama'),(879,'Enforcer, The (Gei ba ba de xin)','Action'),(880,'Friday the 13th','Horror'),(881,'Last Unicorn, The','Animation|Children|Fantasy'),(882,'Martin Lawrence: You So Crazy','Comedy|Documentary'),(883,'Vigilante','Action|Crime|Drama'),(884,'A Home at the End of the World','Drama|Romance'),(885,'Better Housekeeping (a.k.a. Good Housekeeping)','Comedy|Drama'),(886,'Paradine Case, The','Drama'),(887,'Company Man','Comedy'),(888,'saving Silverman (Evil Woman)','Comedy|Romance'),(889,'Fatal Attraction','Drama|Thriller'),(890,'Perfume','Comedy|Drama'),(891,'Little Mermaid 2: Return to the Sea, The','Animation|Children|Fantasy|Musical'),(892,'Highlander: The Search for Vengeance','Action|Adventure|Fantasy'),(893,'Nordkraft','Crime|Drama|Romance'),(894,'smashing Pumpkins: Vieuphoria','Documentary|Musical'),(895,'Crying Out Love in the Center of the World (Sekai no chûshin de, ai o sakebu)','Drama|Romance'),(896,'Big Broadcast of 1938, The','Comedy|Musical|Romance'),(897,'Clown and the Kid, The','Drama'),(898,'Deep Red (Profondo rosso)','Horror|Mystery|Thriller'),(899,'Mission: Impossible - Ghost Protocol','Action|Adventure|Thriller|IMAX'),(900,'Offence, The','Crime|Drama|Mystery'),(901,'Just Like Heaven','Comedy|Fantasy|Romance'),(902,'Big City, The (Mahanagar)','Drama'),(903,'Limey, The','Crime|Drama|Thriller'),(904,'Who Killed Bambi? (Qui a tué Bambi?)','Drama|Thriller'),(905,'Big Hand for the Little Lady, A','Comedy|Drama|Western'),(906,'Battlestar Galactica','Drama|Sci-Fi|War'),(907,'Prom Night in Mississippi','Documentary'),(908,'Rowing with the Wind (Remando al viento)','Drama|Romance'),(909,'Lethal Weapon 2','Action|Comedy|Crime|Drama'),(910,'Oyster Farmer','Drama'),(911,'New York Stories','Comedy|Drama'),(912,'Mondays in the Sun (Lunes al sol, Los)','Drama'),(913,'Tyler Perrys The Family That Preys','Drama'),(914,'Liebelei','Romance'),(915,'It Had to Be You','Comedy|Romance'),(916,'AM1200','Horror'),(917,'sunset Park','Drama'),(918,'Aladin','Comedy|Fantasy|Musical|Romance'),(919,'Kickboxer 3: The Art of War (Kickboxer III: The Art of War)','Action|Thriller'),(920,'I Remember (Eu Me Lembro)','Drama'),(921,'Daughter of Dr. Jeckyll','Horror'),(922,'White Hunter, Black Heart','Adventure|Drama'),(923,'In Country','Drama'),(924,'Pursuit of Happyness, The','Drama'),(925,'Any Number Can Win (Mélodie en sous-sol )','Crime'),(926,'City of God (Cidade de Deus)','Action|Adventure|Crime|Drama|Thriller'),(927,'Macario','Drama|Fantasy|Mystery'),(928,'Vanquished, The (I vinti)','Drama'),(929,'Whatever','Drama'),(930,'Older Brother, Younger Sister (Ani imôto)','Drama'),(931,'Curb Dance','(no genres listed)'),
(932,'Everest','Documentary|IMAX'),(933,'Ms. 45 (a.k.a. Angel of Vengeance)','Crime|Drama'),(934,'Yes, Madam (a.k.a. Police Assassins) (a.k.a. In the Line of Duty 2) (Huang gu shi jie)','Action'),(935,'Nothing','Comedy|Fantasy|Mystery|Sci-Fi'),(936,'That Evening Sun','Drama'),(937,'Le crocodile du Botswanga','Comedy'),(938,'son of Paleface','Action|Comedy|Romance|Western'),
(939,'Offside','Comedy|Drama'),(940,'Common Threads: Stories from the Quilt','Documentary'),
(941,'Guilt Trip, The','Comedy'),(942,'Adams Apples (Adams æbler)','Comedy|Drama'),(943,'A Short History of Decay','Comedy'),(944,'Dont Go in the House','Horror'),(945,'Welcome Home, Roscoe Jenkins','Comedy'),(946,'Twogether','Comedy|Drama'),(947,'Tommy Boy','Comedy'),(948,'Beneath the Dark','Drama|Mystery|Thriller'),(949,'Lemonade Joe (Limonádový Joe aneb Konská opera)','Adventure|Comedy|Musical|Romance|Western'),(950,'Airspeed','Action|Adventure|Drama|Thriller'),(951,'Quiet American, The','Drama|Thriller|War'),(952,'Well Diggers Daughter, The (La fille du puisatier)','Comedy|Drama|Romance'),(953,'Lancelot of the Lake (Lancelot du Lac)','Drama|War'),(954,'Tiresia','Drama'),(955,'National Lampoons Van Wilder: The Rise of Taj','Comedy'),(956,'The Things of Life','Drama|Romance'),(957,'Horseman on the Roof, The (Hussard sur le toit, Le)','Drama|Romance'),(958,'Amityville 3-D','Horror'),(959,'Gothika','Horror|Thriller'),(960,'.45','Crime|Drama|Thriller'),(961,'Joy Luck Club, The','Drama|Romance'),(962,'Turning Tide (En solitaire)','Adventure|Drama'),(963,'Oceans Eleven (a.k.a. Oceans 11)','Comedy|Crime'),(964,'Prince & Me, The','Comedy|Romance'),(965,'Mayerling','Drama'),(966,'Dance, Girl, Dance','Comedy|Drama'),(967,'Encounter in the Third Dimension','IMAX'),(968,'sound City','Documentary'),(969,'Beetlejuice','Comedy|Fantasy'),(970,'Dirty Dancing','Drama|Musical|Romance'),(971,'Freedom','Drama'),(972,'Mandabi (The Money Order)','Drama'),(973,'Pilgrimage','Drama'),(974,'Reeker','Horror|Mystery'),(975,'Welcome to Woop-Woop','Comedy'),(976,'House','Comedy|Fantasy|Horror'),(977,'Golden Coach, The (Le carrosse dor)','Comedy|Drama|Romance'),(978,'The Arrival of Joachim Stiller','Drama|Fantasy'),(979,'Forgiveness of Blood, The (Falja e gjakut)','Drama'),(980,'Bank Job, The','Action|Crime|Thriller'),(981,'G.I. Jane','Action|Drama'),(982,'Tales from the Gimli Hospital','Fantasy|Horror'),(983,'Zombies of the Stratosphere','Adventure|Sci-Fi|Thriller'),(984,'Valley of the Dolls','Drama'),(985,'The Land Before Time VIII: The Big Freeze','Adventure|Animation|Children'),(986,'10th Kingdom, The','Adventure|Comedy|Fantasy'),(987,'Hated','Documentary'),(988,'Girl Model','Documentary'),(989,'Thr3e (Three)','Drama|Horror|Mystery|Thriller'),(990,'Lords of Dogtown','Action|Comedy|Drama'),
(991,'Magic Mike','Drama|Romance'),(992,'sometimes Happiness, Sometimes Sorrow (Kabhi Khushi Kabhie Gham)','Drama|Musical|Romance'),
(993,'In July (Im Juli)','Comedy|Romance'),(994,'Armour of God (Long xiong hu di)','Action|Adventure|Comedy'),(995,'How the Grinch Stole Christmas (a.k.a. The Grinch)','Children|Comedy|Fantasy'),(996,'Ivanhoe','Adventure|Drama|Romance'),(997,'Warped Ones, The (Kyonetsu no kisetsu)','Drama'),(998,'Despair','Drama|Fantasy')
,(999,'Tyler Perrys The Single Moms Club','Comedy|Drama'),(1000,'Desert Heat (Inferno)','Action');




DROP TABLE IF EXISTS [orders];

CREATE TABLE orders (
  [order_id] int NOT NULL ,
  [when] datetime2(0) DEFAULT NULL,
  [customer_id] int DEFAULT NULL,
  [employee_id] int DEFAULT NULL,
  [shipper_id] int DEFAULT NULL,
  PRIMARY KEY ([order_id])
)  ;




INSERT INTO orders VALUES (1,'2019-01-05 00:00:00',120,832,NULL),(2,'2019-01-05 00:00:00',802,514,NULL),(3,'2019-01-05 00:00:00',163,273,NULL),(4,'2019-01-05 00:00:00',872,546,NULL),(5,'2019-01-05 00:00:00',112,918,NULL),(6,'2019-01-05 00:00:00',258,534,NULL),(7,'2019-01-05 00:00:00',897,883,NULL),(8,'2019-01-05 00:00:00',725,972,NULL),(9,'2019-09-07 00:00:00',689,525,NULL),(10,'2019-09-01 00:00:00',560,225,1),(11,'2019-06-20 00:00:00',443,538,1),(12,'2019-02-02 00:00:00',362,194,1),(13,'2019-07-18 00:00:00',881,827,1),(14,'2019-06-11 00:00:00',490,967,1),(15,'2019-05-05 00:00:00',366,929,1),(16,'2019-06-04 00:00:00',549,953,1),(17,'2019-01-09 00:00:00',123,750,1),(18,'2019-04-05 00:00:00',384,667,1),(19,'2019-02-07 00:00:00',184,915,1),(20,'2013-09-23 00:00:00',119,NULL,1),(21,'2012-03-15 00:00:00',98,NULL,1),(22,'2019-05-27 00:00:00',845,NULL,1),(23,'2014-12-15 00:00:00',33,NULL,1),(24,'2016-10-26 00:00:00',530,NULL,1),(25,'2018-07-04 00:00:00',54,NULL,1),(26,'2019-05-04 00:00:00',397,NULL,1),(27,'2017-04-10 00:00:00',757,NULL,1),(28,'2018-11-23 00:00:00',439,NULL,1),(29,'2018-09-23 00:00:00',219,NULL,1),(30,'2016-06-04 00:00:00',431,NULL,1),(31,'2018-09-27 00:00:00',828,NULL,1),(32,'2013-10-25 00:00:00',NULL,207,1),(33,'2015-06-01 00:00:00',NULL,710,1),(34,'2016-06-17 00:00:00',NULL,663,1),(35,'2016-10-07 00:00:00',NULL,783,1),(36,'2013-12-19 00:00:00',NULL,703,1),(37,'2016-06-17 00:00:00',NULL,622,1),(38,'2014-02-03 00:00:00',NULL,286,1),(39,'2013-01-14 00:00:00',NULL,456,1),(40,'2018-09-22 00:00:00',NULL,57,1),(41,'2019-05-25 00:00:00',NULL,443,1),(42,'2016-08-06 00:00:00',NULL,238,1),(43,'2016-03-06 00:00:00',NULL,375,1),(44,'2014-06-10 00:00:00',NULL,230,1),(45,'2013-04-24 00:00:00',NULL,364,1),(46,'2014-05-23 00:00:00',NULL,126,1),(47,'2012-05-09 00:00:00',NULL,397,1),(48,'2012-06-24 00:00:00',NULL,886,3),(49,'2019-11-14 00:00:00',NULL,826,3),(50,'2018-04-24 00:00:00',NULL,638,3),(51,'2017-03-03 00:00:00',NULL,862,3),(52,'2011-09-07 00:00:00',NULL,119,3),(53,'2019-03-02 00:00:00',NULL,724,3),(54,'2016-06-18 00:00:00',NULL,772,3),(55,'2011-10-19 00:00:00',NULL,149,3),(56,'2017-03-16 00:00:00',NULL,343,3),(57,'2011-04-01 00:00:00',NULL,381,3),(58,'2019-02-01 00:00:00',NULL,743,3),(59,'2017-02-13 00:00:00',NULL,974,3),(60,'2016-10-02 00:00:00',NULL,970,3),(61,'2018-12-09 00:00:00',NULL,718,3),(62,'2017-05-21 00:00:00',NULL,610,3),(63,'2018-04-20 00:00:00',NULL,848,3),(64,'2012-02-26 00:00:00',NULL,NULL,3),(65,'2015-08-16 00:00:00',NULL,NULL,3),(66,'2019-02-12 00:00:00',NULL,NULL,3),(67,'2019-06-14 00:00:00',NULL,NULL,3),(68,'2013-10-27 00:00:00',NULL,NULL,3),(69,'2016-02-21 00:00:00',NULL,NULL,3),(70,'2015-10-13 00:00:00',NULL,NULL,3),(71,'2012-02-10 00:00:00',NULL,NULL,3),(72,'2013-06-08 00:00:00',NULL,NULL,3),(73,'2012-10-08 00:00:00',NULL,NULL,3),(74,'2012-11-21 00:00:00',NULL,NULL,3),(75,'2013-03-24 00:00:00',NULL,NULL,3),(76,'2018-06-19 00:00:00',NULL,NULL,3),(77,'2013-12-24 00:00:00',NULL,NULL,3),(78,'2016-05-02 00:00:00',NULL,NULL,3),(79,'2013-10-10 00:00:00',NULL,NULL,2),(80,'2013-06-08 00:00:00',NULL,NULL,2),(81,'2011-04-10 00:00:00',NULL,NULL,2),(82,'2019-08-27 00:00:00',NULL,NULL,2),(83,'2013-03-08 00:00:00',NULL,NULL,2),(84,'2017-10-22 00:00:00',NULL,NULL,2),(85,'2015-02-03 00:00:00',NULL,NULL,2),(86,'2012-04-23 00:00:00',NULL,NULL,1),(87,'2014-06-05 00:00:00',NULL,NULL,1),(88,'2014-06-25 00:00:00',NULL,NULL,1),(89,'2013-05-02 00:00:00',NULL,NULL,1),(90,'2013-01-12 00:00:00',NULL,NULL,1),(91,'2011-12-16 00:00:00',NULL,NULL,1),(92,'2011-05-22 00:00:00',NULL,NULL,1),(93,'2018-10-05 00:00:00',NULL,NULL,1),(94,'2016-07-23 00:00:00',NULL,NULL,1),(95,'2016-02-25 00:00:00',NULL,NULL,1),(96,'2013-08-07 00:00:00',NULL,NULL,1),(97,'2017-08-26 00:00:00',NULL,NULL,NULL),(98,'2019-06-18 00:00:00',NULL,NULL,NULL),(99,'2019-09-13 00:00:00',NULL,NULL,NULL),(100,'2013-12-23 00:00:00',NULL,NULL,NULL),(101,'2014-05-14 00:00:00',NULL,NULL,NULL),(102,'2016-04-16 00:00:00',NULL,NULL,NULL);


DROP TABLE IF EXISTS [people];

CREATE TABLE people (
  [person_id] int DEFAULT NULL,
  [first_name] varchar(500) DEFAULT NULL,
  [last_name] varchar(500) DEFAULT NULL,
  [email] varchar(500) DEFAULT NULL,
  [gender] varchar(500) DEFAULT NULL,
  [favorite_colour] varchar(500) DEFAULT NULL,
  [company_name] varchar(500) DEFAULT NULL,
  [job_title] varchar(500) DEFAULT NULL,
  [country] varchar(500) DEFAULT NULL,
  [city] varchar(500) DEFAULT NULL,
  [address] varchar(500) DEFAULT NULL,
  [phone] varchar(500) DEFAULT NULL,
  [avatar] varchar(500) DEFAULT NULL,
  [buzzword] varchar(500) DEFAULT NULL,
  [catch_phrase] varchar(500) DEFAULT NULL,
  [bank_balance] float DEFAULT NULL,
  [favorite_number] float DEFAULT NULL,
  [birth_date] datetime2(0) DEFAULT NULL
) ;


INSERT INTO people VALUES 
(1,'shela','stuehmeyer','sstuehmeyer0@usatoday.com','Female','Fuscia','Dabtype','Marketing Assistant','Canada','Parrsboro',
'3267 Kipling Place','142-927-3419','https://robohash.org/eosconsequaturnihil.png?size=50x50&set=set1','algorithm',
'Ameliorated system-worthy orchestration',350.5,327.796982,'1954-04-26 15:44:33')
,
(2,'Brit','Brownill','bbrownill1@jalbum.net','Female','Goldenrod','skinix','Data Coordiator','Canada','Niverville','22148 Northport Park'
,'788-634-5245','https://robohash.org/ducimusidplaceat.png?size=50x50&set=set1','Grass-roots','Profound 6th generation forecast'
,866.76,847.411746,'2009-11-12 00:57:19'),(3,'Elvyn','Barnbrook','ebarnbrook2@amazon.com','Male','Blue','skyvu','systems Administrator II',
'Canada','saint-Jérôme','4 Anniversary Terrace','915-423-1555','https://robohash.org/consecteturdictaqui.png?size=50x50&set=set1'
,'Enterprise-wide','Re-contextualized radical hub',1281.3,250.667836,'1941-01-16 14:41:22'),
(4,'Antonina','Grigorushkin','agrigorushkin3@homestead.com','Female','Pink','Dabjam','Office Assistant IV','Canada','Marathon',
'86540 Derek Center','832-690-2694','https://robohash.org/oditvoluptatemqui.png?size=50x50&set=set1','holistic',
'Ergonomic logistical archive',1805.22,713.10394,'2005-04-18 07:43:18'),(5,'susanne','Berston','sberston4@people.com.cn','Female','Orange',
'Livetube','Geologist I','Canada','Baie-Saint-Paul','80 Memorial Terrace','640-986-9447',
'https://robohash.org/eligendiearumeius.png?size=50x50&set=set1','24/7',
'Virtual background database',1180.21,811.516235,'1958-01-08 03:40:51'),
(6,'Flory','Tierny','ftierny5@163.com','Female','Crimson','Gigashots','Desktop Support Technician','Canada',
'Logan Lake','7 Redwing Road','662-115-1899','https://robohash.org/facerenihilrerum.png?size=50x50&set=set1','optimal',
'Pre-emptive actuating emulation',485.37,917.269385,'1988-11-19 04:22:45'),(7,'Dillie','Orkney','dorkney6@wikipedia.org',
'Male','Yellow','Dazzlesphere','Accounting Assistant II','Canada','Burns Lake','20695 Nevada Hill','664-107-7949',
'https://robohash.org/aliquamutunde.png?size=50x50&set=set1','Horizontal','Mandatory client-driven protocol'
,887.2,149.79826,'1940-01-13 19:59:35'),(8,'Kipp','Gatecliffe','kgatecliffe7@dedecms.com','Male','Goldenrod',
'Chatterpoint','General Manager','Canada','sainte-Adèle','9371 Pennsylvania Center','892-569-8530',
'https://robohash.org/doloribuscommodiqui.png?size=50x50&set=set1','upward-trending','Exclusive well-modulated open system',
978.9,1000.183138,'1948-03-09 23:58:07'),(9,'Lilli','Daniau','ldaniau8@yellowpages.com','Female','Goldenrod','Zava','Associate Professor',
'Canada','Donnacona','29 Mariners Cove Terrace','556-443-3195','https://robohash.org/exercitationemnihilquia.png?size=50x50&set=set1',
'Quality-focused','Up-sized eco-centric protocol',231.88,547.520968,'1905-07-05 21:00:13'),(10,'Doyle','Hartigan','dhartigan9@soup.io'
,'Male','Teal','Voonder','social Worker','Canada','Lanigan','4 Stang Center','744-968-2494',
'https://robohash.org/dictanecessitatibuslaboriosam.png?size=50x50&set=set1','conglomeration',
'Multi-channelled stable function',223.71,738.05544,'2012-08-26 18:15:10'),(11,'Erich','Ferrarin',
'eferrarina@boston.com','Male','Orange','Realbuzz','Professor','Canada','Princeton','5917 Briar Crest Road',
'772-325-1587','https://robohash.org/doloresaliaseius.png?size=50x50&set=set1','forecast','Exclusive exuding info-mediaries',
422.87,45.714333,'1986-05-31 13:23:35'),(12,'Trev','Lowrie','tlowrieb@dagondesign.com','Male','Crimson','Leenti','Engineer IV',
'Canada','Watrous','9681 Buena Vista Trail','747-814-6176','https://robohash.org/evenietfugiatsed.png?size=50x50&set=set1','middleware',
'Cross-group motivating moderator',1443.22,16.405349,'1993-10-10 21:20:53'),(13,'Karel','Hamsley','khamsleyc@gnu.org','Female',
'Goldenrod','Leenti','Legal Assistant','Canada','Malartic','5230 New Castle Circle','684-810-1670'
,'https://robohash.org/quiauttotam.png?size=50x50&set=set1','task-force','Polarised 6th generation moderator',
1945.52,945.883755,'1994-04-25 03:42:03'),
(14,'Marney','Bennit','mbennitd@myspace.com','Female','Maroon','Izio','Technical Writer','Canada','La Ronge','0 Sloan Crossing',
'716-804-5211','https://robohash.org/quiaaccusantiumveritatis.png?size=50x50&set=set1','Assimilated','Upgradable holistic internet solution'
,1395.92,676.202787,'1974-11-29 11:36:02'),(15,'Zollie','Borth','zborthe@dot.gov','Male','Yellow','Bubblemix','Technical Writer'
,'Canada','La Sarre','030 Portage Trail','565-732-7136','https://robohash.org/sitfacereet.png?size=50x50&set=set1','empowering',
'Multi-channelled intermediate concept',1143.05,543.362693,'1991-04-15 08:02:28'),(16,'Kalli','Domelaw','kdomelawf@amazon.de',
'Female','Maroon','Feednation','Associate Professor','Canada','Donnacona','9 Bowman Alley','701-795-3078',
'https://robohash.org/consequaturvelearum.png?size=50x50&set=set1','approach','Enterprise-wide foreground neural-net',1527.48,688.205123,
'1901-05-15 14:32:36'),(17,'Matilde','Boanas','mboanasg@angelfire.com','Female','Mauv','Meemm','Pharmacist','Canada','Airdrie','9 Sachs Trail'
,'372-316-7174','https://robohash.org/quibusdamfugiateum.png?size=50x50&set=set1','Virtual','Future-proofed uniform parallelism',
206.27,809.937569,'1977-08-28 09:44:00'),(18,'Ramsey','aManger','ramangerh@edublogs.org','Male','Mauv','JumpXS','Administrative Assistant III',
'Canada','Torbay','398 Saint Paul Avenue','100-421-7140','https://robohash.org/quibusdamcorporisautem.png?size=50x50&set=set1','Robust',
'Cross-group disintermediate utilisation',450.85,984.072507,'1938-11-07 14:10:40'),(19,'Gayel','Trillo','gtrilloi@shutterfly.com','Female',
'Violet','Devshare','Biostatistician IV','Canada','Oxbow','7 Hooker Place','721-559-9635',
'https://robohash.org/possimusvoluptatumnam.png?size=50x50&set=set1','Proactive','Persistent bi-directional projection',1635.45,488.549867,
'1975-12-15 02:49:43'),(20,'Merilee','Arbuckle','marbucklej@twitter.com','Female','Red','Tagcat','Chief Design Engineer','Canada',
'Mont-Laurier','94203 Messerschmidt Street','695-931-4307','https://robohash.org/quiaeaaut.png?size=50x50&set=set1','Open-source','Persistent 24 hour standardization',821.71,491.531826,'1932-11-20 04:45:00'),(21,'Ulberto','Leaver','uleaverk@toplist.cz','Male','Pink','Yoveo','Recruiter','Canada','Merritt','31 Lotheville Street','387-196-9229','https://robohash.org/delenitimolestiaeodio.png?size=50x50&set=set1','Multi-layered','Customizable cohesive instruction set',1203.18,992.009548,'1951-03-31 00:24:17'),(22,'Pier','Rodge','prodgel@flickr.com','Female','Red','Izio','Marketing Manager','Canada','Woodstock','6371 Division Place','124-407-6411','https://robohash.org/sedmolestiaenihil.png?size=50x50&set=set1','projection','Organized holistic hardware',1549.79,482.452312,'1942-03-25 20:54:50')
,(23,'Jane','Jeffery','jjefferym@hc360.com','Female','Pink','Vitz','software Engineer II','Canada','Prince Rupert','2203 Holmberg Circle','729-465-9552','https://robohash.org/quiaeiusquod.png?size=50x50&set=set1','interface','Public-key client-server moratorium',137.4,437.232929,'1957-02-02 16:29:42'),(24,'Maximilien','Dominicacci','mdominicaccin@geocities.com','Male','Pink','Tagopia','Physical Therapy Assistant','Canada','Arnprior','37 Chive Plaza','979-951-8846','https://robohash.org/doloribusestitaque.png?size=50x50&set=set1','24 hour','Open-architected grid-enabled Graphical User Interface',39.59,738.807729,'1943-06-09 04:52:26'),(25,'Annabella','Northern','anortherno@instagram.com','Female','Red','Browsebug','senior Developer','Canada','Thompson','50006 Schlimgen Hill','913-788-4447',
'https://robohash.org/nonverofacilis.png?size=50x50&set=set1','optimizing','Right-sized 24 hour structure',1786.74,380.3399,'1945-07-30 08:01:28'),(26,'Milena','Jessard','mjessardp@scribd.com','Female','Aquamarine','Vinte','Budget/Accounting Analyst I','Canada','Arnprior','51 Pankratz Place','143-166-7791','https://robohash.org/ametfugitvel.png?size=50x50&set=set1','Pre-emptive','Multi-tiered well-modulated product',810.97,686.276323,'1997-04-01 10:38:26'),(27,'Kinnie','Tirkin','ktirkinq@omniture.com','Male','Yellow','Dabtype','Payment Adjustment Coordinator','Canada','Oshawa','5 Ramsey Park','876-646-1348','https://robohash.org/corporislaboriosamquia.png?size=50x50&set=set1','knowledge base','Profit-focused zero tolerance open architecture',695.6,288.361954,'1904-03-10 14:16:11'),(28,'Tripp','Braganca','tbragancar@umich.edu','Male','Green','Fanoodle','Web Designer II','Canada','Torbay','6 Longview Parkway','971-146-2718','https://robohash.org/dolorlaborequia.png?size=50x50&set=set1','parallelism','switchable disintermediate frame',1045.07,383.980815,'1973-11-13 00:34:05'),(29,'Romona','Nucci','rnuccis@tinypic.com','Female','Goldenrod','Chatterpoint','Analyst Programmer','Canada','Moose Jaw','40475 Mayfield Hill','826-875-0334','https://robohash.org/voluptatemmaioresaut.png?size=50x50&set=set1','optimizing','Optional logistical functionalities',1137.55,53.818241,'1911-06-10 17:10:14'),(30,'Harlie','Dancer','hdancert@unc.edu','Female','Fuscia','Fivebridge','Account Representative I','Canada','Fermont','9 Bonner Alley','594-284-5553','https://robohash.org/deseruntpraesentiumofficia.png?size=50x50&set=set1','Ergonomic','Cross-platform cohesive moderator',551.54,118.148772,'1965-04-07 21:17:22'),(31,'Garth','Bradder','gbradderu@simplemachines.org','Male','Khaki','Twimm','senior Editor','Canada','Mont-Saint-Hilaire','48 Hoepker Crossing','946-576-2831','https://robohash.org/advoluptatemsoluta.png?size=50x50&set=set1','infrastructure','Triple-buffered multi-tasking system engine',1346.03,429.289158,'1961-09-08 16:04:32'),(32,'Caresa','McCard','cmccardv@flavors.me','Female','Green','Quinu','structural Engineer','Canada','Fort Erie','4334 Coolidge Court','519-714-5843','https://robohash.org/velsedut.png?size=50x50&set=set1','regional','Re-engineered exuding synergy',1073.54,790.999505,'2012-04-23 01:38:57'),(33,'Rice','Bonifazio','rbonifaziow@amazon.com','Male','Maroon','Livefish','Database Administrator III','Canada','Inuvik','687 Michigan Pass','275-268-6883','https://robohash.org/voluptatemcumquein.png?size=50x50&set=set1','hardware','synchronised web-enabled migration',1329.62,665.130094,'1931-02-27 17:09:38'),(34,'Albert','Winfield','awinfieldx@nasa.gov','Male','Maroon','Kaymbo','Help Desk Operator','Canada','Morden','29 Merchant Trail','686-991-5045','https://robohash.org/solutadolorescorporis.png?size=50x50&set=set1','standardization','Configurable background Graphic Interface',1426.45,952.651972,'1948-07-12 17:59:41'),(35,'sandie','Heald','shealdy@bbb.org','Female','Aquamarine','Yambee','software Consultant','Canada','La Ronge','5442 Moland Way','760-332-9114','https://robohash.org/natusfugitquod.png?size=50x50&set=set1','context-sensitive','Up-sized asynchronous function',1142.39,765.869619,'1933-11-05 23:37:57'),(36,'Eugine','Battram','ebattramz@loc.gov','Female','Purple','Mydeo','Graphic Designer','Canada','sainte-Agathe-des-Monts','66223 Clove Alley','978-163-4780','https://robohash.org/doloremvelquis.png?size=50x50&set=set1','array','Quality-focused 4th generation methodology',1432.59,971.392202,'1923-04-27 01:19:07'),(37,'Marchall','Butterfint','mbutterfint10@shop-pro.jp','Male','Maroon','Yabox','Community Outreach Specialist','Canada','Burns Lake','77465 Rutledge Avenue','937-607-8018','https://robohash.org/doloresquodprovident.png?size=50x50&set=set1','product','Realigned well-modulated open architecture',1734.77,557.352193,'1914-09-19 16:50:10'),(38,'Maggi','Gronaller','mgronaller11@go.com','Female','Indigo','Browsedrive','Account Coordinator','Canada','Innisfil','220 Havey Way','429-451-5909','https://robohash.org/reiciendisestin.png?size=50x50&set=set1','impactful','Optional content-based approach',374.09,873.584368,'1903-04-21 17:21:53'),(39,'Vitoria','Roderham','vroderham12@chronoengine.com','Female','Khaki','Livepath','Budget/Accounting Analyst III','Canada','Airdrie','09538 Sugar Court','321-877-3946','https://robohash.org/dolordoloremquererum.png?size=50x50&set=set1','portal','secured 3rd generation superstructure',668.1,693.865301,'1987-01-12 21:27:22'),(40,'Jameson','Abbado','jabbado13@nyu.edu','Male','Turquoise','Meeveo','Accountant III','Canada','Laval','3459 Havey Court','520-749-4239','https://robohash.org/cumestut.png?size=50x50&set=set1','time-frame','Proactive value-added concept',217.24,848.573423,'1979-12-06 16:19:33'),(41,'Egbert','Faltin','efaltin14@google.de','Male','Orange','Voonyx','Office Assistant II','Canada','Innisfil','5514 Waywood Pass','471-102-3175','https://robohash.org/dolorillosunt.png?size=50x50&set=set1','bandwidth-monitored','Ameliorated local archive',1082.89,159.271253,'1923-03-24 02:24:06'),(42,'Gabie','Bullas','gbullas15@eepurl.com','Male','Aquamarine','Aimbu','safety Technician II','Canada','Omemee','2064 Burrows Lane','909-232-8623','https://robohash.org/dolorempossimusaliquid.png?size=50x50&set=set1','open system','Balanced analyzing open architecture',760.72,252.635996,'2005-12-31 20:10:15'),(43,'Koo','shewon','kshewon16@dailymotion.com','Female','Blue','Realpoint','Programmer Analyst III','Canada','Mattawa','16003 Browning Way','992-662-8647','https://robohash.org/exercitationemrepudiandaeconsequuntur.png?size=50x50&set=set1','ability','Persevering incremental protocol',554.94,785.366242,'2015-01-02 06:47:21'),(44,'Kory','Radborn','kradborn17@cpanel.net','Male','Pink','Quinu','Office Assistant III','Canada','Delson','1641 Mesta Crossing','732-157-9495','https://robohash.org/natusomnispossimus.png?size=50x50&set=set1','mission-critical','Adaptive eco-centric secured line',492.52,165.923273,'1926-09-10 06:34:27'),(45,'Prudence','Bloxham','pbloxham18@digg.com','Female','Green','Buzzdog','Geologist IV','Canada','Côte-Saint-Luc','91071 Claremont Street','302-222-4191','https://robohash.org/itaqueidiusto.png?size=50x50&set=set1','support','Optimized maximized info-mediaries',797.78,475.51764,'1918-02-10 21:38:35'),(46,'Brittney','Tyhurst','btyhurst19@eepurl.com','Female','Green','skyble','Research Nurse','Canada','Cabano','834 Cottonwood Drive','580-370-8604','https://robohash.org/autiustoofficiis.png?size=50x50&set=set1','matrices','Assimilated zero tolerance function',510.35,878.818412,'1910-02-28 01:38:01'),(47,'Fitz','Foskew','ffoskew1a@zimbio.com','Male','Pink','Youopia','Graphic Designer','Canada','Gibsons','4 Buena Vista Street','748-390-1177','https://robohash.org/perferendissintaperiam.png?size=50x50&set=set1','software','Front-line reciprocal methodology',158.37,965.53918,'2011-02-17 00:22:42'),(48,'Tony','Draayer','tdraayer1b@netvibes.com','Male','Crimson','Twinder','structural Analysis Engineer','Canada','Hope','6814 Welch Street','616-360-3876','https://robohash.org/fugiatmagnamest.png?size=50x50&set=set1','Robust','Optimized full-range functionalities',1261.8,189.240706,'1964-11-04 06:07:55'),(49,'Craig','Jedryka','cjedryka1c@mapy.cz','Male','Turquoise','Minyx','Clinical Specialist','Canada','Winnipeg','005 Redwing Crossing','263-725-0057','https://robohash.org/quisfugitsed.png?size=50x50&set=set1','Versatile','streamlined logistical implementation',1831.9,51.585989,'2005-07-01 14:39:53'),(50,'Jerald','Dunbar','jdunbar1d@cornell.edu','Male','Aquamarine','Kare','Budget/Accounting Analyst III','Canada','Unity','96141 Summit Drive','379-410-1129','https://robohash.org/laborumvoluptateet.png?size=50x50&set=set1','directional','Advanced demand-driven hub',1372.13,691.207839,'2002-08-21 16:04:06'),(51,'Dacie','Defty','ddefty1e@howstuffworks.com','Female','Puce','Babblestorm','Assistant Professor','Canada','Oliver','9 Spohn Place','592-632-6102','https://robohash.org/quiapossimuscumque.png?size=50x50&set=set1','capacity','Inverse local structure',1364.91,298.281277,'1981-05-13 21:29:16'),(52,'Linette','Hurler','lhurler1f@google.com.hk','Female','Puce','Voonder','Data Coordiator','Canada','smoky Lake','97959 Raven Way','140-908-4510','https://robohash.org/providentullamut.png?size=50x50&set=set1','systematic','Ameliorated well-modulated hierarchy',707.15,418.782878,'1998-08-01 20:22:28'),(53,'Jabez','Privost','jprivost1g@tuttocitta.it','Male','Blue','Meemm','senior Editor','Canada','Adstock','46025 Hollow Ridge Junction','863-517-1623','https://robohash.org/cumquieveniet.png?size=50x50&set=set1','6th generation','Customizable client-server architecture',1442.03,198.07059,'1918-06-30 22:32:57'),(54,'Carmel','Toffaloni','ctoffaloni1h@nps.gov','Female','Violet','Jazzy','Professor','Canada','Melfort','413 Forest Way','233-391-8209','https://robohash.org/autemtemporadistinctio.png?size=50x50&set=set1','infrastructure','Multi-layered mission-critical groupware',1086.7,735.004329,'1926-05-25 12:45:47'),(55,'Red','Monkley','rmonkley1i@free.fr','Male','Turquoise','Meeveo','speech Pathologist','Canada','Langenburg','85 Del Sol Crossing','221-759-3574','https://robohash.org/situtqui.png?size=50x50&set=set1','Managed','Progressive foreground middleware',1107.41,77.809925,'1976-03-01 05:18:29'),(56,'Alexa','Goulthorp','agoulthorp1j@spotify.com','Female','Blue','Oyope','Analog Circuit Design manager','Canada','Minnedosa','54 Dorton Crossing','234-751-0842','https://robohash.org/eteumquam.png?size=50x50&set=set1','De-engineered','Progressive coherent synergy',275.92,186.03664,'1971-04-22 21:23:27'),(57,'Natale','Carnalan','ncarnalan1k@nature.com','Male','Teal','Twitterbeat','Office Assistant IV','Canada','sainte-Thérèse','99 Stuart Alley','904-727-5605','https://robohash.org/undequosmaiores.png?size=50x50&set=set1','directional','Reduced client-driven orchestration',58.38,696.753447,'1912-09-17 04:10:14'),(58,'Hermy','Kerrich','hkerrich1l@sfgate.com','Male','Teal','Jamia','Web Developer II','Canada','Les Cèdres','5718 Pond Pass','233-268-8489','https://robohash.org/noneosquia.png?size=50x50&set=set1','Profound','Networked fault-tolerant focus group',1465.12,923.657354,'1979-04-22 13:49:15'),(59,'Haydon','Couling','hcouling1m@eventbrite.com','Male','Orange','Voonder','Cost Accountant','Canada','Middleton','1 Grover Alley','381-903-1407','https://robohash.org/quoreprehenderitassumenda.png?size=50x50&set=set1','synergy','Open-source foreground local area network',1147.49,526.026468,'1913-01-25 17:43:59'),(60,'Guthrey','Offa','goffa1n@dell.com','Male','Purple','Yakijo','Community Outreach Specialist','Canada','Melville','85 Glacier Hill Terrace','348-949-9040','https://robohash.org/consequaturdignissimosquidem.png?size=50x50&set=set1','multi-state','Team-oriented responsive help-desk',1342.05,860.160289,'1957-02-04 08:20:32'),(61,'sara-ann','seleway','sseleway1o@indiegogo.com','Female','Orange','Topiczoom','VP Product Management','Canada','Harrison Brook','0918 Namekagon Center','216-144-2519','https://robohash.org/ipsumtemporibusomnis.png?size=50x50&set=set1','portal','Team-oriented 4th generation neural-net',1266.8,720.722083,'1915-12-11 21:39:08'),(62,'Claudell','Paulus','cpaulus1p@nsw.gov.au','Male','Crimson','skyvu','Quality Control Specialist','Canada','Torbay','36261 Harbort Crossing','216-644-0190','https://robohash.org/ametdictaaut.png?size=50x50&set=set1','Diverse','Managed non-volatile orchestration',306.85,22.129579,'1923-02-07 20:22:31'),(63,'Marie-ann','Bartolomeoni','mbartolomeoni1q@amazonaws.com','Female','Mauv','Wikibox','Chemical Engineer','Canada','Inuvik','1077 Waxwing Parkway','517-784-4256','https://robohash.org/idanimiiste.png?size=50x50&set=set1','array','Optimized mobile Graphic Interface',1735.83,951.481635,'1967-05-10 22:03:35'),(64,'Raeann','Lynd','rlynd1r@loc.gov','Female','Green','Jetwire','VP Quality Control','Canada','Brant','6872 Bunker Hill Street','921-712-6368','https://robohash.org/estquiased.png?size=50x50&set=set1','forecast','Networked 5th generation software',1755.6,687.019501,'1937-02-21 10:18:46'),(65,'sandie','Harrington','sharrington1s@amazon.co.uk','Female','Fuscia','Roomm','Associate Professor','Canada','Thorold','204 Parkside Alley','164-395-3492','https://robohash.org/quaeratvelitperferendis.png?size=50x50&set=set1','system-worthy','Multi-layered maximized policy',1569.53,580.652618,'1998-04-24 18:31:30'),(66,'Gavin','st. Clair','gstclair1t@twitpic.com','Male','Puce','Edgeclub','Programmer Analyst IV','Canada','stonewall','6 Bunker Hill Lane','865-269-8899','https://robohash.org/deseruntnequeincidunt.png?size=50x50&set=set1','Monitored','Enhanced transitional productivity',579.86,842.204609,'1934-10-23 22:49:39'),(67,'Matias','Carruthers','mcarruthers1u@ow.ly','Male','Yellow','Dynava','Database Administrator III','Canada','Miramichi','07836 Prairie Rose Street','566-389-1536','https://robohash.org/recusandaedoloresdoloremque.png?size=50x50&set=set1','orchestration','Business-focused encompassing leverage',191.67,467.065233,'2008-10-13 19:42:11'),(68,'Farrah','Patnelli','fpatnelli1v@dropbox.com','Female','Maroon','Blogtags','safety Technician II','Canada','Dorchester','28831 Darwin Drive','170-558-8792','https://robohash.org/nonrepudiandaeest.png?size=50x50&set=set1','static','Pre-emptive bottom-line protocol',1219.74,809.71235,'1994-03-02 15:10:20'),(69,'Madelle','Norsworthy','mnorsworthy1w@columbia.edu','Female','Aquamarine','Thoughtstorm','Database Administrator II','Canada','Martensville','570 Trailsway Court','434-251-5112','https://robohash.org/accusantiumdolorexcepturi.png?size=50x50&set=set1','leverage','Re-contextualized mobile firmware',1521.71,645.366089,'1929-02-25 01:53:33'),(70,'Lacy','Alty','lalty1x@freewebs.com','Female','Teal','Viva','senior Quality Engineer','Canada','stratford','3 Superior Place','609-970-5914','https://robohash.org/culpaplaceatfacilis.png?size=50x50&set=set1','scalable','Organic secondary monitoring',1948.33,797.693418,'1992-12-04 21:05:11'),(71,'Frieda','Roantree','froantree1y@cocolog-nifty.com','Female','Aquamarine','Podcat','senior Developer','Canada','Lavaltrie','9107 Lindbergh Avenue','863-732-3396','https://robohash.org/adipisciquisofficia.png?size=50x50&set=set1','User-centric','Programmable static encoding',1174.51,50.368861,'1931-11-09 12:53:39'),(72,'Ursulina','Kerry','ukerry1z@topsy.com','Female','Mauv','Oozz','Geological Engineer','Canada','Clarence-Rockland','8554 Eagan Terrace','704-455-8618','https://robohash.org/autlaudantiumquisquam.png?size=50x50&set=set1','Integrated','Re-contextualized tertiary function',27.57,861.764042,'2010-03-01 10:21:09'),(73,'Cherin','Donovan','cdonovan20@wp.com','Female','Teal','Viva','Engineer I','Canada','Clarence-Rockland','360 Oak Valley Hill','811-287-7491','https://robohash.org/nihildolorquas.png?size=50x50&set=set1','collaboration','Configurable system-worthy software',616.3,153.713687,'2009-12-04 22:13:12'),(74,'Giustina','Goadby','ggoadby21@about.me','Female','Maroon','Omba','VP Product Management','Canada','saint-Eustache','89 Loomis Park','580-558-7821','https://robohash.org/minimaexest.png?size=50x50&set=set1','zero administration','Persistent systematic initiative',997.76,185.276313,'2003-10-25 17:10:58'),(75,'Roxi','Callard','rcallard22@mediafire.com','Female','Khaki','Eazzy','Recruiter','Canada','La Ronge','74353 Knutson Hill','614-112-0671','https://robohash.org/autemdolorereiciendis.png?size=50x50&set=set1','Persevering','Horizontal 24 hour local area network',1138.91,465.240523,'1973-12-20 04:23:41'),(76,'Brandtr','stapleford','bstapleford23@sourceforge.net','Male','Green','skinte','Business Systems Development Analyst','Canada','Coaticook','3245 Holy Cross Park','887-733-2078','https://robohash.org/suntlaboriosamnobis.png?size=50x50&set=set1','clear-thinking','Proactive holistic capacity',700.29,769.373705,'1958-01-25 03:33:56'),(77,'Cori','Broomhall','cbroomhall24@feedburner.com','Female','Puce','Gigabox','Human Resources Manager','Canada','Greater Napanee','85222 Prairie Rose Park','879-996-5618','https://robohash.org/fugitfugiatharum.png?size=50x50&set=set1','installation','Versatile uniform flexibility',84.69,449.147,'1968-02-06 13:47:02'),(78,'Fair','Pryell','fpryell25@narod.ru','Male','Purple','Twitterlist','Research Assistant IV','Canada','Norfolk County','974 Lotheville Way','177-901-2255','https://robohash.org/officialaudantiumid.png?size=50x50&set=set1','flexibility','Reactive transitional portal',323.57,938.613892,'1950-12-20 19:21:46'),(79,'Jordanna','Tungate','jtungate26@youtube.com','Female','Turquoise','Muxo','Office Assistant I','Canada','Jasper Park Lodge','05201 3rd Plaza','430-894-2100','https://robohash.org/culpavoluptatemconsequuntur.png?size=50x50&set=set1','emulation','Implemented tangible intranet',1363.78,342.628514,'1950-03-21 16:36:08'),(80,'Reagan','Kindleysides','rkindleysides27@squidoo.com','Male','Puce','shuffletag','VP Marketing','Canada','Raymond','05656 Calypso Center','554-649-7453','https://robohash.org/doloribusnobisaccusamus.png?size=50x50&set=set1','matrix','Intuitive logistical benchmark'
,1846.19,899.300893,'1997-11-09 10:03:50'),(81,'Onfre','Doodson','odoodson28@desdev.cn','Male','Yellow','Topiclounge','Human Resources Assistant I','Canada','Hope','21 Colorado Drive','709-710-3136','https://robohash.org/cupiditatevoluptatemenim.png?size=50x50&set=set1','regional','Profound static frame',1137.63,465.618975,'2008-04-20 09:39:10'),(82,'Enrichetta','Horsefield','ehorsefield29@sitemeter.com','Female','Indigo','Camimbo','Editor','Canada','Beloeil','33529 Northwestern Hill','376-355-0505','https://robohash.org/voluptatibusquiavitae.png?size=50x50&set=set1','complexity','synergistic 6th generation concept',149.56,631.192205,'1917-08-12 03:12:45'),(83,'Edmon','Tomaszek','etomaszek2a@flavors.me','Male','Blue','Topiclounge','Paralegal','Canada','Assiniboia','97049 Independence Avenue','512-181-5312','https://robohash.org/omnislaboriosamet.png?size=50x50&set=set1','multimedia','Polarised cohesive infrastructure',1336.87,758.104134,'2007-10-27 20:14:42'),(84,'Kinnie','Milroy','kmilroy2b@uiuc.edu','Male','Mauv','Edgeblab','Geological Engineer','Canada','Fox Creek','969 Schlimgen Terrace','734-443-4859','https://robohash.org/autemquiarerum.png?size=50x50&set=set1','Inverse','Persevering next generation customer loyalty',232.68,895.944083,'1925-12-12 04:43:38'),(85,'Fernanda','Joskowicz','fjoskowicz2c@buzzfeed.com','Female','Goldenrod','Linktype','Programmer II','Canada','Concord','0410 Bowman Hill','800-686-8988','https://robohash.org/culpaetrerum.png?size=50x50&set=set1','methodical','secured web-enabled interface',1154.78,203.408053,'1935-12-08 20:02:31'),(86,'Gwenette','Terzza','gterzza2d@amazon.de','Female','Turquoise','Fanoodle','safety Technician II','Canada','Trail','095 Village Green Court','124-434-9726','https://robohash.org/aperiamatdoloribus.png?size=50x50&set=set1','orchestration','Diverse hybrid knowledge user',1073.88,331.20802,'2001-07-05 23:10:03'),(87,'Charmain','silson','csilson2e@ocn.ne.jp','Female','Purple','Browsezoom','Clinical Specialist','Canada','North Perth','9 Hudson Parkway','710-211-6562','https://robohash.org/minimalaboriosamut.png?size=50x50&set=set1','needs-based','synergistic grid-enabled migration',1905.05,44.815969,'1954-06-03 16:51:10'),(88,'Vittorio','Greenshields','vgreenshields2f@pen.io','Male','Violet','Kimia','staff Accountant I','Canada','Roberval','2 Laurel Road','949-452-2211','https://robohash.org/harumdoloremexcepturi.png?size=50x50&set=set1','Reduced','Assimilated bifurcated collaboration',300.63,231.455795,'1982-03-30 23:54:05'),(89,'Anders','Drewes','adrewes2g@merriam-webster.com','Male','Goldenrod','Voonder','senior Quality Engineer','Canada','Maple Creek','39203 Briar Crest Way','831-523-3178','https://robohash.org/quioptioconsectetur.png?size=50x50&set=set1','open system','Function-based contextually-based internet solution',1790.97,21.831102,'1917-08-19 06:05:21'),
(90,'Rozina','Westmacott','rwestmacott2h@de.vu','Female','Crimson','Twimm','Nurse','Canada','stonewall','30426 Troy Trail','169-737-4178','https://robohash.org/porroquisquamnon.png?size=50x50&set=set1','Virtual','Organic explicit encoding',48.96,415.788133,'1971-02-03 15:52:53'),(91,'Carlo','Wethered','cwethered2i@creativecommons.org','Male','Fuscia','InnoZ','GIS Technical Architect','Canada','Dorchester','85375 Dovetail Road','305-956-8292','https://robohash.org/istelaborumrepellendus.png?size=50x50&set=set1','focus group','stand-alone fresh-thinking standardization',874.88,11.447403,'1972-03-28 22:16:47'),(92,'Theda','Tapton','ttapton2j@ebay.co.uk','Female','Orange','Centimia','Help Desk Operator','Canada','Markham','94 Claremont Crossing','137-196-1013','https://robohash.org/quinihilquis.png?size=50x50&set=set1','function','Face to face exuding open architecture',225.5,811.872613,'1932-08-06 00:53:40'),(93,'Aaren','Tenny','atenny2k@ihg.com','Female','Green','Dabshots','Pharmacist','Canada','Mont-Joli','1552 Old Shore Point','698-736-1486','https://robohash.org/natusoccaecativoluptates.png?size=50x50&set=set1','Multi-tiered','Configurable coherent success',503.85,21.020919,'1960-12-05 18:46:26'),(94,'sallee','Austick','saustick2l@ft.com','Female','Goldenrod','Eabox','Pharmacist','Canada','Vaudreuil-Dorion','5 Texas Lane','452-590-6437','https://robohash.org/etquiautem.png?size=50x50&set=set1','executive','Profound dedicated task-force',1842.72,672.486747,'1991-07-14 04:19:34'),(95,'sarette','Flecknell','sflecknell2m@virginia.edu','Female','Puce','Twitterbeat','software Test Engineer II','Canada','Fox Creek','9 Monica Trail','377-919-2312','https://robohash.org/doloreslaboreminima.png?size=50x50&set=set1','24 hour','Realigned client-server secured line',1699.1,296.371027,'1944-07-17 22:26:56'),(96,'Dodie','Pennetta','dpennetta2n@dmoz.org','Female','Green','Ntags','structural Analysis Engineer','Canada','Pembroke','2 Nevada Drive','758-893-1192','https://robohash.org/rationedoloresnecessitatibus.png?size=50x50&set=set1','intangible','Focused attitude-oriented knowledge user',966.34,465.394905,'1962-10-17 12:24:23'),(97,'Inglebert','Nursey','inursey2o@ask.com','Male','Teal','Dablist','Teacher','Canada','Ashcroft','49 Weeping Birch Alley','551-665-5811','https://robohash.org/dolorequisaliquid.png?size=50x50&set=set1','process improvement','Organic explicit adapter',1735.35,436.861474,'1965-01-03 03:49:33'),(98,'Andee','Emilien','aemilien2p@friendfeed.com','Female','Blue','Trilith','Community Outreach Specialist','Canada','Keswick','52187 Porter Trail','342-443-7090','https://robohash.org/voluptatumvoluptaseaque.png?size=50x50&set=set1','Total','Pre-emptive content-based policy',1775.77,788.122678,'1921-04-30 15:03:01')

DROP TABLE IF EXISTS [shippers];

CREATE TABLE shippers (
  [shipper_id] int NOT NULL,
  [name] varchar(100) NOT NULL,
  PRIMARY KEY ([shipper_id])
)  ;

INSERT INTO shippers VALUES (1,'Fedex'),(2,'Purolator'),(3,'Canada Post');



DROP TABLE IF EXISTS [vehicle_owners];

CREATE TABLE vehicle_owners (
  [id] int NOT NULL ,
  [vehicle_id] int DEFAULT NULL,
  [person_id] int DEFAULT NULL,
  PRIMARY KEY ([id])
)  ;

INSERT INTO vehicle_owners VALUES (1,995,480),(2,414,628),(3,898,607),(4,340,877),(5,367,204),(6,916,973),(7,115,656),(8,935,708),(9,736,558),(10,578,219),(11,360,144),(12,639,765),(13,909,251),(14,524,868),(15,772,254),(16,952,999),(17,142,708),(18,118,465),(19,971,461),(20,392,578),(21,712,828),(22,5,538),(23,676,765),(24,800,704),(25,123,498),(26,123,118),(27,223,759),(28,129,366),(29,445,125),(30,289,70),(31,481,199),(32,549,152),(33,109,88),(34,112,295),(35,140,815),(36,658,845),(37,253,725),(38,869,171),(39,246,717),(40,847,85),(41,882,159),(42,146,251),(43,818,337),(44,232,146),(45,35,735),(46,574,662),(47,588,953),(48,4,159),(49,781,430),(50,807,746),(51,308,301),(52,579,993),(53,231,172),(54,169,326),(55,123,637),(56,816,170),(57,400,490),(58,249,777),(59,139,363),(60,397,895),(61,286,742),(62,856,55),(63,705,360),(64,685,346),(65,673,329),(66,626,143),(67,833,740),(68,201,782),(69,309,199),(70,66,733),(71,470,149),(72,335,226),(73,127,956),(74,399,129),(75,446,844),(76,884,887),(77,783,256),(78,927,869),(79,563,211),(80,363,181),(81,817,544),(82,267,703),(83,715,466),(84,184,519),(85,46,670),(86,214,60),(87,656,102),(88,541,401),(89,380,696),(90,340,613),(91,47,393),(92,824,942),(93,241,376),(94,157,655),(95,808,73),(96,941,487),(97,613,605),(98,185,108),(99,984,601),(100,51,448),(101,91,107),(102,265,1),(103,209,43),(104,585,799),(105,243,812),(106,336,243),(107,205,294),(108,857,405),(109,451,41),(110,850,131),(111,102,118),(112,281,52),(113,417,928),(114,391,169),(115,671,849),(116,232,614),(117,373,22),(118,991,891),(119,483,738),(120,245,11),(121,316,546),(122,785,286),(123,74,510),(124,329,116),(125,593,616),(126,301,658),(127,385,953),(128,610,193),(129,130,74),(130,977,667),(131,403,15),(132,861,263),(133,729,859),(134,108,960),(135,480,518),(136,149,192),(137,511,980),(138,369,903),(139,411,344),(140,488,407),(141,572,639),(142,480,481),(143,967,392),(144,59,115),(145,399,650),(146,54,318),(147,430,195),(148,683,831),(149,107,39),(150,873,250),(151,631,404),(152,129,430),(153,763,525),(154,339,117),(155,568,488),(156,738,228),(157,924,939),(158,924,804),(159,249,829),(160,401,518),(161,385,373),(162,708,422),(163,986,664),(164,365,829),(165,54,779),(166,734,335),(167,473,359),(168,378,809),(169,914,146),(170,983,479),(171,445,790),(172,614,699),(173,652,166),(174,873,867),(175,717,982),(176,762,864),(177,36,583),(178,809,299),(179,65,427),(180,939,416),(181,263,68),(182,547,531),(183,18,492),(184,407,560),(185,581,223),(186,370,181),(187,796,439),(188,804,706),(189,120,478),(190,29,712),(191,475,238),(192,764,108),(193,245,900),(194,766,133),(195,362,413),(196,980,664),(197,377,894),(198,338,10),(199,31,127),(200,539,316),(201,964,872),(202,469,729),(203,240,9),(204,324,596),(205,6,243),(206,196,251),(207,665,573),(208,869,630),(209,541,817),(210,461,853),(211,884,861),(212,652,676),(213,425,95),(214,200,715),(215,977,742),(216,778,662),(217,978,904),(218,586,218),(219,329,993),(220,978,911),(221,623,382),(222,40,54),(223,148,577),(224,443,484),(225,91,1),(226,729,646),(227,43,277),(228,254,439),(229,434,853),(230,963,260),(231,406,251),(232,37,432),(233,50,953),(234,617,226),(235,278,711),(236,720,471),(237,195,558),(238,208,364),(239,197,890),(240,864,648),(241,648,296);


DROP TABLE IF EXISTS [vehicles];

CREATE TABLE vehicles (
  [vehicle_id] int DEFAULT NULL,
  [make] varchar(255) DEFAULT NULL,
  [model] varchar(255) DEFAULT NULL,
  [year] varchar(255) DEFAULT NULL
) ;



INSERT INTO vehicles VALUES (1,'Mercury','Grand Marquis','1986'),(2,'suzuki','XL-7','2001'),(3,'Mitsubishi','Lancer','2007'),(4,'Acura','NSX','1999'),(5,'Volvo','XC90','2007'),(6,'subaru','Outback','2010'),(7,'Ford','Aerostar','1995'),(8,'Lotus','Exige','2004'),(9,'Ford','F250','2010'),(10,'Rambler','Classic','1963'),(11,'Toyota','MR2','1995'),(12,'Infiniti','Q','1996'),(13,'Lincoln','LS','2002'),(14,'Chevrolet','Cruze','2011'),(15,'Ford','Ranger','2004'),(16,'Chevrolet','Impala SS','1995'),(17,'Volvo','s60','2012'),(18,'Buick','Terraza','2006'),(19,'Bentley','Azure','2010'),(20,'Pontiac','Gemini','1989'),(21,'Infiniti','M','2011'),(22,'Ford','E150','2012'),(23,'Nissan','Maxima','2003'),(24,'Nissan','sentra','1992'),(25,'Toyota','4Runner','2003'),(26,'suzuki','Grand Vitara','2001'),(27,'scion','xB','2005'),(28,'Mitsubishi','Eclipse','2011'),(29,'Infiniti','FX','2006'),(30,'Bentley','Continental GT','2009'),(31,'Honda','Civic','1988'),(32,'Mercedes-Benz','sLS-Class','2011'),(33,'Mitsubishi','Eclipse','2004'),(34,'GMC','2500 Club Coupe','1996'),(35,'Lincoln','Town Car','1986'),(36,'GMC','suburban 2500','1998'),(37,'Audi','90','1991'),(38,'Ford','Expedition','2000'),(39,'Volkswagen','New Beetle','2008'),(40,'Hummer','H1','2004'),(41,'BMW','X5','2000'),(42,'Audi','A8','2009'),(43,'GMC','sierra 2500','2012'),(44,'Mazda','Tribute','2001'),(45,'Lexus','ES','1991'),(46,'Honda','Element','2006'),(47,'Lexus','RX','2008'),(48,'Dodge','Caravan','1995'),(49,'Dodge','Ram 2500','2002'),(50,'Mazda','Miata MX-5','1995'),(51,'Mitsubishi','Montero','1999'),(52,'GMC','sonoma','2002'),(53,'Chevrolet','1500','1999'),(54,'Land Rover','Discovery','2012'),(55,'subaru','sVX','1992'),(56,'Plymouth','Neon','1998'),(57,'Ford','Ranger','1989'),(58,'saab','9-5','2011'),(59,'Honda','Civic','2010'),(60,'Chevrolet','Venture','2001'),(61,'Toyota','TundraMax','2007'),(62,'Ford','Thunderbird','1994'),(63,'BMW','M6','2010'),(64,'Mercury','Capri','1986'),(65,'Isuzu','Axiom','2003'),(66,'Volkswagen','Eurovan','1995'),(67,'studebaker','Avanti','1961'),(68,'GMC','sierra 2500HD','2006'),(69,'Pontiac','Grand Am','1992'),(70,'Mazda','MX-6','1990'),(71,'Dodge','Ram 3500','1994'),(72,'Volkswagen','Golf','1976'),(73,'Acura','CL','1998'),(74,'Ferrari','599 GTB Fiorano','2009'),(75,'Infiniti','QX56','2011'),(76,'BMW','5 Series','2006'),(77,'Mazda','MX-5','1991'),(78,'Hyundai','Veracruz','2009'),(79,'Ford','Mustang','1967'),(80,'Rolls-Royce','Phantom','2009'),(81,'Mazda','Miata MX-5','2004'),(82,'GMC','sierra 1500','2006'),(83,'Lexus','RX','2004'),(84,'Audi','A6','2005'),(85,'Land Rover','Range Rover','1989'),(86,'Ford','Flex','2013'),(87,'GMC','savana 3500','2008'),(88,'Toyota','Matrix','2009'),(89,'subaru','Baja','2004'),(90,'Ford','F-Series','2001'),(91,'Chevrolet','Monte Carlo','2002'),(92,'suzuki','Reno','2006'),(93,'Buick','Regal','1989'),(94,'BMW','7 Series','1994'),(95,'Mitsubishi','Galant','1994'),(96,'Dodge','Ram 3500','2003'),(97,'Mitsubishi','Raider','2006'),(98,'Chevrolet','Corvette','2009'),(99,'suzuki','swift','1988'),(100,'Hyundai','Veracruz','2009'),(101,'Ford','Thunderbird','1977'),(102,'GMC','1500','1995'),(103,'Mercedes-Benz','GL-Class','2012'),(104,'Dodge','Caravan','1998'),(105,'Toyota','Land Cruiser','2008'),(106,'Mercedes-Benz','M-Class','2000'),(107,'Lexus','LS','2009'),(108,'GMC','savana 3500','2008'),(109,'BMW','600','1958'),(110,'Pontiac','1000','1986'),(111,'subaru','Impreza','2001'),(112,'GMC','Yukon','1993'),(113,'Ford','Escort','1985'),(114,'Infiniti','G','2005'),(115,'Pontiac','Grand Prix','2000'),(116,'Nissan','Maxima','1999'),(117,'Audi','RS 4','2007'),(118,'Mercedes-Benz','R-Class','2006'),(119,'Toyota','Yaris','2012'),(120,'BMW','M5','2003'),(121,'Cadillac','XLR','2009'),(122,'Mazda','626','1994'),(123,'BMW','7 Series','1996'),(124,'Ford','E-Series','1993'),(125,'Audi','TT','2009'),(126,'Acura','CL','2001'),(127,'Chevrolet','silverado 1500','2006'),(128,'Lincoln','Town Car','2009'),(129,'Mazda','626','1987'),(130,'MINI','Cooper','2011'),(131,'Pontiac','sunfire','1997'),(132,'Ford','Crown Victoria','1996'),(133,'BMW','3 Series','2010'),(134,'Kia','sedona','2005'),(135,'Volkswagen','Tiguan','2010'),(136,'GMC','savana 2500','1999'),(137,'Cadillac','Escalade ESV','2005'),(138,'Lincoln','Town Car','1996'),(139,'Panoz','Esperante','2005'),(140,'Hyundai','XG300','2001'),(141,'Mitsubishi','Truck','1988'),(142,'Cadillac','Escalade','2003'),(143,'Dodge','Ram Van 3500','1998'),(144,'Maserati','Quattroporte','2009'),(145,'Acura','sLX','1996'),(146,'Mercedes-Benz','E-Class','1993'),(147,'Mitsubishi','Galant','2009'),(148,'Bentley','Azure','2008'),(149,'suzuki','XL-7','2005'),(150,'Ford','Crown Victoria','2002'),(151,'Ford','Taurus','2000'),(152,'Mercedes-Benz','E-Class','2004'),(153,'Dodge','Grand Caravan','1995'),(154,'Ford','Escape','2006'),(155,'Toyota','4Runner','1998'),(156,'GMC','sonoma Club','1992'),(157,'Audi','Coupe GT','1986'),(158,'Isuzu','i-370','2008'),(159,'Chevrolet','Corvette','1975'),(160,'Oldsmobile','Aurora','2002'),(161,'Chrysler','Grand Voyager','2000'),(162,'Dodge','D150','1992'),(163,'Ford','Taurus','1993'),(164,'Nissan','GT-R','2013'),(165,'saturn','Relay','2006'),(166,'Toyota','sequoia','2005'),(167,'Hyundai','Veloster','2012'),(168,'Hyundai','santa Fe','2001'),(169,'Pontiac','Trans Sport','1999'),(170,'Volkswagen','riolet','1993'),(171,'Alfa Romeo','spider','1993'),(172,'Dodge','Caravan','2009'),(173,'Kia','Rio','2005'),(174,'Acura','Legend','1993'),(175,'Chevrolet','G-Series G30','1995'),(176,'Acura','NSX','1992'),(177,'Lotus','Esprit','1996'),(178,'Audi','s8','2006'),(179,'Ford','E150','2009'),(180,'Toyota','Land Cruiser','1999'),(181,'Maybach','62','2007'),(182,'GMC','Yukon XL 1500','2009'),(183,'spyker','C8 Laviolette','2004'),(184,'Lincoln','Navigator','2008'),(185,'Dodge','Journey','2009'),(186,'Pontiac','sunfire','2001'),(187,'Ford','Econoline E250','1999'),(188,'Land Rover','Range Rover','1994'),(189,'Kia','Rio','2005'),(190,'Dodge','stratus','2004'),(191,'Chevrolet','G-Series 1500','1998'),(192,'Pontiac','Bonneville','2005'),(193,'Ford','Aerostar','1993'),(194,'Mitsubishi','Tredia','1985'),(195,'Volkswagen','Cabriolet','1991'),(196,'Lexus','GS','1994'),(197,'Dodge','Caravan','1999'),(198,'Mercury','sable','2005'),(199,'Mazda','RX-7','1988'),(200,'Kia','sorento','2004'),(201,'Dodge','Avenger','2010'),(202,'Chevrolet','3500','1997'),(203,'Audi','A5','2012'),(204,'Mercedes-Benz','G-Class','2004'),(205,'Chevrolet','Tahoe','1999'),(206,'Dodge','Ram Van 3500','2003'),(207,'Chevrolet','Corsica','1994'),(208,'Jeep','Wrangler','1999'),(209,'suzuki','Cultus','1985'),(210,'Ford','Aspire','1994'),(211,'Maybach','62','2012'),(212,'Kia','sedona','2010'),(213,'Mercury','Grand Marquis','2006'),(214,'Toyota','Tacoma Xtra','1995'),(215,'Jeep','Wrangler','2008'),(216,'Geo','Metro','1992'),(217,'Land Rover','Discovery','2010'),(218,'Ford','GT500','2009'),(219,'subaru','Impreza','2010'),(220,'Buick','Park Avenue','1997'),(221,'Ford','Crown Victoria','2006'),(222,'saturn','Ion','2007'),(223,'Ford','Crown Victoria','2006'),(224,'Lincoln','Continental','1988'),(225,'Lamborghini','Gallardo','2005'),(226,'Lexus','LX','2006'),(227,'Mazda','Tribute','2011'),(228,'Ford','F-Series','2001'),(229,'Nissan','300ZX','1996'),(230,'Chevrolet','silverado 2500','2008'),(231,'Nissan','Xterra','2011'),(232,'Corbin','sparrow','1999'),(233,'Land Rover','Range Rover','1995'),(234,'Cadillac','sRX','2006'),(235,'Chevrolet','Astro','2003'),(236,'GMC','savana 2500','2012'),(237,'Volkswagen','Golf','1987'),(238,'subaru','XT','1986'),(239,'suzuki','Forenza','2007'),(240,'Dodge','stratus','1997'),(241,'suzuki','Aerio','2005'),(242,'BMW','5 Series','2001'),(243,'saturn','s-Series','2002'),(244,'Mercedes-Benz','C-Class','2001'),(245,'Chevrolet','Express 3500','1999'),(246,'Chevrolet','Express 1500','2009'),(247,'Mitsubishi','Outlander','2007'),(248,'Lexus','LX','2005'),(249,'GMC','2500 Club Coupe','1998'),(250,'Mercedes-Benz','s-Class','1987'),(251,'Cadillac','Eldorado','2002'),(252,'Jensen','Interceptor','1966'),(253,'Mercedes-Benz','E-Class','2003'),(254,'Honda','Civic','1991'),(255,'Oldsmobile','Bravada','2003'),(256,'Lincoln','MKZ','2007'),(257,'Toyota','Celica','2003'),(258,'Pontiac','LeMans','1992'),(259,'Buick','Riviera','1991'),(260,'Lexus','LS Hybrid','2011'),(261,'Lexus','GS','2006'),(262,'Dodge','Ram 3500','2001'),(263,'Mercedes-Benz','C-Class','2003'),(264,'Chevrolet','sportvan G10','1993'),(265,'GMC','savana','2007'),(266,'Toyota','Tacoma','2005'),(267,'shelby','GT350','1969'),(268,'Audi','RS6','2003'),(269,'Mercury','Cougar','1986'),(270,'Eagle','Talon','1990'),(271,'Pontiac','Grand Prix','1966'),(272,'Pontiac','solstice','2009'),(273,'saab','9-7X','2006'),(274,'Dodge','Durango','2008'),(275,'suzuki','sJ','1987'),(276,'Chevrolet','Tahoe','2012'),(277,'Pontiac','Trans Sport','1994'),(278,'BMW','530','2007'),(279,'Dodge','Dakota','2009'),(280,'Porsche','911','2013'),(281,'GMC','Canyon','2006'),(282,'Audi','4000s','1985'),(283,'Mercedes-Benz','C-Class','2011'),(284,'Lexus','sC','2005'),(285,'Volvo','V70','2007'),(286,'Audi','s4','2001'),(287,'Audi','5000S','1984'),(288,'Porsche','911','1997'),(289,'Ford','Thunderbird','1987'),(290,'Honda','CR-X','1985'),(291,'Acura','RL','2004'),(292,'Volkswagen','rio','1998'),(293,'Mercury','Grand Marquis','2008'),(294,'Audi','TT','2006'),(295,'Land Rover','Range Rover','2001'),(296,'Chevrolet','Avalanche','2002'),(297,'Chevrolet','Aveo','2004'),(298,'Kia','sorento','2012'),(299,'Toyota','Land Cruiser','2000'),(300,'Audi','RS 6','2003'),(301,'Lexus','ES','1991'),(302,'Mercury','Tracer','1993'),(303,'Kia','spectra','2005'),(304,'Mercedes-Benz','sprinter 3500','2011'),(305,'Ford','Contour','1996'),(306,'BMW','M5','2000'),(307,'Ford','E250','2003'),(308,'Cadillac','sTS','2008'),(309,'Mazda','Millenia','2002'),(310,'Chevrolet','silverado 2500','2008'),(311,'Ford','Econoline E150','1992'),(312,'Mercedes-Benz','CLK-Class','2009'),(313,'GMC','Jimmy','2001'),(314,'Fillmore','Fillmore','1960'),(315,'Chevrolet','Tahoe','1998'),(316,'Mitsubishi','GTO','1995'),(317,'Mercury','Villager','1997'),(318,'Ford','Windstar','2004'),(319,'Hyundai','sonata','2001'),(320,'Eagle','Talon','1997'),(321,'Chevrolet','G-Series G10','1994'),(322,'Dodge','Charger','1968'),(323,'Hyundai','Accent','2004'),(324,'Toyota','Celica','2004'),(325,'Ford','Taurus','2003'),(326,'Jaguar','X-Type','2003'),(327,'Chevrolet','Express 1500','1997'),(328,'Nissan','Altima','2013'),(329,'Chevrolet','Astro','1999'),(330,'Acura','RL','1999'),(331,'Chevrolet','Uplander','2007'),(332,'Lincoln','Aviator','2005'),(333,'Mazda','MPV','1991'),(334,'Hyundai','Elantra','2011'),(335,'Maserati','spyder','1991'),(336,'Volkswagen','Golf','1987'),(337,'Mercedes-Benz','GLK-Class','2010'),(338,'Nissan','Altima','2010'),(339,'Mercedes-Benz','CL-Class','2007'),(340,'Acura','RL','2002'),(341,'scion','tC','2011'),(342,'Volkswagen','Cabriolet','1989'),(343,'Dodge','Grand Caravan','1994'),(344,'Audi','s6','2003'),(345,'Toyota','Prius','2010'),(346,'Lamborghini','Countach','1989'),(347,'Honda','Civic','1985'),(348,'Mitsubishi','Outlander','2008'),(349,'Volkswagen','R32','2008'),(350,'Ford','Aerostar','1994'),(351,'Buick','skylark','1997'),(352,'Ford','Excursion','2005'),(353,'Pontiac','Firefly','1990'),(354,'Chevrolet','silverado','2001'),(355,'Dodge','Intrepid','1998'),(356,'Dodge','Ram Van 3500','1998'),(357,'Nissan','Quest','2005'),(358,'Chevrolet','Blazer','1995'),(359,'Mitsubishi','Eclipse','2001'),(360,'suzuki','Daewoo Lacetti','2005'),(361,'Honda','Prelude','1986'),(362,'Land Rover','Range Rover','1986'),(363,'GMC','savana 1500','1999'),(364,'Land Rover','Defender 90','1995'),(365,'Land Rover','Discovery','2004'),(366,'Audi','s6','2008'),(367,'Toyota','Tundra','2012'),(368,'suzuki','sidekick','1997'),(369,'Toyota','Avalon','2008'),(370,'Maserati','Quattroporte','2005'),(371,'GMC','savana 2500','1998'),(372,'Toyota','Tacoma Xtra','2001'),(373,'subaru','Forester','2008'),(374,'Chevrolet','Corvette','1973'),(375,'Hyundai','Azera','2012'),(376,'GMC','Canyon','2012'),(377,'Volkswagen','Routan','2009'),(378,'Volkswagen','GTI','1993'),(379,'Pontiac','Grand Am','1992'),(380,'Mazda','B-Series','1987'),(381,'Ford','Mustang','1983'),(382,'Mazda','Mazda6','2003'),(383,'Mercury','sable','2005'),(384,'Lincoln','Continental Mark VII','1988'),(385,'Chevrolet','Tahoe','2013'),(386,'Ford','F350','2011'),(387,'Chevrolet','Cobalt SS','2007'),(388,'scion','xD','2010'),(389,'Ford','Bronco','1985'),(390,'BMW','7 Series','1994'),(391,'Infiniti','M','2009'),(392,'Mercury','sable','2003'),(393,'Chevrolet','G-Series G10','1993'),(394,'Pontiac','Firebird','1967'),(395,'Honda','Pilot','2004'),(396,'Nissan','Cube','2009'),(397,'Ford','Thunderbird','1988'),(398,'Mercedes-Benz','s-Class','1987'),(399,'Buick','Coachbuilder','1990'),(400,'Lamborghini','Diablo','1993'),(401,'Chrysler','200','2012'),(402,'Mercedes-Benz','500E','1993'),(403,'Chevrolet','suburban 1500','2008'),(404,'Chevrolet','Express 3500','2000'),(405,'Toyota','4Runner','2000'),(406,'Kia','sportage','2006'),(407,'Ford','F250','1997'),(408,'Ford','Focus','2001'),(409,'Dodge','Caravan','1996'),(410,'Maserati','Karif','1989'),(411,'Chevrolet','silverado 1500','2000'),(412,'Volkswagen','Eos','2011'),(413,'GMC','1500 Club Coupe','1998'),(414,'Dodge','Ram Wagon B350','1994'),(415,'Volkswagen','GTI','1986'),(416,'Mitsubishi','Montero','1994'),(417,'Lincoln','Town Car','2009'),(418,'Nissan','Quest','1999'),(419,'Pontiac','Vibe','2008'),(420,'Honda','Fit','2012'),(421,'BMW','7 Series','2010'),(422,'BMW','325','2005'),(423,'Oldsmobile','Cutlass Supreme','1994'),(424,'GMC','sierra 2500','2010'),(425,'Ford','Taurus','1994'),(426,'subaru','Forester','2001'),(427,'Nissan','Quest','2001'),(428,'Land Rover','Range Rover Sport','2006'),(429,'Lincoln','Navigator','2007'),(430,'GMC','sierra 1500','2001'),(431,'Pontiac','Firebird','1990'),(432,'Pontiac','Grand Am','1992'),(433,'Mazda','B-Series','2008'),(434,'saab','9-5','1999'),(435,'Chevrolet','Caprice','1977'),(436,'Mitsubishi','Excel','1988'),(437,'Volvo','C30','2013'),(438,'GMC','sierra 1500','2013'),(439,'GMC','sierra 2500','2007'),(440,'Mercedes-Benz','G-Class','2008'),(441,'Chevrolet','Astro','2004'),(442,'saab','9-3','2000'),(443,'BMW','M3','2001'),(444,'Toyota','Avalon','1996'),(445,'Mercedes-Benz','M-Class','2008'),(446,'Chevrolet','Colorado','2007'),(447,'Chevrolet','silverado 3500','2011'),(448,'GMC','sierra 3500','2009'),(449,'Mercedes-Benz','E-Class','2000'),(450,'Mazda','Mazdaspeed6','2006'),(451,'Mazda','MX-6','1995'),(452,'Jeep','Cherokee','1999'),(453,'Mercury','Montego','2005'),(454,'Aston Martin','V12 Vantage','2011'),(455,'Ford','Focus','2010'),(456,'Ford','Focus','2013'),(457,'Porsche','944','1990'),(458,'Volkswagen','Cabriolet','2002'),(459,'Ford','Econoline E250','1996'),(460,'Honda','Passport','1996'),(461,'subaru','Impreza','2006'),(462,'Acura','NSX','1998'),(463,'Ferrari','458 Italia','2011'),(464,'GMC','Yukon XL 2500','2000'),(465,'GMC','Yukon','2009'),(466,'GMC','Canyon','2006'),(467,'Chevrolet','G-Series 2500','1998'),(468,'Chevrolet','Avalanche','2011'),(469,'Acura','TSX','2011'),(470,'Lexus','LS','1996'),(471,'BMW','5 Series','2003'),(472,'Eagle','Talon','1998'),(473,'Pontiac','Grand Prix','2006'),(474,'Chevrolet','silverado 1500','2004'),(475,'Lexus','IS','2007'),(476,'Pontiac','Grand Prix','2005'),(477,'Chevrolet','Traverse','2010'),(478,'subaru','Impreza WRX','2011'),(479,'Mitsubishi','Outlander','2006'),(480,'Acura','Integra','1997'),(481,'BMW','530','2001'),(482,'Pontiac','Firebird','1985'),(483,'Chevrolet','suburban 1500','1996'),(484,'Pontiac','Bonneville','1964'),(485,'Volkswagen','GTI','2000'),(486,'Ford','ZX2','2003'),(487,'Ford','Mustang','2009'),(488,'Lexus','IS','2009'),(489,'Jeep','Patriot','2011'),(490,'Porsche','911','1990'),(491,'Jeep','Cherokee','1996'),(492,'Mitsubishi','Eclipse','1994'),(493,'Mercedes-Benz','sLR McLaren','2009'),(494,'Audi','5000S','1986'),(495,'Mazda','MX-5','1998'),(496,'suzuki','Cultus','1985'),(497,'suzuki','Grand Vitara','2008'),(498,'Volvo','XC70','2012'),(499,'Acura','MDX','2004'),(500,'Oldsmobile','LSS','1998'),(501,'Morgan','Aero 8','2007'),(502,'Mazda','Tribute','2009'),(503,'Jeep','Grand Cherokee','1998'),(504,'Ford','Taurus','1997'),(505,'Nissan','Quest','2007'),(506,'Kia','Rio','2002'),(507,'Mitsubishi','Diamante','2003'),(508,'Cadillac','CTS-V','2012'),(509,'Audi','A6','2010'),(510,'saturn','s-Series','1997'),(511,'Mercury','sable','1987'),(512,'GMC','savana 3500','1998'),(513,'Nissan','Altima','2003'),(514,'Lexus','sC','1994'),(515,'Chevrolet','Lumina APV','1992'),(516,'Volkswagen','GTI','2012'),(517,'Pontiac','sunbird','1991'),(518,'Mitsubishi','3000GT','1993'),(519,'Ford','Explorer','1997'),(520,'suzuki','XL-7','2008'),(521,'Ferrari','458 Italia','2011'),(522,'Toyota','Tacoma','2004'),(523,'Toyota','Tacoma Xtra','2004'),(524,'Ford','Explorer','2008'),(525,'Plymouth','Colt','1992'),(526,'Pontiac','Torrent','2009'),(527,'Infiniti','Q','2004'),(528,'Lamborghini','Diablo','1993'),(529,'Mitsubishi','sigma','1989'),(530,'Ford','Econoline E350','1992'),(531,'saturn','Ion','2005'),(532,'Ford','F150','1996'),(533,'Chrysler','New Yorker','1995'),(534,'Audi','A4','2010'),(535,'Toyota','Camry','1999'),(536,'Chrysler','PT Cruiser','2006'),(537,'BMW','X5','2007'),(538,'Hyundai','Elantra','2008'),(539,'Hyundai','Entourage','2008'),(540,'Chevrolet','APV','1993'),(541,'Mitsubishi','Challenger','1997'),(542,'BMW','525','2004'),(543,'Ferrari','458 Italia','2012'),(544,'Jaguar','XJ Series','2001'),(545,'Infiniti','G','1994'),(546,'Mitsubishi','Truck','1993'),(547,'Volkswagen','Jetta','2008'),(548,'Mazda','626','1984'),(549,'BMW','M3','1997'),(550,'Ford','Econoline E250','1993'),(551,'BMW','3 Series','1996'),(552,'Mitsubishi','Pajero','1988'),(553,'subaru','Tribeca','2012'),(554,'Aston Martin','V8 Vantage','2012'),(555,'Kia','sorento','2004'),(556,'Toyota','Prius','2011'),(557,'Mercury','Grand Marquis','1996'),(558,'Nissan','300ZX','1991'),(559,'Infiniti','QX','2002'),(560,'Mitsubishi','RVR','1994'),(561,'Chevrolet','Monte Carlo','1995'),(562,'Toyota','Corolla','2005'),(563,'Dodge','Avenger','2012'),(564,'Mitsubishi','Pajero','1986'),(565,'Toyota','Tacoma','2008'),(566,'Dodge','Ram 2500','1994'),(567,'Chevrolet','Blazer','2004'),(568,'GMC','Yukon','1993'),(569,'BMW','1 Series','2008'),(570,'GMC','2500','1999'),(571,'Chevrolet','suburban 2500','2012'),(572,'Mazda','MX-5','1996'),(573,'Chevrolet','silverado 3500','2009'),(574,'Volvo','s40','2007'),(575,'Mazda','Mazda3','2011'),(576,'Hyundai','Accent','2008'),(577,'Oldsmobile','silhouette','1999'),(578,'Dodge','Viper','2006'),(579,'Ford','Fiesta','2013'),(580,'Mazda','929','1988'),(581,'BMW','M3','2009'),(582,'Lamborghini','Countach','1985'),(583,'Pontiac','Grand Am','1994'),(584,'Lexus','IS','2011'),(585,'Pontiac','Firebird','1986'),(586,'Nissan','NX','1992'),(587,'Ford','Tempo','1993'),(588,'Lincoln','MKZ','2012'),(589,'Audi','RS 4','2007'),(590,'Ford','Focus','2009'),(591,'Jeep','Wrangler','2008'),(592,'Infiniti','G','1995'),(593,'Porsche','914','1970'),(594,'suzuki','Forenza','2005'),(595,'Ford','Expedition EL','2011'),(596,'Aston Martin','DBS','2008'),(597,'Buick','Century','2000'),(598,'shelby','GT500','1968'),(599,'Dodge','Grand Caravan','2012'),(600,'Toyota','solara','2005'),(601,'Volvo','V50','2010'),(602,'Chevrolet','G-Series G10','1994'),(603,'Dodge','Ram Van 3500','1997'),(604,'Chevrolet','suburban 1500','1999'),(605,'Daewoo','Nubira','2001'),(606,'Lincoln','Aviator','2004'),(607,'Mercury','Marauder','2004'),(608,'suzuki','Grand Vitara','2002'),(609,'subaru','Legacy','1996'),(610,'Volkswagen','Golf','1991'),(611,'Ford','Thunderbird','1994'),(612,'BMW','M5','2003'),(613,'Ford','Explorer Sport Trac','2006'),(614,'Buick','LeSabre','1987'),(615,'Mercedes-Benz','400E','1993'),(616,'Toyota','Prius','2006'),(617,'Hummer','H2','2004'),(618,'Mitsubishi','Montero','2004'),(619,'Volkswagen','Jetta','1984'),(620,'Dodge','Grand Caravan','2006'),(621,'Buick','Electra','1986'),(622,'Mercedes-Benz','E-Class','2002'),(623,'Volkswagen','Eurovan','2002'),(624,'GMC','Rally Wagon 2500','1993'),(625,'Nissan','Quest','2006'),(626,'Morgan','Aero 8','2009'),(627,'Maserati','430','1989'),(628,'Chevrolet','Tahoe','2013'),(629,'Jeep','Compass','2008'),(630,'Ford','E-Series','2004'),(631,'Pontiac','GTO','2005'),(632,'Chrysler','LHS','1999'),(633,'Kia','sportage','1999'),(634,'Mercedes-Benz','s-Class','2007'),(635,'Volkswagen','Phaeton','2005'),(636,'Hyundai','sonata','1997'),(637,'Kia','spectra','2009'),(638,'Mitsubishi','Mirage','1993'),(639,'Toyota','sequoia','2011'),(640,'Toyota','Tacoma','2002'),(641,'Chevrolet','Equinox','2005'),(642,'Ferrari','F430 Spider','2006'),(643,'Toyota','Corolla','2006'),(644,'Mazda','626','1985'),(645,'Mazda','626','1997'),(646,'Lotus','Elan','1992'),(647,'Acura','CL','1998'),(648,'Nissan','Maxima','2007'),(649,'Porsche','Cayman','2011'),(650,'Ford','Mustang','1985'),(651,'saturn','Ion','2006'),(652,'Buick','Rendezvous','2004'),(653,'Pontiac','6000','1991'),(654,'Audi','s6','2003'),(655,'subaru','Impreza','2008'),(656,'Buick','Regal','2012'),(657,'Chevrolet','Express 3500','2005'),(658,'Ford','Aerostar','1996'),(659,'Lexus','sC','2008'),(660,'Land Rover','LR4','2011'),(661,'Jaguar','s-Type','2005'),(662,'Mercedes-Benz','GLK-Class','2010'),(663,'Ford','E-Series','1991'),(664,'Lamborghini','Diablo','1996'),(665,'Toyota','solara','2002'),(666,'Mitsubishi','Outlander','2008'),(667,'Audi','A4','2012'),(668,'Mitsubishi','Outlander','2010'),(669,'Infiniti','QX','2008'),(670,'Nissan','stanza','1992'),(671,'Audi','TT','2003'),(672,'Infiniti','QX56','2010'),(673,'Volkswagen','Touareg','2009'),(674,'Chevrolet','Express 2500','2004'),(675,'Jeep','Grand Cherokee','2008'),(676,'Pontiac','Bonneville','1995'),(677,'Ford','F-Series','1986'),(678,'Cadillac','Escalade EXT','2003'),(679,'Nissan','Armada','2005'),(680,'Hyundai','Equus','2012'),(681,'Toyota','Land Cruiser','1993'),(682,'Dodge','Dakota Club','2003'),(683,'Ford','Focus','2005'),(684,'Pontiac','LeMans','1968'),(685,'Buick','Verano','2012'),(686,'Lexus','ES','1989'),(687,'Isuzu','Amigo','2000'),(688,'Nissan','Versa','2010'),(689,'Lexus','GX','2010'),(690,'Ford','Crown Victoria','2007'),(691,'Ford','Explorer','2006'),(692,'Bentley','Arnage','2005'),(693,'Lexus','ES','1999'),(694,'Ford','Ranger','2004'),(695,'Volkswagen','Golf','1986'),(696,'Bentley','Arnage','2007'),(697,'suzuki','sJ','1995'),(698,'Chevrolet','Express 1500','1999'),(699,'GMC','suburban 1500','1995'),(700,'Mercedes-Benz','300D','1992'),(701,'Toyota','Avalon','2002'),(702,'Mitsubishi','GTO','1997'),(703,'Chrysler','Pacifica','2004'),(704,'Toyota','Celica','1983'),(705,'Mazda','Mazda5','2009'),(706,'Mitsubishi','Eclipse','1995'),(707,'Volkswagen','GTI','1993'),(708,'Mazda','CX-7','2011'),(709,'Audi','s4','2004'),(710,'Pontiac','Grand Prix','1990'),(711,'Porsche','928','1989'),(712,'Porsche','928','1987'),(713,'Mercury','Capri','1992'),(714,'Lexus','IS-F','2011'),(715,'Ford','Fiesta','2013'),(716,'Infiniti','Q','2000'),(717,'Ford','Crown Victoria','1993'),(718,'Lamborghini','Diablo','2001'),(719,'Ford','Falcon','1967'),(720,'Chevrolet','HHR','2008'),(721,'Mercedes-Benz','400E','1993'),(722,'Porsche','911','2013'),(723,'Honda','Crosstour','2012'),(724,'GMC','Vandura G3500','1996'),(725,'Mitsubishi','Mighty Max Macro','1993'),(726,'Lincoln','MKS','2010'),(727,'Ford','E150','2005'),(728,'Volkswagen','Cabriolet','1995'),(729,'Chevrolet','Impala','2011'),(730,'Toyota','Celica','1998'),(731,'Toyota','RAV4','1997'),(732,'Ford','F-Series','1990'),(733,'Cadillac','sTS-V','2009'),(734,'GMC','sierra 2500','2003'),(735,'BMW','M3','2012'),(736,'Lexus','LS','1997'),(737,'Mercury','Grand Marquis','1985'),(738,'Audi','s5','2011'),(739,'Chrysler','Prowler','2001'),(740,'Pontiac','6000','1984'),(741,'Lexus','sC','2009'),(742,'Toyota','Tacoma','1997'),(743,'Nissan','Pathfinder','1994'),(744,'Plymouth','Volare','1976'),(745,'GMC','suburban 1500','1992'),(746,'Kia','sportage','1997'),(747,'Pontiac','Bonneville','1992'),(748,'BMW','530','2003'),(749,'subaru','Baja','2006'),(750,'Oldsmobile','Cutlass','1997'),(751,'Buick','Regal','2011'),(752,'Chevrolet','suburban 1500','2002'),(753,'Mitsubishi','3000GT','1996'),(754,'Audi','RS 6','2003'),(755,'Acura','Integra','1995'),(756,'Lexus','IS','2005'),(757,'Ford','Taurus','1986'),(758,'Chevrolet','Lumina','1994'),(759,'Mazda','Millenia','2001'),(760,'Ford','F-Series','2007'),(761,'Toyota','Camry','2003'),(762,'GMC','Yukon','1992'),(763,'Cadillac','Eldorado','2002'),(764,'Oldsmobile','98','1992'),(765,'Ford','Excursion','2002'),(766,'Audi','A6','2003'),(767,'Mercury','Cougar','1970'),(768,'Nissan','Quest','1999'),(769,'Ford','Taurus','2001'),(770,'Nissan','Frontier','2007'),(771,'Hummer','H3T','2009'),(772,'Acura','Legend','1993'),(773,'Nissan','GT-R','2013'),(774,'Mercedes-Benz','s-Class','1994'),(775,'Pontiac','Grand Prix','1994'),(776,'Ford','F-Series Super Duty','2010'),(777,'Toyota','Yaris','2009'),(778,'Ford','Bronco','1993'),(779,'Audi','s4','1993'),(780,'BMW','7 Series','2002'),(781,'Pontiac','sunfire','2000'),(782,'Mercedes-Benz','sL-Class','1986'),(783,'Land Rover','Range Rover','1994'),(784,'Chevrolet','silverado','2011'),(785,'Lexus','IS F','2008'),(786,'Chevrolet','suburban 2500','1992'),(787,'Chevrolet','Express 2500','2009'),(788,'Ford','Aerostar','1988'),(789,'Acura','MDX','2005'),(790,'suzuki','swift','2000'),(791,'Pontiac','Trans Sport','1995'),(792,'Oldsmobile','98','1996'),(793,'Buick','skyhawk','1988'),(794,'Chevrolet','Volt','2012'),(795,'Lotus','Elise','2006'),(796,'BMW','X5','2012'),(797,'Ford','Explorer Sport Trac','2008'),(798,'Land Rover','Freelander','2002'),(799,'Infiniti','I','2003'),(800,'GMC','Yukon','2001'),(801,'Oldsmobile','88','1998'),(802,'Buick','Terraza','2005'),(803,'GMC','sierra 1500','2002'),(804,'Pontiac','Firebird','1995'),(805,'Pontiac','sunfire','2001'),(806,'Honda','Accord','1992'),(807,'Chevrolet','silverado 2500','2002'),(808,'Nissan','Altima','2011'),(809,'Volkswagen','Passat','1992'),(810,'Toyota','Camry','1992'),(811,'Ford','F350','2010'),(812,'Acura','RDX','2007'),(813,'Plymouth','Neon','1996'),(814,'Oldsmobile','98','1996'),(815,'Chevrolet','G-Series 1500','1996'),(816,'Mitsubishi','L300','1988'),(817,'Pontiac','sunbird','1986'),(818,'Infiniti','QX','2004'),(819,'Kia','Rio','2009'),(820,'Ford','Tempo','1991'),(821,'GMC','1500','1994'),(822,'Chevrolet','Corvette','2001'),(823,'Dodge','Ram 3500','1995'),(824,'Buick','Electra','1990'),(825,'Bentley','Continental','2011'),(826,'Mitsubishi','Challenger','2003'),(827,'GMC','savana 3500','1996'),(828,'Mazda','Protege','1996'),(829,'Dodge','Ram 2500','2000'),(830,'Buick','Coachbuilder','1993'),(831,'Hyundai','Veloster','2012'),(832,'Alfa Romeo','spider','1992'),(833,'suzuki','sJ','1988'),(834,'Ferrari','458 Italia','2011'),(835,'Nissan','sentra','1992'),(836,'Honda','Insight','2000'),(837,'subaru','sVX','1995'),(838,'Mercury','Villager','2001'),(839,'Isuzu','i-Series','2007'),(840,'Ford','Thunderbird','1996'),(841,'Acura','Integra','1997'),(842,'Maserati','Coupe','2005'),(843,'Audi','TT','2001'),(844,'spyker','C8 Spyder Wide Body','2004'),(845,'Ford','Mustang','1966'),(846,'Ford','Thunderbird','2004'),(847,'Hummer','H2','2006'),(848,'Nissan','Xterra','2012'),(849,'subaru','Loyale','1992'),(850,'Porsche','944','1984'),(851,'Kia','Optima','2004'),(852,'Nissan','240SX','1997'),(853,'Acura','RDX','2009'),(854,'Ford','Excursion','2001'),(855,'Maserati','228','1990'),(856,'Volkswagen','Jetta','1989'),(857,'Ford','Ranger','2008'),(858,'suzuki','sJ','1994'),(859,'Isuzu','Rodeo','1996'),(860,'Nissan','sentra','1997'),(861,'BMW','M','2000'),(862,'Mitsubishi','Mirage','1985'),(863,'Ford','GT','2006'),(864,'Toyota','Prius','2008'),(865,'Land Rover','Freelander','2001'),(866,'Audi','90','1988'),(867,'subaru','Outback','2010'),(868,'Dodge','Neon','1997'),(869,'suzuki','Daewoo Lacetti','2007'),(870,'Jaguar','XJ','2012'),(871,'Ford','F150','1984'),(872,'Chevrolet','Cavalier','2001'),(873,'Land Rover','Range Rover','2007'),(874,'Mitsubishi','Chariot','1993'),(875,'Porsche','Carrera GT','2004'),(876,'Chevrolet','Malibu','2001'),(877,'Pontiac','GTO','1971'),(878,'Ford','Taurus','2001'),(879,'Lexus','sC','1997'),(880,'Mercedes-Benz','E-Class','1997'),(881,'Mercedes-Benz','E-Class','2000'),(882,'Mitsubishi','Galant','2000'),(883,'Cadillac','Eldorado','1992'),(884,'Porsche','Boxster','2005'),(885,'Jaguar','XK','2011'),(886,'Ford','Galaxie','1966'),(887,'Mercedes-Benz','s-Class','2010'),(888,'Honda','Prelude','1998'),(889,'Volkswagen','CC','2011'),(890,'Chevrolet','Malibu','1998'),(891,'Lexus','LX','2008'),(892,'Mercury','Topaz','1986'),(893,'Ford','Escort','1985'),(894,'Ford','F350','2004'),(895,'Nissan','sentra','2006'),(896,'Buick','Regal','2003'),(897,'Plymouth','Laser','1994'),(898,'Chevrolet','Astro','1999'),(899,'Nissan','370Z','2009'),(900,'Lexus','GX','2005'),(901,'Maybach','62','2011'),(902,'Chrysler','300','2005'),(903,'Ford','Escape','2007'),(904,'Ford','Mustang','1964'),(905,'Hyundai','scoupe','1994'),(906,'GMC','3500 Club Coupe','1994'),(907,'Volvo','s80','2008'),(908,'Porsche','928','1994'),(909,'BMW','7 Series','2002'),(910,'Volkswagen','Golf','1984'),(911,'Lincoln','Town Car','1996'),(912,'Chrysler','300','2006'),(913,'subaru','sVX','1997'),(914,'Toyota','Land Cruiser','1994'),(915,'Mazda','Mazda3','2012'),(916,'Ford','Mustang','1993'),(917,'suzuki','Grand Vitara','2006'),(918,'BMW','745','2002'),(919,'Mitsubishi','Mirage','1992'),(920,'Chevrolet','suburban 1500','2001'),(921,'Ford','F150','2012'),(922,'Chevrolet','Express 1500','2001'),(923,'Ford','Freestyle','2006'),(924,'Kia','sportage','1996'),(925,'Lotus','Elise','2011'),(926,'Mercedes-Benz','sL-Class','2005'),(927,'Jaguar','XK','2008'),(928,'GMC','1500','1992'),(929,'Hummer','H1','1994'),(930,'GMC','Yukon','1998'),(931,'Ford','Mustang','1989'),(932,'Lexus','LS Hybrid','2011'),(933,'Chrysler','Town & Country','2011'),(934,'subaru','Forester','1999'),(935,'Mitsubishi','Montero','2002'),(936,'Acura','MDX','2006'),(937,'suzuki','Daewoo Lacetti','2007'),(938,'Ford','E-Series','2012'),(939,'GMC','3500','1999'),(940,'Kia','sephia','1999'),(941,'Audi','TT','2008'),(942,'Aston Martin','DBS','2012'),(943,'Ford','Mustang','1994'),(944,'Chevrolet','TrailBlazer','2003'),(945,'Toyota','Corolla','1994'),(946,'GMC','sierra 2500','2009'),(947,'Dodge','D150','1992'),(948,'Chevrolet','silverado 2500','2010'),(949,'Ford','Thunderbird','1987'),(950,'GMC','sierra','2010'),(951,'Chevrolet','HHR Panel','2006'),(952,'Mitsubishi','Galant','1995'),(953,'Mercedes-Benz','G-Class','2003'),(954,'Mazda','Familia','1992'),(955,'Volkswagen','Touareg','2006'),(956,'Mitsubishi','Outlander','2008'),(957,'Toyota','Highlander','2012'),(958,'Rolls-Royce','Phantom','2010'),(959,'Hyundai','Tucson','2011'),(960,'Honda','Odyssey','2000'),(961,'GMC','Acadia','2011'),(962,'Toyota','Yaris','2009'),(963,'Volkswagen','Golf','1988'),(964,'Nissan','GT-R','2011'),(965,'Hyundai','Accent','2001'),(966,'Geo','storm','1992'),(967,'GMC','1500','1993'),(968,'Mazda','MX-3','1995'),(969,'Audi','s8','2002'),(970,'Infiniti','Q','2002'),(971,'Buick','skylark','1995'),(972,'Mitsubishi','Precis','1993'),(973,'Honda','Accord','2006'),(974,'Honda','CR-V','2009'),(975,'Volkswagen','Golf','1986'),(976,'Dodge','Ram Van 2500','2002'),(977,'Mitsubishi','Expo LRV','1996'),(978,'Isuzu','Amigo','1999'),(979,'Toyota','sienna','2004'),(980,'GMC','Yukon','1995'),(981,'BMW','X3','2011'),(982,'Mercury','Grand Marquis','2002'),(983,'BMW','530','2007'),(984,'GMC','Yukon','1998'),(985,'GMC','savana 1500','2002'),(986,'Mercedes-Benz','E-Class','1987'),(987,'subaru','Impreza','2011'),(988,'Plymouth','Neon','2001'),(989,'Chevrolet','Tahoe','1998'),(990,'Mazda','RX-8','2008'),(991,'Chevrolet','Impala','2003'),(992,'Jeep','Grand Cherokee','2002'),(993,'Hyundai','sonata','2004'),(994,'Mazda','626','2001'),(995,'Mitsubishi','Eclipse','2007'),(996,'Dodge','Dakota Club','2007'),(997,'Toyota','Celica','1993'),(998,'Acura','NSX','2000'),(999,'Chevrolet','Corvette','2009'),(1000,'Dodge','Ram','1994');
